model,checkpoint_path,checkpoint_step,benchmark,pair_scope,target,differing_fields,count,mean,median,q10,q25,q75,q90,min,max
default_wag,results/model_checkpoints/20260715_195803_seed1337_20005214_best_step1500.pt,1500,nc_voters_shared,all_pairs,False,"givenname, surname, suburb, postcode",317210,0.03841689,0.0006914809,7.5271137e-06,6.1022296e-05,0.008581327,0.07860711,5.534468e-10,0.9969547
default_wag,results/model_checkpoints/20260715_195803_seed1337_20005214_best_step1500.pt,1500,nc_voters_shared,all_pairs,False,"givenname, surname, postcode",2658,0.30729854,0.122740485,0.0017223697,0.013277672,0.54620445,0.92205554,1.5815558e-05,0.99900925
default_wag,results/model_checkpoints/20260715_195803_seed1337_20005214_best_step1500.pt,1500,nc_voters_shared,all_pairs,False,"surname, suburb, postcode",1345,0.31328923,0.17607407,0.0011833305,0.012766891,0.60145974,0.900374,1.3823416e-05,0.99986315
default_wag,results/model_checkpoints/20260715_195803_seed1337_20005214_best_step1500.pt,1500,nc_voters_shared,all_pairs,False,"givenname, surname",710,0.4140551,0.24296299,0.0016784638,0.010903547,0.79520875,0.9826927,0.00018108662,0.9988696
default_wag,results/model_checkpoints/20260715_195803_seed1337_20005214_best_step1500.pt,1500,nc_voters_shared,all_pairs,False,"givenname, suburb, postcode",186,0.21019536,0.08632938,0.0002796849,0.0037997651,0.37675545,0.58743334,8.2855404e-05,0.907838
default_wag,results/model_checkpoints/20260715_195803_seed1337_20005214_best_step1500.pt,1500,nc_voters_shared,all_pairs,False,"givenname, surname, suburb",131,0.25522187,0.10775021,0.00020077241,0.0043216255,0.44924644,0.77032894,2.375165e-05,0.9979818
default_wag,results/model_checkpoints/20260715_195803_seed1337_20005214_best_step1500.pt,1500,nc_voters_shared,all_pairs,False,"surname, postcode",15,0.99894243,0.99870574,0.99870574,0.99870574,0.99870574,0.99988914,0.99870574,0.99988914
default_wag,results/model_checkpoints/20260715_195803_seed1337_20005214_best_step1500.pt,1500,nc_voters_shared,all_pairs,False,surname,3,0.99838907,0.9983891,0.9983891,0.9983891,0.9983891,0.9983891,0.9983891,0.9983891
default_wag,results/model_checkpoints/20260715_195803_seed1337_20005214_best_step1500.pt,1500,nc_voters_shared,all_pairs,True,<none>,855,0.9999888,0.9999888,0.9999888,0.9999888,0.9999888,0.9999888,0.9999888,0.9999888
default_wag,results/model_checkpoints/20260715_195803_seed1337_20005214_best_step1500.pt,1500,nc_voters_shared,all_pairs,True,"suburb, postcode",105,0.996402,0.99958473,0.9897976,0.9969438,0.999749,0.9999286,0.95066595,0.99994516
default_wag,results/model_checkpoints/20260715_195803_seed1337_20005214_best_step1500.pt,1500,nc_voters_shared,all_pairs,True,"givenname, surname",84,0.9157651,0.9846955,0.7370226,0.91426307,0.9958366,0.99851364,0.35634568,0.999926
default_wag,results/model_checkpoints/20260715_195803_seed1337_20005214_best_step1500.pt,1500,nc_voters_shared,all_pairs,True,"surname, postcode",73,0.995479,0.9992268,0.9882925,0.99284935,0.9997019,0.9999194,0.95720667,0.9999572
default_wag,results/model_checkpoints/20260715_195803_seed1337_20005214_best_step1500.pt,1500,nc_voters_shared,all_pairs,True,"givenname, suburb",72,0.956075,0.9942994,0.85106695,0.9662557,0.9978701,0.9996326,0.7457674,0.9998989
default_wag,results/model_checkpoints/20260715_195803_seed1337_20005214_best_step1500.pt,1500,nc_voters_shared,all_pairs,True,"givenname, postcode",69,0.9834296,0.9983908,0.9523798,0.993707,0.9997775,0.99982655,0.84612495,0.9999546
default_wag,results/model_checkpoints/20260715_195803_seed1337_20005214_best_step1500.pt,1500,nc_voters_shared,all_pairs,True,"surname, suburb",48,0.9480246,0.9973076,0.9156294,0.97298175,0.99937075,0.99978924,0.4739439,0.9999869
default_wag,results/model_checkpoints/20260715_195803_seed1337_20005214_best_step1500.pt,1500,nc_voters_shared,all_pairs,True,"givenname, surname, postcode",13,0.90460575,0.9922415,0.76045066,0.8762762,0.99500436,0.99909085,0.39274222,0.9998503
default_wag,results/model_checkpoints/20260715_195803_seed1337_20005214_best_step1500.pt,1500,nc_voters_shared,all_pairs,True,"givenname, suburb, postcode",11,0.98622763,0.99825794,0.9695021,0.9883951,0.9994763,0.99975854,0.9090246,0.99976724
default_wag,results/model_checkpoints/20260715_195803_seed1337_20005214_best_step1500.pt,1500,nc_voters_shared,all_pairs,True,"givenname, surname, suburb, postcode",9,0.623101,0.76303154,0.016654272,0.59582156,0.900219,0.9486901,0.014065048,0.9993331
default_wag,results/model_checkpoints/20260715_195803_seed1337_20005214_best_step1500.pt,1500,nc_voters_shared,all_pairs,True,"surname, suburb, postcode",7,0.9531603,0.9725854,0.8984379,0.9470272,0.98685974,0.98815596,0.8435405,0.98822206
default_wag,results/model_checkpoints/20260715_195803_seed1337_20005214_best_step1500.pt,1500,nc_voters_shared,all_pairs,True,"givenname, surname, suburb",5,0.71769655,0.8892748,0.3896716,0.5483232,0.89050484,0.94208765,0.28390384,0.9764762
default_wag,results/model_checkpoints/20260715_195803_seed1337_20005214_best_step1500.pt,1500,nc_voters_shared,all_pairs,True,suburb,1,0.99963236,0.99963236,0.99963236,0.99963236,0.99963236,0.99963236,0.99963236,0.99963236
default_wag,results/model_checkpoints/20260715_195803_seed1337_20005214_best_step1500.pt,1500,nc_voters_changed,all_pairs,False,"givenname, surname, suburb, postcode",351033,0.061065033,0.0016184049,1.27400635e-05,0.00011658847,0.022509232,0.17721562,2.6166582e-09,0.99962556
default_wag,results/model_checkpoints/20260715_195803_seed1337_20005214_best_step1500.pt,1500,nc_voters_changed,all_pairs,False,"givenname, surname, postcode",3060,0.41553357,0.28050044,0.0017392972,0.026561294,0.87558824,0.97978294,3.2984012e-06,0.9997559
default_wag,results/model_checkpoints/20260715_195803_seed1337_20005214_best_step1500.pt,1500,nc_voters_changed,all_pairs,False,"surname, suburb, postcode",812,0.4205744,0.36320233,0.0017457611,0.049612682,0.8113247,0.9388856,0.00018721797,0.9987469
default_wag,results/model_checkpoints/20260715_195803_seed1337_20005214_best_step1500.pt,1500,nc_voters_changed,all_pairs,False,"givenname, surname",619,0.4954223,0.4807039,0.009716194,0.073802166,0.9304849,0.9827586,9.77274e-06,0.99958545
default_wag,results/model_checkpoints/20260715_195803_seed1337_20005214_best_step1500.pt,1500,nc_voters_changed,all_pairs,False,"givenname, suburb, postcode",226,0.3115379,0.28620642,0.00016955734,0.0022170986,0.55847305,0.7583004,4.808351e-06,0.99368966
default_wag,results/model_checkpoints/20260715_195803_seed1337_20005214_best_step1500.pt,1500,nc_voters_changed,all_pairs,False,"givenname, surname, suburb",207,0.4017243,0.3447488,0.007091323,0.10395787,0.68350744,0.9480137,1.9792025e-05,0.9972107
default_wag,results/model_checkpoints/20260715_195803_seed1337_20005214_best_step1500.pt,1500,nc_voters_changed,all_pairs,True,<none>,652,0.9999888,0.9999888,0.9999888,0.9999888,0.9999888,0.9999888,0.9999888,0.9999888
default_wag,results/model_checkpoints/20260715_195803_seed1337_20005214_best_step1500.pt,1500,nc_voters_changed,all_pairs,True,"givenname, surname",168,0.96829534,0.99775827,0.9537928,0.99286586,0.9991479,0.9995646,0.34161383,0.9999579
default_wag,results/model_checkpoints/20260715_195803_seed1337_20005214_best_step1500.pt,1500,nc_voters_changed,all_pairs,True,"givenname, suburb",142,0.9406748,0.9883485,0.8303581,0.9539254,0.9975897,0.99948174,0.10889654,0.99981123
default_wag,results/model_checkpoints/20260715_195803_seed1337_20005214_best_step1500.pt,1500,nc_voters_changed,all_pairs,True,"givenname, postcode",130,0.95378935,0.9987046,0.9739735,0.9851458,0.99934214,0.9997008,0.15128712,0.9999676
default_wag,results/model_checkpoints/20260715_195803_seed1337_20005214_best_step1500.pt,1500,nc_voters_changed,all_pairs,True,"suburb, postcode",109,0.99764276,0.99963367,0.9954496,0.9987839,0.99981636,0.99990666,0.970305,0.99998426
default_wag,results/model_checkpoints/20260715_195803_seed1337_20005214_best_step1500.pt,1500,nc_voters_changed,all_pairs,True,"surname, postcode",109,0.9882402,0.9994561,0.9717545,0.98920923,0.99991465,0.99996424,0.8099211,0.9999833
default_wag,results/model_checkpoints/20260715_195803_seed1337_20005214_best_step1500.pt,1500,nc_voters_changed,all_pairs,True,"surname, suburb",105,0.94303495,0.999054,0.8825706,0.9948025,0.9995197,0.9997615,0.048826188,0.99994755
default_wag,results/model_checkpoints/20260715_195803_seed1337_20005214_best_step1500.pt,1500,nc_voters_changed,all_pairs,True,"givenname, suburb, postcode",15,0.8847851,0.9647322,0.7720847,0.89244866,0.9860284,0.9964959,0.1989284,0.9999362
default_wag,results/model_checkpoints/20260715_195803_seed1337_20005214_best_step1500.pt,1500,nc_voters_changed,all_pairs,True,"surname, suburb, postcode",14,0.97931725,0.99510884,0.9620098,0.9811468,0.99867404,0.9993249,0.8498848,0.9998398
default_wag,results/model_checkpoints/20260715_195803_seed1337_20005214_best_step1500.pt,1500,nc_voters_changed,all_pairs,True,"givenname, surname, suburb, postcode",13,0.7148213,0.96116763,0.14398427,0.5246048,0.9942439,0.9953869,0.02485028,0.99847764
default_wag,results/model_checkpoints/20260715_195803_seed1337_20005214_best_step1500.pt,1500,nc_voters_changed,all_pairs,True,"givenname, surname, suburb",11,0.9014021,0.9904993,0.6801008,0.86255723,0.99465215,0.9982002,0.5589128,0.9987417
default_wag,results/model_checkpoints/20260715_195803_seed1337_20005214_best_step1500.pt,1500,nc_voters_changed,all_pairs,True,"givenname, surname, postcode",8,0.8976981,0.9723542,0.7163277,0.8973894,0.9979706,0.9995579,0.5059946,0.99977964
default_wag,results/model_checkpoints/20260715_195803_seed1337_20005214_best_step1500.pt,1500,nc_voters_changed,all_pairs,True,surname,2,0.9999521,0.9999521,0.99994653,0.9999486,0.99995553,0.9999576,0.99994516,0.999959
default_wag,results/model_checkpoints/20260715_195803_seed1337_20005214_best_step1500.pt,1500,bpid_matching_balanced,all_pairs,False,"fullname, email, phone, addr, dob",1691237,0.019495431,0.00010964494,5.077854e-07,5.628061e-06,0.002406992,0.028116036,7.188059e-12,0.9991497
default_wag,results/model_checkpoints/20260715_195803_seed1337_20005214_best_step1500.pt,1500,bpid_matching_balanced,all_pairs,False,"fullname, phone, addr, dob",96877,0.020746443,6.076221e-05,5.387557e-07,4.4183003e-06,0.0012182618,0.02174371,3.169587e-10,0.9966108
default_wag,results/model_checkpoints/20260715_195803_seed1337_20005214_best_step1500.pt,1500,bpid_matching_balanced,all_pairs,False,"fullname, email, phone, dob",57684,0.032466196,0.00013068866,8.807856e-07,8.266779e-06,0.0028496743,0.0512032,1.2321304e-10,0.9972873
default_wag,results/model_checkpoints/20260715_195803_seed1337_20005214_best_step1500.pt,1500,bpid_matching_balanced,all_pairs,False,"email, phone, addr, dob",53770,0.019601917,4.4799643e-05,5.144036e-07,3.767108e-06,0.00083308935,0.016250903,8.1047884e-11,0.9946524
default_wag,results/model_checkpoints/20260715_195803_seed1337_20005214_best_step1500.pt,1500,bpid_matching_balanced,all_pairs,False,"fullname, email, phone, addr",51757,0.02400955,0.00042190013,5.0172e-06,3.9561062e-05,0.0047342815,0.03811641,8.529596e-10,0.99582267
default_wag,results/model_checkpoints/20260715_195803_seed1337_20005214_best_step1500.pt,1500,bpid_matching_balanced,all_pairs,False,"fullname, email, addr, dob",42121,0.02693958,0.000104160965,6.5909967e-07,6.547914e-06,0.0023202843,0.038241826,4.7984217e-11,0.99707544
default_wag,results/model_checkpoints/20260715_195803_seed1337_20005214_best_step1500.pt,1500,bpid_matching_balanced,all_pairs,False,"phone, addr, dob",2217,0.039603528,0.0001432402,2.4005142e-06,1.4673304e-05,0.0020743161,0.0464643,7.473641e-09,0.99254566
default_wag,results/model_checkpoints/20260715_195803_seed1337_20005214_best_step1500.pt,1500,bpid_matching_balanced,all_pairs,False,"fullname, phone, addr",504,0.07561443,0.003535519,4.8406473e-05,0.0003602766,0.035483472,0.2549993,4.7055654e-08,0.9840189
default_wag,results/model_checkpoints/20260715_195803_seed1337_20005214_best_step1500.pt,1500,bpid_matching_balanced,all_pairs,False,"email, phone, dob",472,0.09005624,0.00038599208,3.5544365e-06,2.3726037e-05,0.018383961,0.38142627,1.874305e-09,0.9985415
default_wag,results/model_checkpoints/20260715_195803_seed1337_20005214_best_step1500.pt,1500,bpid_matching_balanced,all_pairs,False,"fullname, email, dob",467,0.09536043,0.001102286,6.869949e-06,8.673857e-05,0.037300717,0.39237744,5.5104678e-08,0.99966085
default_wag,results/model_checkpoints/20260715_195803_seed1337_20005214_best_step1500.pt,1500,bpid_matching_balanced,all_pairs,False,"fullname, email, phone",444,0.0674799,0.0039035352,2.2464183e-05,0.00023182496,0.038162664,0.18944313,3.6080817e-08,0.9985273
default_wag,results/model_checkpoints/20260715_195803_seed1337_20005214_best_step1500.pt,1500,bpid_matching_balanced,all_pairs,False,"fullname, phone, dob",278,0.023022078,0.0005000633,5.9506883e-06,3.8972314e-05,0.005305243,0.032744918,4.6832966e-08,0.9911186
default_wag,results/model_checkpoints/20260715_195803_seed1337_20005214_best_step1500.pt,1500,bpid_matching_balanced,all_pairs,False,"fullname, addr, dob",191,0.015006112,0.00012813715,3.9065567e-06,2.14188e-05,0.0017144072,0.010053042,2.113538e-08,0.9996563
default_wag,results/model_checkpoints/20260715_195803_seed1337_20005214_best_step1500.pt,1500,bpid_matching_balanced,all_pairs,False,"email, phone, addr",166,0.10243488,0.00267581,4.060578e-05,0.00049214775,0.05126869,0.38687536,2.1624672e-07,0.9984515
default_wag,results/model_checkpoints/20260715_195803_seed1337_20005214_best_step1500.pt,1500,bpid_matching_balanced,all_pairs,False,"fullname, email, addr",156,0.08351155,0.009349801,5.962755e-05,0.0007206532,0.063095324,0.270427,1.3806073e-06,0.90345895
default_wag,results/model_checkpoints/20260715_195803_seed1337_20005214_best_step1500.pt,1500,bpid_matching_balanced,all_pairs,False,"email, addr, dob",144,0.046743855,0.0001682412,2.1107153e-06,1.3448887e-05,0.0037567508,0.032964576,2.7148925e-08,0.96661735
default_wag,results/model_checkpoints/20260715_195803_seed1337_20005214_best_step1500.pt,1500,bpid_matching_balanced,all_pairs,False,"fullname, dob",3,0.31844372,0.026703885,0.0053510414,0.013358357,0.47765917,0.7482323,1.28306565e-05,0.92861444
default_wag,results/model_checkpoints/20260715_195803_seed1337_20005214_best_step1500.pt,1500,bpid_matching_balanced,all_pairs,False,"fullname, email",3,0.4811841,0.49243236,0.19886822,0.30895478,0.6590376,0.75900066,0.12547718,0.82564276
default_wag,results/model_checkpoints/20260715_195803_seed1337_20005214_best_step1500.pt,1500,bpid_matching_balanced,all_pairs,False,"phone, dob",3,0.0013492092,0.0011086361,0.0002472593,0.00057027565,0.0020078563,0.0025473884,3.1915115e-05,0.0029070764
default_wag,results/model_checkpoints/20260715_195803_seed1337_20005214_best_step1500.pt,1500,bpid_matching_balanced,all_pairs,False,"email, phone",2,0.64807904,0.64807904,0.4845284,0.5458599,0.75029826,0.8116298,0.4436407,0.8525174
default_wag,results/model_checkpoints/20260715_195803_seed1337_20005214_best_step1500.pt,1500,bpid_matching_balanced,all_pairs,False,"email, addr",1,0.82920134,0.82920134,0.82920134,0.82920134,0.82920134,0.82920134,0.82920134,0.82920134
default_wag,results/model_checkpoints/20260715_195803_seed1337_20005214_best_step1500.pt,1500,bpid_matching_balanced,all_pairs,False,"email, dob",1,0.2042693,0.2042693,0.2042693,0.2042693,0.2042693,0.2042693,0.2042693,0.2042693
default_wag,results/model_checkpoints/20260715_195803_seed1337_20005214_best_step1500.pt,1500,bpid_matching_balanced,all_pairs,False,phone,1,0.84112257,0.84112257,0.84112257,0.84112257,0.84112257,0.84112257,0.84112257,0.84112257
default_wag,results/model_checkpoints/20260715_195803_seed1337_20005214_best_step1500.pt,1500,bpid_matching_balanced,all_pairs,False,"phone, addr",1,0.21255349,0.21255349,0.21255349,0.21255349,0.21255349,0.21255349,0.21255349,0.21255349
default_wag,results/model_checkpoints/20260715_195803_seed1337_20005214_best_step1500.pt,1500,bpid_matching_balanced,all_pairs,True,"fullname, email, phone, addr, dob",143,0.33411014,0.12789027,8.2699196e-05,0.0071628056,0.69532686,0.94721663,9.328141e-08,0.9966882
default_wag,results/model_checkpoints/20260715_195803_seed1337_20005214_best_step1500.pt,1500,bpid_matching_balanced,all_pairs,True,"fullname, phone, addr, dob",71,0.5259238,0.67216456,0.0010282217,0.031903457,0.968238,0.9947464,7.654402e-06,0.99996006
default_wag,results/model_checkpoints/20260715_195803_seed1337_20005214_best_step1500.pt,1500,bpid_matching_balanced,all_pairs,True,"email, phone, addr, dob",55,0.5803789,0.70079505,0.0012590172,0.14057282,0.98246956,0.99603784,1.9748175e-06,0.99980146
default_wag,results/model_checkpoints/20260715_195803_seed1337_20005214_best_step1500.pt,1500,bpid_matching_balanced,all_pairs,True,"fullname, email, phone, dob",48,0.5724426,0.7988197,0.0024721478,0.08959058,0.9887235,0.9988873,1.7264158e-05,0.9998534
default_wag,results/model_checkpoints/20260715_195803_seed1337_20005214_best_step1500.pt,1500,bpid_matching_balanced,all_pairs,True,"fullname, email, addr, dob",35,0.43319398,0.3324173,0.00034672045,0.021612536,0.888925,0.96465397,4.9376245e-05,0.99900985
default_wag,results/model_checkpoints/20260715_195803_seed1337_20005214_best_step1500.pt,1500,bpid_matching_balanced,all_pairs,True,"fullname, email, phone, addr",27,0.44887292,0.4936501,0.02230052,0.07502341,0.81574005,0.9425161,0.0027663878,0.9993772
default_wag,results/model_checkpoints/20260715_195803_seed1337_20005214_best_step1500.pt,1500,bpid_matching_balanced,all_pairs,True,"phone, addr, dob",16,0.5128809,0.59515965,0.0029456927,0.032558914,0.9888947,0.99659926,0.00044481584,0.9998709
default_wag,results/model_checkpoints/20260715_195803_seed1337_20005214_best_step1500.pt,1500,bpid_matching_balanced,all_pairs,True,"fullname, phone, addr",15,0.7606307,0.95686907,0.18863238,0.7181058,0.9898514,0.9974235,0.0023023654,0.9998896
default_wag,results/model_checkpoints/20260715_195803_seed1337_20005214_best_step1500.pt,1500,bpid_matching_balanced,all_pairs,True,"email, addr, dob",13,0.81168514,0.97975725,0.32601047,0.8294825,0.99643683,0.9994169,0.0018569016,0.99990416
default_wag,results/model_checkpoints/20260715_195803_seed1337_20005214_best_step1500.pt,1500,bpid_matching_balanced,all_pairs,True,"email, phone, addr",13,0.79162186,0.9563908,0.15062411,0.893468,0.99541277,0.9986428,0.008578974,0.9994375
default_wag,results/model_checkpoints/20260715_195803_seed1337_20005214_best_step1500.pt,1500,bpid_matching_balanced,all_pairs,True,"fullname, addr, dob",11,0.6667464,0.81617427,0.013153598,0.48797393,0.9730501,0.99262977,3.7178765e-05,0.99945873
default_wag,results/model_checkpoints/20260715_195803_seed1337_20005214_best_step1500.pt,1500,bpid_matching_balanced,all_pairs,True,"email, phone, dob",10,0.8466999,0.97791016,0.51049554,0.95053095,0.9973286,0.9995588,0.05058451,0.9996387
default_wag,results/model_checkpoints/20260715_195803_seed1337_20005214_best_step1500.pt,1500,bpid_matching_balanced,all_pairs,True,"fullname, phone, dob",10,0.40295172,0.305849,0.0005518925,0.0014156094,0.7348223,0.977562,0.0004278714,0.9999075
default_wag,results/model_checkpoints/20260715_195803_seed1337_20005214_best_step1500.pt,1500,bpid_matching_balanced,all_pairs,True,"fullname, email, addr",6,0.8161268,0.9668702,0.48835263,0.61359537,0.98305905,0.9931575,0.47888285,0.999845
default_wag,results/model_checkpoints/20260715_195803_seed1337_20005214_best_step1500.pt,1500,bpid_matching_balanced,all_pairs,True,"fullname, email, phone",6,0.8007312,0.9662182,0.43769428,0.6473547,0.9954262,0.9982811,0.32630682,0.9994149
default_wag,results/model_checkpoints/20260715_195803_seed1337_20005214_best_step1500.pt,1500,bpid_matching_balanced,all_pairs,True,"fullname, addr",4,0.87668335,0.90942603,0.7301618,0.7926189,0.9934905,0.9970109,0.6885237,0.99935776
default_wag,results/model_checkpoints/20260715_195803_seed1337_20005214_best_step1500.pt,1500,bpid_matching_balanced,all_pairs,True,"fullname, email, dob",3,0.5106955,0.522458,0.14658122,0.287535,0.73973733,0.8701049,0.052612025,0.95701665
default_wag,results/model_checkpoints/20260715_195803_seed1337_20005214_best_step1500.pt,1500,bpid_matching_balanced,all_pairs,True,"email, addr",2,0.99692965,0.99692965,0.99550444,0.9960389,0.99782044,0.9983549,0.9951481,0.9987112
default_wag,results/model_checkpoints/20260715_195803_seed1337_20005214_best_step1500.pt,1500,bpid_matching_balanced,all_pairs,True,"email, phone",2,0.50916976,0.50916976,0.12061879,0.2663254,0.75201416,0.89772075,0.02348105,0.9948585
default_wag,results/model_checkpoints/20260715_195803_seed1337_20005214_best_step1500.pt,1500,bpid_matching_balanced,all_pairs,True,"fullname, phone",2,0.9974924,0.9974924,0.9954975,0.9962456,0.9987391,0.9994872,0.9949988,0.99998593
default_wag,results/model_checkpoints/20260715_195803_seed1337_20005214_best_step1500.pt,1500,bpid_matching_balanced,all_pairs,True,addr,1,0.9992719,0.9992719,0.9992719,0.9992719,0.9992719,0.9992719,0.9992719,0.9992719
default_wag,results/model_checkpoints/20260715_195803_seed1337_20005214_best_step1500.pt,1500,bpid_matching_balanced,all_pairs,True,"addr, dob",1,0.99687624,0.99687624,0.99687624,0.99687624,0.99687624,0.99687624,0.99687624,0.99687624
default_wag,results/model_checkpoints/20260715_195803_seed1337_20005214_best_step1500.pt,1500,bpid_matching_balanced,all_pairs,True,"email, dob",1,0.9700551,0.9700551,0.9700551,0.9700551,0.9700551,0.9700551,0.9700551,0.9700551
default_wag,results/model_checkpoints/20260715_195803_seed1337_20005214_best_step1500.pt,1500,bpid_matching_balanced,all_pairs,True,fullname,1,0.99989283,0.99989283,0.99989283,0.99989283,0.99989283,0.99989283,0.99989283,0.99989283
default_wag,results/model_checkpoints/20260715_195803_seed1337_20005214_best_step1500.pt,1500,bpid_matching_balanced,all_pairs,True,"fullname, dob",1,0.9999627,0.9999627,0.9999627,0.9999627,0.9999627,0.9999627,0.9999627,0.9999627
default_wag,results/model_checkpoints/20260715_195803_seed1337_20005214_best_step1500.pt,1500,bpid_matching_balanced,all_pairs,True,"fullname, email",1,0.99995065,0.99995065,0.99995065,0.99995065,0.99995065,0.99995065,0.99995065,0.99995065
default_wag,results/model_checkpoints/20260715_195803_seed1337_20005214_best_step1500.pt,1500,bpid_matching_balanced,all_pairs,True,"phone, addr",1,0.99842083,0.99842083,0.99842083,0.99842083,0.99842083,0.99842083,0.99842083,0.99842083
default_wag,results/model_checkpoints/20260715_195803_seed1337_20005214_best_step1500.pt,1500,bpid_matching_balanced,all_pairs,True,"phone, dob",1,0.045854453,0.045854453,0.045854453,0.045854453,0.045854453,0.045854453,0.045854453,0.045854453
default_wag,results/model_checkpoints/20260715_195803_seed1337_20005214_best_step1500.pt,1500,bpid_matching_paired,paired_rows,False,"fullname, email, phone, addr, dob",207,0.18296003,0.010310305,1.986082e-05,0.00031596562,0.24376822,0.71732605,1.4940483e-07,0.9991497
default_wag,results/model_checkpoints/20260715_195803_seed1337_20005214_best_step1500.pt,1500,bpid_matching_paired,paired_rows,False,"email, phone, addr, dob",54,0.35042068,0.09058154,0.000434421,0.009884734,0.7806961,0.9616101,1.158734e-06,0.9946524
default_wag,results/model_checkpoints/20260715_195803_seed1337_20005214_best_step1500.pt,1500,bpid_matching_paired,paired_rows,False,"fullname, phone, addr, dob",51,0.19239889,0.021306276,0.00010009053,0.000276173,0.15345684,0.82655454,8.90843e-08,0.9927893
default_wag,results/model_checkpoints/20260715_195803_seed1337_20005214_best_step1500.pt,1500,bpid_matching_paired,paired_rows,False,"fullname, email, addr, dob",45,0.27532476,0.045322005,2.2895809e-05,0.0008870735,0.57784915,0.9329803,1.787475e-07,0.9870809
default_wag,results/model_checkpoints/20260715_195803_seed1337_20005214_best_step1500.pt,1500,bpid_matching_paired,paired_rows,False,"fullname, email, phone, dob",43,0.17799047,0.024964571,0.00014578746,0.0010192532,0.22771908,0.759293,4.928527e-07,0.94783574
default_wag,results/model_checkpoints/20260715_195803_seed1337_20005214_best_step1500.pt,1500,bpid_matching_paired,paired_rows,False,"fullname, email, phone, addr",25,0.3117411,0.19116992,0.0006403399,0.008413932,0.48879445,0.94684917,1.7577882e-05,0.99582267
default_wag,results/model_checkpoints/20260715_195803_seed1337_20005214_best_step1500.pt,1500,bpid_matching_paired,paired_rows,False,"email, phone, dob",11,0.43120006,0.44913405,4.879688e-05,0.00016838548,0.85871834,0.95587814,2.3582848e-05,0.9985415
default_wag,results/model_checkpoints/20260715_195803_seed1337_20005214_best_step1500.pt,1500,bpid_matching_paired,paired_rows,False,"phone, addr, dob",10,0.36106923,0.08592751,0.00035604625,0.0042161876,0.80086917,0.95613337,5.000017e-06,0.99254566
default_wag,results/model_checkpoints/20260715_195803_seed1337_20005214_best_step1500.pt,1500,bpid_matching_paired,paired_rows,False,"fullname, phone, addr",9,0.458576,0.24598978,0.030250894,0.20222464,0.8562739,0.96989083,0.004307127,0.9840189
default_wag,results/model_checkpoints/20260715_195803_seed1337_20005214_best_step1500.pt,1500,bpid_matching_paired,paired_rows,False,"email, addr, dob",8,0.24774316,0.020229697,0.0027963747,0.0048316615,0.30346707,0.8791795,4.220929e-06,0.96661735
default_wag,results/model_checkpoints/20260715_195803_seed1337_20005214_best_step1500.pt,1500,bpid_matching_paired,paired_rows,False,"email, phone, addr",8,0.65789926,0.88097346,0.11265588,0.31583,0.97065437,0.99344194,0.027059853,0.9984515
default_wag,results/model_checkpoints/20260715_195803_seed1337_20005214_best_step1500.pt,1500,bpid_matching_paired,paired_rows,False,"fullname, phone, dob",7,0.25702897,0.04624626,0.0013313711,0.0018016114,0.37872985,0.81216425,0.00077489245,0.9911186
default_wag,results/model_checkpoints/20260715_195803_seed1337_20005214_best_step1500.pt,1500,bpid_matching_paired,paired_rows,False,"fullname, email, phone",6,0.6405646,0.8180379,0.105278775,0.31792513,0.9970587,0.9983772,0.0008315686,0.9985273
default_wag,results/model_checkpoints/20260715_195803_seed1337_20005214_best_step1500.pt,1500,bpid_matching_paired,paired_rows,False,"fullname, email, dob",5,0.41903567,0.24135487,0.00046451925,0.0004992711,0.8532221,0.94108534,0.00044135135,0.99966085
default_wag,results/model_checkpoints/20260715_195803_seed1337_20005214_best_step1500.pt,1500,bpid_matching_paired,paired_rows,False,"email, phone",2,0.64807904,0.64807904,0.4845284,0.5458599,0.75029826,0.8116298,0.4436407,0.8525174
default_wag,results/model_checkpoints/20260715_195803_seed1337_20005214_best_step1500.pt,1500,bpid_matching_paired,paired_rows,False,"fullname, dob",2,0.47765917,0.47765917,0.11689494,0.25218153,0.7031368,0.8384234,0.026703885,0.92861444
default_wag,results/model_checkpoints/20260715_195803_seed1337_20005214_best_step1500.pt,1500,bpid_matching_paired,paired_rows,False,"fullname, email",2,0.6590376,0.6590376,0.5257534,0.575735,0.74234015,0.79232174,0.49243236,0.82564276
default_wag,results/model_checkpoints/20260715_195803_seed1337_20005214_best_step1500.pt,1500,bpid_matching_paired,paired_rows,False,"fullname, email, addr",2,0.10184778,0.10184778,0.040934935,0.06377725,0.13991831,0.16276063,0.025706725,0.17798884
default_wag,results/model_checkpoints/20260715_195803_seed1337_20005214_best_step1500.pt,1500,bpid_matching_paired,paired_rows,False,"email, addr",1,0.82920134,0.82920134,0.82920134,0.82920134,0.82920134,0.82920134,0.82920134,0.82920134
default_wag,results/model_checkpoints/20260715_195803_seed1337_20005214_best_step1500.pt,1500,bpid_matching_paired,paired_rows,False,"fullname, addr, dob",1,0.9996563,0.9996563,0.9996563,0.9996563,0.9996563,0.9996563,0.9996563,0.9996563
default_wag,results/model_checkpoints/20260715_195803_seed1337_20005214_best_step1500.pt,1500,bpid_matching_paired,paired_rows,False,phone,1,0.84112257,0.84112257,0.84112257,0.84112257,0.84112257,0.84112257,0.84112257,0.84112257
default_wag,results/model_checkpoints/20260715_195803_seed1337_20005214_best_step1500.pt,1500,bpid_matching_paired,paired_rows,True,"fullname, email, phone, addr, dob",143,0.33411014,0.12789027,8.2699196e-05,0.0071628056,0.69532686,0.94721663,9.328141e-08,0.9966882
default_wag,results/model_checkpoints/20260715_195803_seed1337_20005214_best_step1500.pt,1500,bpid_matching_paired,paired_rows,True,"fullname, phone, addr, dob",71,0.5259238,0.67216456,0.0010282217,0.031903457,0.968238,0.9947464,7.654402e-06,0.99996006
default_wag,results/model_checkpoints/20260715_195803_seed1337_20005214_best_step1500.pt,1500,bpid_matching_paired,paired_rows,True,"email, phone, addr, dob",55,0.5803789,0.70079505,0.0012590172,0.14057282,0.98246956,0.99603784,1.9748175e-06,0.99980146
default_wag,results/model_checkpoints/20260715_195803_seed1337_20005214_best_step1500.pt,1500,bpid_matching_paired,paired_rows,True,"fullname, email, phone, dob",48,0.5724426,0.7988197,0.0024721478,0.08959058,0.9887235,0.9988873,1.7264158e-05,0.9998534
default_wag,results/model_checkpoints/20260715_195803_seed1337_20005214_best_step1500.pt,1500,bpid_matching_paired,paired_rows,True,"fullname, email, addr, dob",35,0.43319398,0.3324173,0.00034672045,0.021612536,0.888925,0.96465397,4.9376245e-05,0.99900985
default_wag,results/model_checkpoints/20260715_195803_seed1337_20005214_best_step1500.pt,1500,bpid_matching_paired,paired_rows,True,"fullname, email, phone, addr",27,0.44887292,0.4936501,0.02230052,0.07502341,0.81574005,0.9425161,0.0027663878,0.9993772
default_wag,results/model_checkpoints/20260715_195803_seed1337_20005214_best_step1500.pt,1500,bpid_matching_paired,paired_rows,True,"phone, addr, dob",16,0.5128809,0.59515965,0.0029456927,0.032558914,0.9888947,0.99659926,0.00044481584,0.9998709
default_wag,results/model_checkpoints/20260715_195803_seed1337_20005214_best_step1500.pt,1500,bpid_matching_paired,paired_rows,True,"fullname, phone, addr",15,0.7606307,0.95686907,0.18863238,0.7181058,0.9898514,0.9974235,0.0023023654,0.9998896
default_wag,results/model_checkpoints/20260715_195803_seed1337_20005214_best_step1500.pt,1500,bpid_matching_paired,paired_rows,True,"email, addr, dob",13,0.81168514,0.97975725,0.32601047,0.8294825,0.99643683,0.9994169,0.0018569016,0.99990416
default_wag,results/model_checkpoints/20260715_195803_seed1337_20005214_best_step1500.pt,1500,bpid_matching_paired,paired_rows,True,"email, phone, addr",13,0.79162186,0.9563908,0.15062411,0.893468,0.99541277,0.9986428,0.008578974,0.9994375
default_wag,results/model_checkpoints/20260715_195803_seed1337_20005214_best_step1500.pt,1500,bpid_matching_paired,paired_rows,True,"fullname, addr, dob",11,0.6667464,0.81617427,0.013153598,0.48797393,0.9730501,0.99262977,3.7178765e-05,0.99945873
default_wag,results/model_checkpoints/20260715_195803_seed1337_20005214_best_step1500.pt,1500,bpid_matching_paired,paired_rows,True,"email, phone, dob",10,0.8466999,0.97791016,0.51049554,0.95053095,0.9973286,0.9995588,0.05058451,0.9996387
default_wag,results/model_checkpoints/20260715_195803_seed1337_20005214_best_step1500.pt,1500,bpid_matching_paired,paired_rows,True,"fullname, phone, dob",10,0.40295172,0.305849,0.0005518925,0.0014156094,0.7348223,0.977562,0.0004278714,0.9999075
default_wag,results/model_checkpoints/20260715_195803_seed1337_20005214_best_step1500.pt,1500,bpid_matching_paired,paired_rows,True,"fullname, email, addr",6,0.8161268,0.9668702,0.48835263,0.61359537,0.98305905,0.9931575,0.47888285,0.999845
default_wag,results/model_checkpoints/20260715_195803_seed1337_20005214_best_step1500.pt,1500,bpid_matching_paired,paired_rows,True,"fullname, email, phone",6,0.8007312,0.9662182,0.43769428,0.6473547,0.9954262,0.9982811,0.32630682,0.9994149
default_wag,results/model_checkpoints/20260715_195803_seed1337_20005214_best_step1500.pt,1500,bpid_matching_paired,paired_rows,True,"fullname, addr",4,0.87668335,0.90942603,0.7301618,0.7926189,0.9934905,0.9970109,0.6885237,0.99935776
default_wag,results/model_checkpoints/20260715_195803_seed1337_20005214_best_step1500.pt,1500,bpid_matching_paired,paired_rows,True,"fullname, email, dob",3,0.5106955,0.522458,0.14658122,0.287535,0.73973733,0.8701049,0.052612025,0.95701665
default_wag,results/model_checkpoints/20260715_195803_seed1337_20005214_best_step1500.pt,1500,bpid_matching_paired,paired_rows,True,"email, addr",2,0.99692965,0.99692965,0.99550444,0.9960389,0.99782044,0.9983549,0.9951481,0.9987112
default_wag,results/model_checkpoints/20260715_195803_seed1337_20005214_best_step1500.pt,1500,bpid_matching_paired,paired_rows,True,"email, phone",2,0.50916976,0.50916976,0.12061879,0.2663254,0.75201416,0.89772075,0.02348105,0.9948585
default_wag,results/model_checkpoints/20260715_195803_seed1337_20005214_best_step1500.pt,1500,bpid_matching_paired,paired_rows,True,"fullname, phone",2,0.9974924,0.9974924,0.9954975,0.9962456,0.9987391,0.9994872,0.9949988,0.99998593
default_wag,results/model_checkpoints/20260715_195803_seed1337_20005214_best_step1500.pt,1500,bpid_matching_paired,paired_rows,True,addr,1,0.9992719,0.9992719,0.9992719,0.9992719,0.9992719,0.9992719,0.9992719,0.9992719
default_wag,results/model_checkpoints/20260715_195803_seed1337_20005214_best_step1500.pt,1500,bpid_matching_paired,paired_rows,True,"addr, dob",1,0.99687624,0.99687624,0.99687624,0.99687624,0.99687624,0.99687624,0.99687624,0.99687624
default_wag,results/model_checkpoints/20260715_195803_seed1337_20005214_best_step1500.pt,1500,bpid_matching_paired,paired_rows,True,"email, dob",1,0.9700551,0.9700551,0.9700551,0.9700551,0.9700551,0.9700551,0.9700551,0.9700551
default_wag,results/model_checkpoints/20260715_195803_seed1337_20005214_best_step1500.pt,1500,bpid_matching_paired,paired_rows,True,fullname,1,0.99989283,0.99989283,0.99989283,0.99989283,0.99989283,0.99989283,0.99989283,0.99989283
default_wag,results/model_checkpoints/20260715_195803_seed1337_20005214_best_step1500.pt,1500,bpid_matching_paired,paired_rows,True,"fullname, dob",1,0.9999627,0.9999627,0.9999627,0.9999627,0.9999627,0.9999627,0.9999627,0.9999627
default_wag,results/model_checkpoints/20260715_195803_seed1337_20005214_best_step1500.pt,1500,bpid_matching_paired,paired_rows,True,"fullname, email",1,0.99995065,0.99995065,0.99995065,0.99995065,0.99995065,0.99995065,0.99995065,0.99995065
default_wag,results/model_checkpoints/20260715_195803_seed1337_20005214_best_step1500.pt,1500,bpid_matching_paired,paired_rows,True,"phone, addr",1,0.99842083,0.99842083,0.99842083,0.99842083,0.99842083,0.99842083,0.99842083,0.99842083
default_wag,results/model_checkpoints/20260715_195803_seed1337_20005214_best_step1500.pt,1500,bpid_matching_paired,paired_rows,True,"phone, dob",1,0.045854453,0.045854453,0.045854453,0.045854453,0.045854453,0.045854453,0.045854453,0.045854453
default_wag,results/model_checkpoints/20260715_195803_seed1337_20005214_best_step1500.pt,1500,ice_id_people_200,all_pairs,False,"census_year, full_name, first_name, patronym, birthyear, sex, status, marriagestatus, farm, county, parish, district",45371,0.31616592,0.12341715,0.000706681,0.008755714,0.6391577,0.93164366,4.495373e-07,0.9999242
default_wag,results/model_checkpoints/20260715_195803_seed1337_20005214_best_step1500.pt,1500,ice_id_people_200,all_pairs,False,"census_year, full_name, first_name, patronym, birthyear, status, marriagestatus, farm, county, parish, district",43034,0.3575107,0.18354023,0.0007660159,0.01127193,0.74267095,0.95185363,4.2761837e-07,0.99994016
default_wag,results/model_checkpoints/20260715_195803_seed1337_20005214_best_step1500.pt,1500,ice_id_people_200,all_pairs,False,"census_year, full_name, first_name, patronym, birthyear, sex, status, farm, county, parish, district",37965,0.3831102,0.22127505,0.0013114691,0.01600582,0.7969143,0.96742946,2.1147703e-07,0.99989855
default_wag,results/model_checkpoints/20260715_195803_seed1337_20005214_best_step1500.pt,1500,ice_id_people_200,all_pairs,False,"census_year, full_name, first_name, patronym, birthyear, status, farm, county, parish, district",34957,0.42450064,0.31322914,0.0013992883,0.02045438,0.8646579,0.9798195,4.7914193e-07,0.9999541
default_wag,results/model_checkpoints/20260715_195803_seed1337_20005214_best_step1500.pt,1500,ice_id_people_200,all_pairs,False,"census_year, full_name, first_name, middle_name, patronym, birthyear, sex, status, farm, county, parish, district",9064,0.37454164,0.15874141,0.0008099528,0.008699402,0.83702344,0.9856473,1.9665838e-06,0.99987864
default_wag,results/model_checkpoints/20260715_195803_seed1337_20005214_best_step1500.pt,1500,ice_id_people_200,all_pairs,False,"census_year, full_name, first_name, middle_name, patronym, birthyear, sex, status, marriagestatus, farm, county, parish, district",8246,0.27608547,0.042456977,0.000262173,0.0023347854,0.55810463,0.9527379,1.7159414e-06,0.99991333
default_wag,results/model_checkpoints/20260715_195803_seed1337_20005214_best_step1500.pt,1500,ice_id_people_200,all_pairs,False,"census_year, full_name, first_name, middle_name, patronym, birthyear, status, farm, county, parish, district",8216,0.39581174,0.21109314,0.0014852759,0.015206616,0.87076753,0.9896618,1.388592e-06,0.99993825
default_wag,results/model_checkpoints/20260715_195803_seed1337_20005214_best_step1500.pt,1500,ice_id_people_200,all_pairs,False,"census_year, full_name, first_name, middle_name, patronym, birthyear, status, marriagestatus, farm, county, parish, district",7914,0.29151407,0.054352053,0.00042033984,0.0036301645,0.6002437,0.96842575,1.033231e-06,0.99989986
default_wag,results/model_checkpoints/20260715_195803_seed1337_20005214_best_step1500.pt,1500,ice_id_people_200,all_pairs,False,"full_name, first_name, patronym, birthyear, sex, status, marriagestatus, farm, county, parish, district",3731,0.5067038,0.52921313,0.01635617,0.11203745,0.905311,0.9843881,2.6311566e-06,0.9999212
default_wag,results/model_checkpoints/20260715_195803_seed1337_20005214_best_step1500.pt,1500,ice_id_people_200,all_pairs,False,"full_name, first_name, patronym, birthyear, status, marriagestatus, farm, county, parish, district",3310,0.6035371,0.7373973,0.035039436,0.22638282,0.95338356,0.9917005,2.514072e-06,0.9999113
default_wag,results/model_checkpoints/20260715_195803_seed1337_20005214_best_step1500.pt,1500,ice_id_people_200,all_pairs,False,"full_name, first_name, patronym, birthyear, sex, status, farm, county, parish, district",3167,0.65201837,0.8265853,0.044730306,0.31211144,0.97223675,0.99452746,5.1333667e-05,0.9998971
default_wag,results/model_checkpoints/20260715_195803_seed1337_20005214_best_step1500.pt,1500,ice_id_people_200,all_pairs,False,"full_name, first_name, patronym, birthyear, status, farm, county, parish, district",2761,0.7250755,0.90881455,0.1092518,0.5001943,0.98819494,0.9974355,8.396382e-06,0.99995506
default_wag,results/model_checkpoints/20260715_195803_seed1337_20005214_best_step1500.pt,1500,ice_id_people_200,all_pairs,False,"census_year, full_name, first_name, patronym, birthyear, farm, county, parish, district",2563,0.54805887,0.66122437,0.0072204084,0.08380707,0.9458271,0.9898606,3.8771536e-06,0.9998776
default_wag,results/model_checkpoints/20260715_195803_seed1337_20005214_best_step1500.pt,1500,ice_id_people_200,all_pairs,False,"census_year, full_name, first_name, patronym, birthyear, sex, status, marriagestatus, farm, county, parish",2288,0.4205886,0.30413866,0.0034098492,0.029907357,0.85123163,0.9829968,1.6364074e-06,0.9998597
default_wag,results/model_checkpoints/20260715_195803_seed1337_20005214_best_step1500.pt,1500,ice_id_people_200,all_pairs,False,"census_year, full_name, first_name, patronym, birthyear, status, marriagestatus, farm, county, parish",2106,0.529984,0.6285963,0.002061266,0.06422676,0.93246275,0.98724896,8.284679e-07,0.999941
default_wag,results/model_checkpoints/20260715_195803_seed1337_20005214_best_step1500.pt,1500,ice_id_people_200,all_pairs,False,"census_year, full_name, first_name, patronym, birthyear, sex, status, farm, county, parish",1764,0.5197448,0.5818467,0.005445067,0.06291436,0.94631124,0.9924903,4.2811413e-07,0.9999442
default_wag,results/model_checkpoints/20260715_195803_seed1337_20005214_best_step1500.pt,1500,ice_id_people_200,all_pairs,False,"census_year, full_name, patronym, birthyear, status, marriagestatus, farm, county, parish, district",1495,0.43040988,0.34441316,0.0011571575,0.021742387,0.86188245,0.97070223,2.94043e-06,0.9985322
default_wag,results/model_checkpoints/20260715_195803_seed1337_20005214_best_step1500.pt,1500,ice_id_people_200,all_pairs,False,"census_year, full_name, first_name, patronym, birthyear, status, farm, county, parish",1492,0.5729441,0.7148361,0.004796323,0.09705531,0.9756001,0.9963897,1.6720454e-06,0.9999267
default_wag,results/model_checkpoints/20260715_195803_seed1337_20005214_best_step1500.pt,1500,ice_id_people_200,all_pairs,False,"census_year, full_name, first_name, birthyear, status, marriagestatus, farm, county, parish, district",1366,0.3883885,0.28245372,0.001397798,0.02825878,0.7487693,0.94268185,1.8485078e-06,0.9994375
default_wag,results/model_checkpoints/20260715_195803_seed1337_20005214_best_step1500.pt,1500,ice_id_people_200,all_pairs,False,"census_year, full_name, first_name, middle_name, patronym, surname, birthyear, status, marriagestatus, farm, county, parish, district",1137,0.32384142,0.05095584,0.00031990258,0.0025788036,0.778934,0.9791729,5.5471087e-06,0.9993599
default_wag,results/model_checkpoints/20260715_195803_seed1337_20005214_best_step1500.pt,1500,ice_id_people_200,all_pairs,False,"census_year, full_name, first_name, middle_name, patronym, surname, birthyear, sex, status, marriagestatus, farm, county, parish, district",955,0.27868524,0.043792184,0.00063669,0.0042489246,0.62914395,0.94785416,1.6833428e-06,0.9994299
default_wag,results/model_checkpoints/20260715_195803_seed1337_20005214_best_step1500.pt,1500,ice_id_people_200,all_pairs,False,"census_year, full_name, patronym, birthyear, status, farm, county, parish, district",933,0.5078261,0.59485304,0.003446771,0.04382433,0.93005747,0.98667574,1.2543303e-05,0.99955505
default_wag,results/model_checkpoints/20260715_195803_seed1337_20005214_best_step1500.pt,1500,ice_id_people_200,all_pairs,False,"census_year, full_name, first_name, birthyear, status, farm, county, parish, district",920,0.49851042,0.53109705,0.004726674,0.0643427,0.9044142,0.9788674,3.6245608e-06,0.99983275
default_wag,results/model_checkpoints/20260715_195803_seed1337_20005214_best_step1500.pt,1500,ice_id_people_200,all_pairs,False,"census_year, full_name, first_name, middle_name, patronym, surname, birthyear, status, farm, county, parish, district",807,0.3525527,0.109526575,0.0004275931,0.0036816527,0.8163582,0.98107624,2.8323993e-06,0.9996747
default_wag,results/model_checkpoints/20260715_195803_seed1337_20005214_best_step1500.pt,1500,ice_id_people_200,all_pairs,False,"census_year, full_name, first_name, patronym, birthyear, sex, farm, county, parish, district",721,0.563065,0.67042977,0.015790349,0.12950794,0.9256728,0.98921824,7.6361925e-05,0.99952996
default_wag,results/model_checkpoints/20260715_195803_seed1337_20005214_best_step1500.pt,1500,ice_id_people_200,all_pairs,False,"full_name, first_name, middle_name, patronym, birthyear, sex, status, farm, county, parish, district",648,0.8831273,0.98261327,0.57013965,0.89728063,0.9960397,0.99894714,0.005529687,0.999894
default_wag,results/model_checkpoints/20260715_195803_seed1337_20005214_best_step1500.pt,1500,ice_id_people_200,all_pairs,False,"census_year, full_name, first_name, middle_name, patronym, surname, birthyear, sex, status, farm, county, parish, district",608,0.43625632,0.2655614,0.00042577455,0.014815258,0.929937,0.99337006,5.1837073e-06,0.9998004
default_wag,results/model_checkpoints/20260715_195803_seed1337_20005214_best_step1500.pt,1500,ice_id_people_200,all_pairs,False,"full_name, first_name, middle_name, patronym, birthyear, sex, status, marriagestatus, farm, county, parish, district",593,0.83567107,0.96844584,0.4071477,0.8117796,0.99500316,0.998856,3.1160725e-05,0.99992085
default_wag,results/model_checkpoints/20260715_195803_seed1337_20005214_best_step1500.pt,1500,ice_id_people_200,all_pairs,False,"full_name, first_name, middle_name, patronym, birthyear, status, farm, county, parish, district",550,0.8987274,0.99095297,0.65562177,0.9322002,0.9979478,0.9993227,0.00029579943,0.99991834
default_wag,results/model_checkpoints/20260715_195803_seed1337_20005214_best_step1500.pt,1500,ice_id_people_200,all_pairs,False,"full_name, first_name, middle_name, patronym, birthyear, status, marriagestatus, farm, county, parish, district",529,0.85977036,0.97521925,0.46243146,0.871202,0.9942614,0.9984638,0.0015002941,0.99989307
default_wag,results/model_checkpoints/20260715_195803_seed1337_20005214_best_step1500.pt,1500,ice_id_people_200,all_pairs,False,"full_name, first_name, patronym, birthyear, farm, county, parish, district",511,0.6812513,0.8665743,0.03411838,0.38109392,0.979584,0.99576193,7.824779e-06,0.9999082
default_wag,results/model_checkpoints/20260715_195803_seed1337_20005214_best_step1500.pt,1500,ice_id_people_200,all_pairs,False,"census_year, full_name, first_name, patronym, status, marriagestatus, farm, county, parish, district",410,0.47710568,0.48178542,0.008580148,0.0699327,0.85304475,0.9730762,7.2192146e-05,0.9992853
default_wag,results/model_checkpoints/20260715_195803_seed1337_20005214_best_step1500.pt,1500,ice_id_people_200,all_pairs,False,"census_year, full_name, first_name, middle_name, patronym, birthyear, farm, county, parish, district",384,0.61238456,0.82481676,0.021059163,0.17123507,0.98176616,0.9954374,1.4154815e-05,0.99977034
default_wag,results/model_checkpoints/20260715_195803_seed1337_20005214_best_step1500.pt,1500,ice_id_people_200,all_pairs,False,"census_year, full_name, first_name, middle_name, birthyear, status, marriagestatus, farm, county, parish, district",371,0.29091328,0.05955471,0.00017561993,0.0017495193,0.59151065,0.96138585,1.0611993e-05,0.9994748
default_wag,results/model_checkpoints/20260715_195803_seed1337_20005214_best_step1500.pt,1500,ice_id_people_200,all_pairs,False,"census_year, full_name, first_name, patronym, birthyear, marriagestatus, farm, county, parish, district",370,0.3966566,0.18510011,0.00068212167,0.006522202,0.8562992,0.97063607,3.643487e-05,0.99896693
default_wag,results/model_checkpoints/20260715_195803_seed1337_20005214_best_step1500.pt,1500,ice_id_people_200,all_pairs,False,"census_year, full_name, first_name, middle_name, birthyear, status, farm, county, parish, district",338,0.2851093,0.05307346,0.00040702894,0.0032161581,0.58767736,0.95706844,1.4724623e-05,0.9998276
default_wag,results/model_checkpoints/20260715_195803_seed1337_20005214_best_step1500.pt,1500,ice_id_people_200,all_pairs,False,"census_year, full_name, first_name, patronym, status, farm, county, parish, district",315,0.6963942,0.82625705,0.087891616,0.5172617,0.97539186,0.9956235,0.00013049389,0.99982303
default_wag,results/model_checkpoints/20260715_195803_seed1337_20005214_best_step1500.pt,1500,ice_id_people_200,all_pairs,False,"census_year, full_name, first_name, middle_name, patronym, birthyear, status, farm, county, parish",308,0.46952993,0.4273908,0.0027359533,0.031294275,0.9522432,0.9979509,2.9745133e-05,0.9999559
default_wag,results/model_checkpoints/20260715_195803_seed1337_20005214_best_step1500.pt,1500,ice_id_people_200,all_pairs,False,"census_year, full_name, first_name, patronym, sex, status, farm, county, parish, district",288,0.6429222,0.8395223,0.017318437,0.27779263,0.9736062,0.99406004,0.001131668,0.99967647
default_wag,results/model_checkpoints/20260715_195803_seed1337_20005214_best_step1500.pt,1500,ice_id_people_200,all_pairs,False,"census_year, full_name, first_name, patronym, sex, status, marriagestatus, farm, county, parish, district",273,0.47680506,0.46126026,0.021465579,0.072547734,0.8845998,0.9794574,0.00069758453,0.99987245
default_wag,results/model_checkpoints/20260715_195803_seed1337_20005214_best_step1500.pt,1500,ice_id_people_200,all_pairs,False,"census_year, full_name, middle_name, patronym, birthyear, status, marriagestatus, farm, county, parish, district",273,0.19649409,0.011008794,0.0002636762,0.0012105008,0.13316528,0.93460035,2.580898e-06,0.99962234
default_wag,results/model_checkpoints/20260715_195803_seed1337_20005214_best_step1500.pt,1500,ice_id_people_200,all_pairs,False,"census_year, full_name, first_name, middle_name, patronym, birthyear, sex, status, marriagestatus, farm, county, parish",259,0.4208992,0.20360786,0.0007592821,0.0037010354,0.9359358,0.99115956,1.171135e-05,0.99962234
default_wag,results/model_checkpoints/20260715_195803_seed1337_20005214_best_step1500.pt,1500,ice_id_people_200,all_pairs,False,"census_year, full_name, first_name, middle_name, patronym, birthyear, status, marriagestatus, farm, county, parish",255,0.43145576,0.31362864,0.0011075701,0.008898852,0.9039312,0.991104,5.4015516e-05,0.99970573
default_wag,results/model_checkpoints/20260715_195803_seed1337_20005214_best_step1500.pt,1500,ice_id_people_200,all_pairs,False,"census_year, full_name, first_name, middle_name, patronym, birthyear, sex, status, farm, county, parish",250,0.49876544,0.4806115,0.0013539377,0.04922577,0.96540684,0.9973433,5.2359213e-05,0.9997439
default_wag,results/model_checkpoints/20260715_195803_seed1337_20005214_best_step1500.pt,1500,ice_id_people_200,all_pairs,False,"full_name, first_name, patronym, birthyear, sex, status, marriagestatus, farm, county, parish",203,0.5762461,0.68416137,0.044126853,0.19159588,0.9656066,0.9949494,0.0037696196,0.99980015
default_wag,results/model_checkpoints/20260715_195803_seed1337_20005214_best_step1500.pt,1500,ice_id_people_200,all_pairs,False,"census_year, full_name, first_name, patronym, birthyear, status, marriagestatus, farm, parish",199,0.70784205,0.9107533,0.08760754,0.4945884,0.992909,0.9983968,0.00032964037,0.99979514
default_wag,results/model_checkpoints/20260715_195803_seed1337_20005214_best_step1500.pt,1500,ice_id_people_200,all_pairs,False,"full_name, first_name, patronym, birthyear, status, marriagestatus, farm, county, parish",196,0.79416436,0.93137145,0.2602545,0.72374,0.9857441,0.9975188,0.0021800895,0.9999006
default_wag,results/model_checkpoints/20260715_195803_seed1337_20005214_best_step1500.pt,1500,ice_id_people_200,all_pairs,False,"census_year, full_name, middle_name, patronym, birthyear, status, farm, county, parish, district",190,0.25643334,0.044918463,0.00032604678,0.004741719,0.38488516,0.93410176,4.395698e-06,0.99959964
default_wag,results/model_checkpoints/20260715_195803_seed1337_20005214_best_step1500.pt,1500,ice_id_people_200,all_pairs,False,"full_name, first_name, patronym, birthyear, sex, status, farm, county, parish",177,0.7948691,0.9460815,0.18983579,0.77695405,0.99338114,0.9987211,0.000100667916,0.9999366
default_wag,results/model_checkpoints/20260715_195803_seed1337_20005214_best_step1500.pt,1500,ice_id_people_200,all_pairs,False,"full_name, patronym, birthyear, status, marriagestatus, farm, county, parish, district",146,0.6335422,0.7547964,0.051129617,0.26311287,0.95242125,0.98291516,0.0020229088,0.997678
default_wag,results/model_checkpoints/20260715_195803_seed1337_20005214_best_step1500.pt,1500,ice_id_people_200,all_pairs,False,"census_year, full_name, first_name, patronym, birthyear, status, farm, parish",136,0.82606643,0.97536516,0.20912099,0.84934807,0.9905834,0.99701715,0.016336748,0.99991286
default_wag,results/model_checkpoints/20260715_195803_seed1337_20005214_best_step1500.pt,1500,ice_id_people_200,all_pairs,False,"census_year, full_name, first_name, patronym, birthyear, sex, status, marriagestatus, farm, parish",134,0.5913151,0.7516422,0.065230906,0.16133764,0.9586541,0.99485564,5.960334e-05,0.9996283
default_wag,results/model_checkpoints/20260715_195803_seed1337_20005214_best_step1500.pt,1500,ice_id_people_200,all_pairs,False,"full_name, first_name, patronym, birthyear, sex, farm, county, parish, district",130,0.63150513,0.7919652,0.050965838,0.2839326,0.9529799,0.9919327,1.6508266e-05,0.9996195
default_wag,results/model_checkpoints/20260715_195803_seed1337_20005214_best_step1500.pt,1500,ice_id_people_200,all_pairs,False,"full_name, first_name, patronym, birthyear, status, farm, county, parish",122,0.8852785,0.9874729,0.55144453,0.906404,0.9973072,0.9994661,0.0070277797,0.9999149
default_wag,results/model_checkpoints/20260715_195803_seed1337_20005214_best_step1500.pt,1500,ice_id_people_200,all_pairs,False,"census_year, full_name, first_name, patronym, birthyear, status, farm",121,0.90277725,0.9992893,0.6598513,0.9856763,0.9998574,0.99990976,0.016143987,0.99998343
default_wag,results/model_checkpoints/20260715_195803_seed1337_20005214_best_step1500.pt,1500,ice_id_people_200,all_pairs,False,"census_year, full_name, first_name, patronym, birthyear, status, marriagestatus, farm",118,0.84443426,0.9955548,0.3745943,0.8976982,0.9990022,0.99967486,0.009073261,0.9999747
default_wag,results/model_checkpoints/20260715_195803_seed1337_20005214_best_step1500.pt,1500,ice_id_people_200,all_pairs,False,"full_name, first_name, birthyear, status, marriagestatus, farm, county, parish, district",112,0.56971484,0.627928,0.08596734,0.24669932,0.8923175,0.97583616,0.0073234024,0.99940133
default_wag,results/model_checkpoints/20260715_195803_seed1337_20005214_best_step1500.pt,1500,ice_id_people_200,all_pairs,False,"full_name, first_name, middle_name, patronym, surname, birthyear, status, marriagestatus, farm, county, parish, district",105,0.8378356,0.97054684,0.27355245,0.87013006,0.9918081,0.9966507,0.03435465,0.99943227
default_wag,results/model_checkpoints/20260715_195803_seed1337_20005214_best_step1500.pt,1500,ice_id_people_200,all_pairs,False,"census_year, full_name, first_name, patronym, birthyear, farm, county, parish",97,0.7186966,0.9216309,0.04089985,0.5488937,0.98870975,0.99803615,0.0012256094,0.99993765
default_wag,results/model_checkpoints/20260715_195803_seed1337_20005214_best_step1500.pt,1500,ice_id_people_200,all_pairs,False,"census_year, full_name, first_name, patronym, birthyear, sex, status, farm, parish",94,0.6496216,0.8745686,0.030815287,0.2775447,0.9881543,0.99768513,9.614788e-05,0.99918
default_wag,results/model_checkpoints/20260715_195803_seed1337_20005214_best_step1500.pt,1500,ice_id_people_200,all_pairs,False,"full_name, first_name, patronym, birthyear, marriagestatus, farm, county, parish, district",92,0.5073996,0.502769,0.0015275677,0.02893626,0.9602217,0.99102324,7.744056e-05,0.99929047
default_wag,results/model_checkpoints/20260715_195803_seed1337_20005214_best_step1500.pt,1500,ice_id_people_200,all_pairs,False,"census_year, full_name, patronym, birthyear, farm, county, parish, district",89,0.5131687,0.5980501,0.013693077,0.078018464,0.9511775,0.9889867,0.00016241908,0.9990509
default_wag,results/model_checkpoints/20260715_195803_seed1337_20005214_best_step1500.pt,1500,ice_id_people_200,all_pairs,False,"census_year, full_name, first_name, middle_name, patronym, birthyear, sex, farm, county, parish, district",88,0.5461307,0.5769725,0.018626636,0.17288883,0.93475384,0.989674,5.557848e-05,0.9997731
default_wag,results/model_checkpoints/20260715_195803_seed1337_20005214_best_step1500.pt,1500,ice_id_people_200,all_pairs,False,"full_name, first_name, middle_name, patronym, birthyear, farm, county, parish, district",88,0.8720618,0.98673165,0.53466105,0.88799185,0.9985506,0.9994676,0.0075254207,0.99991405
default_wag,results/model_checkpoints/20260715_195803_seed1337_20005214_best_step1500.pt,1500,ice_id_people_200,all_pairs,False,"full_name, patronym, birthyear, status, farm, county, parish, district",86,0.79465806,0.94872534,0.26932523,0.7413541,0.986526,0.99422246,0.029167077,0.99933344
default_wag,results/model_checkpoints/20260715_195803_seed1337_20005214_best_step1500.pt,1500,ice_id_people_200,all_pairs,False,"full_name, first_name, patronym, status, farm, county, parish, district",80,0.7451354,0.9084387,0.18823744,0.59245294,0.9904965,0.998989,0.00010985571,0.99982977
default_wag,results/model_checkpoints/20260715_195803_seed1337_20005214_best_step1500.pt,1500,ice_id_people_200,all_pairs,False,"full_name, first_name, middle_name, patronym, surname, birthyear, sex, status, marriagestatus, farm, county, parish, district",79,0.6957778,0.8937215,0.056095574,0.37280726,0.96968853,0.9924375,0.0077562444,0.99922645
default_wag,results/model_checkpoints/20260715_195803_seed1337_20005214_best_step1500.pt,1500,ice_id_people_200,all_pairs,False,"full_name, first_name, birthyear, status, farm, county, parish, district",78,0.7197248,0.86098707,0.14297783,0.5880291,0.9688697,0.9951591,0.00016137553,0.999785
default_wag,results/model_checkpoints/20260715_195803_seed1337_20005214_best_step1500.pt,1500,ice_id_people_200,all_pairs,False,"census_year, full_name, first_name, birthyear, farm, county, parish, district",77,0.71972334,0.788607,0.2614501,0.6127742,0.9707592,0.9933975,0.0007184716,0.9992229
default_wag,results/model_checkpoints/20260715_195803_seed1337_20005214_best_step1500.pt,1500,ice_id_people_200,all_pairs,False,"full_name, first_name, patronym, sex, status, farm, county, parish, district",77,0.71902734,0.94069076,0.115844004,0.49102223,0.99721634,0.9989374,0.0038216799,0.99958724
default_wag,results/model_checkpoints/20260715_195803_seed1337_20005214_best_step1500.pt,1500,ice_id_people_200,all_pairs,False,"census_year, full_name, first_name, patronym, birthyear, sex, status, farm",76,0.85830736,0.9994244,0.103723,0.9956955,0.9998675,0.99990577,0.026172629,0.999966
default_wag,results/model_checkpoints/20260715_195803_seed1337_20005214_best_step1500.pt,1500,ice_id_people_200,all_pairs,False,"census_year, full_name, first_name, birthyear, status, marriagestatus, farm, county, parish",73,0.47159404,0.37941208,0.04080638,0.08399623,0.8967973,0.98459303,0.018253116,0.99874485
default_wag,results/model_checkpoints/20260715_195803_seed1337_20005214_best_step1500.pt,1500,ice_id_people_200,all_pairs,False,"census_year, full_name, patronym, birthyear, status, marriagestatus, farm, county, parish",71,0.6281206,0.7046283,0.08932908,0.39587304,0.95599806,0.97880846,0.009617579,0.9973659
default_wag,results/model_checkpoints/20260715_195803_seed1337_20005214_best_step1500.pt,1500,ice_id_people_200,all_pairs,False,"census_year, full_name, first_name, middle_name, patronym, surname, birthyear, farm, county, parish, district",68,0.470511,0.38580614,0.0004133388,0.0018405744,0.9574007,0.9964527,4.43122e-05,0.9995505
default_wag,results/model_checkpoints/20260715_195803_seed1337_20005214_best_step1500.pt,1500,ice_id_people_200,all_pairs,False,"census_year, birthyear, status, marriagestatus, farm, county, parish, district",63,0.43727437,0.32831734,0.062351264,0.18755823,0.7633399,0.93966305,0.0112483995,0.99544334
default_wag,results/model_checkpoints/20260715_195803_seed1337_20005214_best_step1500.pt,1500,ice_id_people_200,all_pairs,False,"census_year, full_name, first_name, birthyear, status, farm, county, parish",63,0.63072085,0.7810376,0.009099818,0.3721769,0.9049828,0.9975332,0.0033236218,0.9992366
default_wag,results/model_checkpoints/20260715_195803_seed1337_20005214_best_step1500.pt,1500,ice_id_people_200,all_pairs,False,"census_year, full_name, first_name, middle_name, patronym, birthyear, sex, status, farm",49,0.70658517,0.9988908,0.023786647,0.19738638,0.9998591,0.9999242,0.011880893,0.9999709
default_wag,results/model_checkpoints/20260715_195803_seed1337_20005214_best_step1500.pt,1500,ice_id_people_200,all_pairs,False,"census_year, full_name, first_name, patronym, birthyear, sex, status, marriagestatus, farm",48,0.7463174,0.99099815,0.067673415,0.28306764,0.999364,0.99982417,0.0010905291,0.99995863
default_wag,results/model_checkpoints/20260715_195803_seed1337_20005214_best_step1500.pt,1500,ice_id_people_200,all_pairs,False,"census_year, birthyear, status, farm, county, parish, district",44,0.63024306,0.71139973,0.04782628,0.5243614,0.8879627,0.9883335,0.012137217,0.98939717
default_wag,results/model_checkpoints/20260715_195803_seed1337_20005214_best_step1500.pt,1500,ice_id_people_200,all_pairs,False,"census_year, full_name, first_name, middle_name, patronym, status, marriagestatus, farm, county, parish, district",44,0.535724,0.54540116,0.03555146,0.15744133,0.94773334,0.987551,0.00049028546,0.9975551
default_wag,results/model_checkpoints/20260715_195803_seed1337_20005214_best_step1500.pt,1500,ice_id_people_200,all_pairs,True,"census_year, status",145,0.99998695,0.99998903,0.99998486,0.9999882,0.9999893,0.9999896,0.99990475,0.9999902
default_wag,results/model_checkpoints/20260715_195803_seed1337_20005214_best_step1500.pt,1500,ice_id_people_200,all_pairs,True,"census_year, birthyear, status",123,0.99998736,0.9999889,0.9999858,0.9999882,0.9999894,0.99998975,0.9999486,0.99999046
default_wag,results/model_checkpoints/20260715_195803_seed1337_20005214_best_step1500.pt,1500,ice_id_people_200,all_pairs,True,"census_year, status, marriagestatus, farm, county, parish, district",82,0.5846558,0.5729364,0.039219495,0.2678248,0.96629184,0.9934942,0.0022521012,0.99918455
default_wag,results/model_checkpoints/20260715_195803_seed1337_20005214_best_step1500.pt,1500,ice_id_people_200,all_pairs,True,"census_year, status, farm",59,0.97840136,0.9999291,0.99891794,0.99971926,0.99996483,0.9999759,0.4646595,0.9999845
default_wag,results/model_checkpoints/20260715_195803_seed1337_20005214_best_step1500.pt,1500,ice_id_people_200,all_pairs,True,"census_year, status, marriagestatus, farm",57,0.9903645,0.99929607,0.9874765,0.9982161,0.9998704,0.9999337,0.6204769,0.99996364
default_wag,results/model_checkpoints/20260715_195803_seed1337_20005214_best_step1500.pt,1500,ice_id_people_200,all_pairs,True,"census_year, birthyear, status, marriagestatus",56,0.99992466,0.9999694,0.99980927,0.99993753,0.9999809,0.99998385,0.99944025,0.9999876
default_wag,results/model_checkpoints/20260715_195803_seed1337_20005214_best_step1500.pt,1500,ice_id_people_200,all_pairs,True,"census_year, status, marriagestatus, farm, county, parish",53,0.84589523,0.97230434,0.48532704,0.85287845,0.9951683,0.9991872,0.004376532,0.9996137
default_wag,results/model_checkpoints/20260715_195803_seed1337_20005214_best_step1500.pt,1500,ice_id_people_200,all_pairs,True,"census_year, status, farm, county, parish",52,0.9328527,0.99793875,0.7363938,0.9797612,0.9996923,0.99982905,0.23902707,0.9999596
default_wag,results/model_checkpoints/20260715_195803_seed1337_20005214_best_step1500.pt,1500,ice_id_people_200,all_pairs,True,"census_year, status, marriagestatus",51,0.99988985,0.99997294,0.9997173,0.999932,0.9999813,0.9999858,0.9985721,0.99998856
default_wag,results/model_checkpoints/20260715_195803_seed1337_20005214_best_step1500.pt,1500,ice_id_people_200,all_pairs,True,"census_year, status, farm, county, parish, district",50,0.8207869,0.9571142,0.36640164,0.7477936,0.99366015,0.9973764,0.0018605049,0.9996549
default_wag,results/model_checkpoints/20260715_195803_seed1337_20005214_best_step1500.pt,1500,ice_id_people_200,all_pairs,True,census_year,41,0.99998856,0.99998915,0.99998856,0.9999889,0.9999894,0.9999895,0.99996686,0.9999896
default_wag,results/model_checkpoints/20260715_195803_seed1337_20005214_best_step1500.pt,1500,ice_id_people_200,all_pairs,True,"census_year, birthyear, status, marriagestatus, farm, county, parish",38,0.8238931,0.9459938,0.62349766,0.7890042,0.9804255,0.9994007,0.0043430375,0.99982494
default_wag,results/model_checkpoints/20260715_195803_seed1337_20005214_best_step1500.pt,1500,ice_id_people_200,all_pairs,True,"census_year, birthyear, status, marriagestatus, farm, county, parish, district",36,0.60872155,0.71054405,0.11284156,0.34796035,0.8830746,0.9888259,0.0015591239,0.9963741
default_wag,results/model_checkpoints/20260715_195803_seed1337_20005214_best_step1500.pt,1500,ice_id_people_200,all_pairs,True,"census_year, status, marriagestatus, farm, parish",35,0.96762663,0.99079984,0.9540225,0.98595035,0.9948834,0.99958277,0.62189233,0.99986374
default_wag,results/model_checkpoints/20260715_195803_seed1337_20005214_best_step1500.pt,1500,ice_id_people_200,all_pairs,True,"census_year, birthyear",30,0.99998844,0.9999891,0.99998724,0.9999889,0.9999893,0.9999894,0.999977,0.9999896
default_wag,results/model_checkpoints/20260715_195803_seed1337_20005214_best_step1500.pt,1500,ice_id_people_200,all_pairs,True,"census_year, birthyear, status, farm",30,0.95709807,0.99992543,0.9598153,0.9998652,0.99995065,0.99996763,0.5551313,0.99997485
default_wag,results/model_checkpoints/20260715_195803_seed1337_20005214_best_step1500.pt,1500,ice_id_people_200,all_pairs,True,"census_year, birthyear, status, marriagestatus, farm",22,0.9607735,0.99893236,0.97959995,0.9936326,0.99954873,0.9997711,0.34562746,0.999962
default_wag,results/model_checkpoints/20260715_195803_seed1337_20005214_best_step1500.pt,1500,ice_id_people_200,all_pairs,True,"census_year, status, farm, parish",22,0.9633284,0.9994447,0.9526384,0.996668,0.99986583,0.99992687,0.6229,0.9999535
default_wag,results/model_checkpoints/20260715_195803_seed1337_20005214_best_step1500.pt,1500,ice_id_people_200,all_pairs,True,"census_year, birthyear, status, farm, county, parish",21,0.9239644,0.990044,0.6464736,0.97220755,0.9984345,0.99917406,0.43440306,0.99993896
default_wag,results/model_checkpoints/20260715_195803_seed1337_20005214_best_step1500.pt,1500,ice_id_people_200,all_pairs,True,"census_year, birthyear, status, farm, county, parish, district",21,0.5906834,0.7965161,0.0027073554,0.01125431,0.98708004,0.99685526,0.0016603991,0.99846965
default_wag,results/model_checkpoints/20260715_195803_seed1337_20005214_best_step1500.pt,1500,ice_id_people_200,all_pairs,True,"census_year, birthyear, status, marriagestatus, farm, parish",20,0.94903755,0.9953146,0.90637386,0.95112085,0.99926436,0.9997924,0.44867158,0.9999608
default_wag,results/model_checkpoints/20260715_195803_seed1337_20005214_best_step1500.pt,1500,ice_id_people_200,all_pairs,True,"census_year, status, county",15,0.9999085,0.9999212,0.9998216,0.99988174,0.99996364,0.9999762,0.9997298,0.9999833
default_wag,results/model_checkpoints/20260715_195803_seed1337_20005214_best_step1500.pt,1500,ice_id_people_200,all_pairs,True,"census_year, farm",14,0.96285534,0.9999111,0.99932176,0.99951327,0.9999305,0.99996686,0.48292467,0.9999709
default_wag,results/model_checkpoints/20260715_195803_seed1337_20005214_best_step1500.pt,1500,ice_id_people_200,all_pairs,True,"census_year, birthyear, farm, county, parish",13,0.95714337,0.99399513,0.94869006,0.9723796,0.9947918,0.99899143,0.62113976,0.99991024
default_wag,results/model_checkpoints/20260715_195803_seed1337_20005214_best_step1500.pt,1500,ice_id_people_200,all_pairs,True,"census_year, birthyear, status, marriagestatus, county, parish",13,0.92697495,0.95521027,0.8277794,0.914795,0.9900096,0.9959201,0.64827746,0.9959617
default_wag,results/model_checkpoints/20260715_195803_seed1337_20005214_best_step1500.pt,1500,ice_id_people_200,all_pairs,True,"census_year, farm, county, parish",13,0.97784686,0.9965423,0.9295849,0.96380955,0.99805033,0.99915195,0.9092568,0.9994906
default_wag,results/model_checkpoints/20260715_195803_seed1337_20005214_best_step1500.pt,1500,ice_id_people_200,all_pairs,True,"census_year, status, farm, county",13,0.9996395,0.99973613,0.9990375,0.9996032,0.99986863,0.99990296,0.9987483,0.99995196
default_wag,results/model_checkpoints/20260715_195803_seed1337_20005214_best_step1500.pt,1500,ice_id_people_200,all_pairs,True,"census_year, farm, county, parish, district",11,0.6820855,0.9082958,0.048174072,0.43654966,0.9830153,0.99350476,0.036201634,0.99737823
default_wag,results/model_checkpoints/20260715_195803_seed1337_20005214_best_step1500.pt,1500,ice_id_people_200,all_pairs,True,"census_year, status, marriagestatus, farm, county",11,0.95545286,0.99202806,0.838376,0.95478344,0.99858046,0.99935406,0.7967216,0.9996797
default_wag,results/model_checkpoints/20260715_195803_seed1337_20005214_best_step1500.pt,1500,ice_id_people_200,all_pairs,True,"census_year, birthyear, status, marriagestatus, parish",10,0.98258865,0.9984249,0.927333,0.9975233,0.9990945,0.9996385,0.9064093,0.9998399
default_wag,results/model_checkpoints/20260715_195803_seed1337_20005214_best_step1500.pt,1500,ice_id_people_200,all_pairs,True,"census_year, birthyear, farm",6,0.99967146,0.9998815,0.9991864,0.99946666,0.99991655,0.9999465,0.99903476,0.99997437
default_wag,results/model_checkpoints/20260715_195803_seed1337_20005214_best_step1500.pt,1500,ice_id_people_200,all_pairs,True,"census_year, status, marriagestatus, farm, district",6,0.99660844,0.99873817,0.9915365,0.997015,0.9991782,0.9995506,0.9866208,0.999788
default_wag,results/model_checkpoints/20260715_195803_seed1337_20005214_best_step1500.pt,1500,ice_id_people_200,all_pairs,True,"census_year, status, marriagestatus, parish",6,0.9600158,0.94489545,0.93633187,0.94003737,0.9855781,0.9988202,0.93389654,0.99885046
default_wag,results/model_checkpoints/20260715_195803_seed1337_20005214_best_step1500.pt,1500,ice_id_people_200,all_pairs,True,"census_year, status, parish",6,0.99986625,0.9999268,0.99971616,0.99981296,0.9999299,0.9999559,0.99965715,0.9999809
default_wag,results/model_checkpoints/20260715_195803_seed1337_20005214_best_step1500.pt,1500,ice_id_people_200,all_pairs,True,"census_year, birthyear, status, farm, parish",5,0.92111146,0.9999112,0.7641779,0.9965288,0.99991226,0.9999218,0.6092773,0.9999281
default_wag,results/model_checkpoints/20260715_195803_seed1337_20005214_best_step1500.pt,1500,ice_id_people_200,all_pairs,True,"census_year, full_name, middle_name, status",5,0.9999878,0.99998915,0.9999856,0.9999865,0.99998915,0.9999892,0.999985,0.9999893
default_wag,results/model_checkpoints/20260715_195803_seed1337_20005214_best_step1500.pt,1500,ice_id_people_200,all_pairs,True,"census_year, status, marriagestatus, county, parish",5,0.69201756,0.74701226,0.4394254,0.645986,0.77439433,0.9043439,0.30171832,0.9909769
default_wag,results/model_checkpoints/20260715_195803_seed1337_20005214_best_step1500.pt,1500,ice_id_people_200,all_pairs,True,"census_year, birthyear, farm, county, parish, district",4,0.5558226,0.6385596,0.19267555,0.46901304,0.72536916,0.8527802,0.008450536,0.93772095
default_wag,results/model_checkpoints/20260715_195803_seed1337_20005214_best_step1500.pt,1500,ice_id_people_200,all_pairs,True,"census_year, birthyear, status, county",4,0.99960667,0.9996294,0.9993277,0.9994071,0.99982893,0.99986744,0.9992748,0.99989307
default_wag,results/model_checkpoints/20260715_195803_seed1337_20005214_best_step1500.pt,1500,ice_id_people_200,all_pairs,True,"census_year, birthyear, status, marriagestatus, county",4,0.99719673,0.99795854,0.994698,0.99628973,0.99886554,0.9990861,0.99363685,0.9992331
default_wag,results/model_checkpoints/20260715_195803_seed1337_20005214_best_step1500.pt,1500,ice_id_people_200,all_pairs,True,"census_year, birthyear, status, marriagestatus, farm, district",4,0.98888946,0.98912424,0.9793477,0.98091054,0.99710315,0.9982433,0.9783059,0.99900335
default_wag,results/model_checkpoints/20260715_195803_seed1337_20005214_best_step1500.pt,1500,ice_id_people_200,all_pairs,True,"census_year, county",4,0.99994457,0.9999517,0.99991,0.999936,0.9999603,0.9999735,0.9998927,0.99998224
default_wag,results/model_checkpoints/20260715_195803_seed1337_20005214_best_step1500.pt,1500,ice_id_people_200,all_pairs,True,"census_year, farm, parish",4,0.62687194,0.6422965,0.24215868,0.2708215,0.9983469,0.99924546,0.22305012,0.99984455
default_wag,results/model_checkpoints/20260715_195803_seed1337_20005214_best_step1500.pt,1500,ice_id_people_200,all_pairs,True,"census_year, full_name, middle_name, status, marriagestatus, farm",4,0.9968647,0.99823844,0.99292827,0.9954757,0.99962735,0.999702,0.99123,0.99975175
default_wag,results/model_checkpoints/20260715_195803_seed1337_20005214_best_step1500.pt,1500,ice_id_people_200,all_pairs,True,"census_year, full_name, patronym, status, farm",4,0.58992434,0.589303,0.5783949,0.5796766,0.5995507,0.6019507,0.57754046,0.6035507
default_wag,results/model_checkpoints/20260715_195803_seed1337_20005214_best_step1500.pt,1500,ice_id_people_200,all_pairs,True,"census_year, full_name, patronym, status, marriagestatus",4,0.9999438,0.9999523,0.9999201,0.9999381,0.99995804,0.9999606,0.9999082,0.99996233
default_wag,results/model_checkpoints/20260715_195803_seed1337_20005214_best_step1500.pt,1500,ice_id_people_200,all_pairs,True,"census_year, status, marriagestatus, county",4,0.99757564,0.99741024,0.9958686,0.9963069,0.99867904,0.999415,0.9955765,0.9999056
default_wag,results/model_checkpoints/20260715_195803_seed1337_20005214_best_step1500.pt,1500,ice_id_people_200,all_pairs,True,"census_year, birthyear, status, parish",3,0.99402696,0.99938583,0.9860684,0.99106246,0.99967086,0.99984187,0.9827391,0.9999559
default_wag,results/model_checkpoints/20260715_195803_seed1337_20005214_best_step1500.pt,1500,ice_id_people_200,all_pairs,True,"census_year, farm, county",3,0.999696,0.9997074,0.99964297,0.99966717,0.9997306,0.9997445,0.9996269,0.9997538
default_wag,results/model_checkpoints/20260715_195803_seed1337_20005214_best_step1500.pt,1500,ice_id_people_200,all_pairs,True,"census_year, full_name, middle_name, status, farm",3,0.99991435,0.99992454,0.99986243,0.99988574,0.9999481,0.9999622,0.99984694,0.9999716
default_wag,results/model_checkpoints/20260715_195803_seed1337_20005214_best_step1500.pt,1500,ice_id_people_200,all_pairs,True,"census_year, full_name, patronym",3,0.9999874,0.9999864,0.9999863,0.99998635,0.999988,0.999989,0.9999863,0.9999896
default_wag,results/model_checkpoints/20260715_195803_seed1337_20005214_best_step1500.pt,1500,ice_id_people_200,all_pairs,True,"census_year, full_name, patronym, status",3,0.9999868,0.9999877,0.9999844,0.99998564,0.99998844,0.99998885,0.99998355,0.99998915
default_wag,results/model_checkpoints/20260715_195803_seed1337_20005214_best_step1500.pt,1500,ice_id_people_200,all_pairs,True,"census_year, status, district",3,0.9999459,0.99995756,0.99992913,0.9999398,0.9999578,0.9999579,0.99992204,0.99995804
default_wag,results/model_checkpoints/20260715_195803_seed1337_20005214_best_step1500.pt,1500,ice_id_people_200,all_pairs,True,"census_year, birthyear, farm, district",2,0.9892771,0.9892771,0.98107827,0.9841528,0.9944014,0.997476,0.9790285,0.99952567
default_wag,results/model_checkpoints/20260715_195803_seed1337_20005214_best_step1500.pt,1500,ice_id_people_200,all_pairs,True,"census_year, birthyear, farm, parish",2,0.9995971,0.9995971,0.99931854,0.99942297,0.9997711,0.99987555,0.9992489,0.99994516
default_wag,results/model_checkpoints/20260715_195803_seed1337_20005214_best_step1500.pt,1500,ice_id_people_200,all_pairs,True,"census_year, birthyear, status, farm, parish, district",2,0.9993644,0.9993644,0.9993327,0.9993446,0.99938416,0.999396,0.9993248,0.99940395
default_wag,results/model_checkpoints/20260715_195803_seed1337_20005214_best_step1500.pt,1500,ice_id_people_200,all_pairs,True,"census_year, full_name, middle_name, birthyear, status",2,0.99998766,0.99998766,0.99998695,0.99998724,0.9999881,0.9999884,0.99998677,0.99998856
default_wag,results/model_checkpoints/20260715_195803_seed1337_20005214_best_step1500.pt,1500,ice_id_people_200,all_pairs,True,"census_year, full_name, middle_name, status, farm, county",2,0.9998294,0.9998294,0.99980235,0.99981254,0.99984634,0.9998565,0.9997956,0.99986327
default_wag,results/model_checkpoints/20260715_195803_seed1337_20005214_best_step1500.pt,1500,ice_id_people_200,all_pairs,True,"census_year, full_name, middle_name, status, farm, county, parish, district",2,0.9957135,0.9957135,0.9930961,0.9940776,0.99734926,0.9983308,0.9924418,0.9989851
default_wag,results/model_checkpoints/20260715_195803_seed1337_20005214_best_step1500.pt,1500,ice_id_people_200,all_pairs,True,"census_year, full_name, patronym, status, marriagestatus, farm",2,0.9919913,0.9919913,0.9913904,0.9916158,0.99236685,0.9925922,0.9912402,0.9927424
default_wag,results/model_checkpoints/20260715_195803_seed1337_20005214_best_step1500.pt,1500,ice_id_people_200,all_pairs,True,"census_year, marriagestatus, farm",2,0.7911943,0.7911943,0.6243384,0.6869094,0.8954792,0.9580502,0.58262444,0.99976414
default_wag,results/model_checkpoints/20260715_195803_seed1337_20005214_best_step1500.pt,1500,ice_id_people_200,all_pairs,True,"census_year, parish",2,0.99992204,0.99992204,0.99990565,0.9999118,0.9999323,0.9999384,0.99990153,0.99994254
default_wag,results/model_checkpoints/20260715_195803_seed1337_20005214_best_step1500.pt,1500,ice_id_people_200,all_pairs,True,"status, farm, county, parish, district",2,0.98423755,0.98423755,0.9734328,0.9774845,0.9909905,0.9950423,0.97073156,0.9977435
default_wag,results/model_checkpoints/20260715_195803_seed1337_20005214_best_step1500.pt,1500,ice_id_people_200,all_pairs,True,"status, marriagestatus, farm, county, parish",2,0.9821487,0.9821487,0.9681625,0.97340727,0.99089015,0.99613494,0.9646659,0.9996315
default_wag,results/model_checkpoints/20260715_195803_seed1337_20005214_best_step1500.pt,1500,ice_id_people_200,all_pairs,True,"birthyear, farm, county, parish",1,0.9696613,0.9696613,0.9696613,0.9696613,0.9696613,0.9696613,0.9696613,0.9696613
default_wag,results/model_checkpoints/20260715_195803_seed1337_20005214_best_step1500.pt,1500,ice_id_people_200,all_pairs,True,"birthyear, status, farm, county, parish",1,0.9976351,0.9976351,0.9976351,0.9976351,0.9976351,0.9976351,0.9976351,0.9976351
default_wag,results/model_checkpoints/20260715_195803_seed1337_20005214_best_step1500.pt,1500,ice_id_people_200,all_pairs,True,"birthyear, status, marriagestatus, farm, county, parish, district",1,0.613941,0.613941,0.613941,0.613941,0.613941,0.613941,0.613941,0.613941
default_wag,results/model_checkpoints/20260715_195803_seed1337_20005214_best_step1500.pt,1500,ice_id_people_200,all_pairs,True,"census_year, birthyear, county",1,0.9999695,0.9999695,0.9999695,0.9999695,0.9999695,0.9999695,0.9999695,0.9999695
default_wag,results/model_checkpoints/20260715_195803_seed1337_20005214_best_step1500.pt,1500,ice_id_people_200,all_pairs,True,"census_year, birthyear, district",1,0.999954,0.999954,0.999954,0.999954,0.999954,0.999954,0.999954,0.999954
default_wag,results/model_checkpoints/20260715_195803_seed1337_20005214_best_step1500.pt,1500,ice_id_people_200,all_pairs,True,"census_year, birthyear, farm, parish, district",1,0.99958783,0.99958783,0.99958783,0.99958783,0.99958783,0.99958783,0.99958783,0.99958783
default_wag,results/model_checkpoints/20260715_195803_seed1337_20005214_best_step1500.pt,1500,ice_id_people_200,all_pairs,True,"census_year, birthyear, marriagestatus",1,0.9999492,0.9999492,0.9999492,0.9999492,0.9999492,0.9999492,0.9999492,0.9999492
default_wag,results/model_checkpoints/20260715_195803_seed1337_20005214_best_step1500.pt,1500,ice_id_people_200,all_pairs,True,"census_year, birthyear, parish",1,0.99992585,0.99992585,0.99992585,0.99992585,0.99992585,0.99992585,0.99992585,0.99992585
default_wag,results/model_checkpoints/20260715_195803_seed1337_20005214_best_step1500.pt,1500,ice_id_people_200,all_pairs,True,"census_year, birthyear, status, farm, district",1,0.9995127,0.9995127,0.9995127,0.9995127,0.9995127,0.9995127,0.9995127,0.9995127
default_wag,results/model_checkpoints/20260715_195803_seed1337_20005214_best_step1500.pt,1500,ice_id_people_200,all_pairs,True,"census_year, birthyear, status, marriagestatus, farm, parish, district",1,0.9993181,0.9993181,0.9993181,0.9993181,0.9993181,0.9993181,0.9993181,0.9993181
default_wag,results/model_checkpoints/20260715_195803_seed1337_20005214_best_step1500.pt,1500,ice_id_people_200,all_pairs,True,"census_year, full_name, middle_name",1,0.99998915,0.99998915,0.99998915,0.99998915,0.99998915,0.99998915,0.99998915,0.99998915
default_wag,results/model_checkpoints/20260715_195803_seed1337_20005214_best_step1500.pt,1500,ice_id_people_200,all_pairs,True,"census_year, full_name, middle_name, birthyear, status, farm, county, parish",1,0.99503064,0.99503064,0.99503064,0.99503064,0.99503064,0.99503064,0.99503064,0.99503064
default_wag,results/model_checkpoints/20260715_195803_seed1337_20005214_best_step1500.pt,1500,ice_id_people_200,all_pairs,True,"census_year, full_name, middle_name, birthyear, status, marriagestatus, farm",1,0.9962431,0.9962431,0.9962431,0.9962431,0.9962431,0.9962431,0.9962431,0.9962431
default_wag,results/model_checkpoints/20260715_195803_seed1337_20005214_best_step1500.pt,1500,ice_id_people_200,all_pairs,True,"census_year, full_name, middle_name, birthyear, status, marriagestatus, farm, county, parish",1,0.90778714,0.90778714,0.90778714,0.90778714,0.90778714,0.90778714,0.90778714,0.90778714
default_wag,results/model_checkpoints/20260715_195803_seed1337_20005214_best_step1500.pt,1500,ice_id_people_200,all_pairs,True,"census_year, full_name, patronym, birthyear",1,0.9999893,0.9999893,0.9999893,0.9999893,0.9999893,0.9999893,0.9999893,0.9999893
default_wag,results/model_checkpoints/20260715_195803_seed1337_20005214_best_step1500.pt,1500,ice_id_people_200,all_pairs,True,"census_year, full_name, patronym, birthyear, status",1,0.9999896,0.9999896,0.9999896,0.9999896,0.9999896,0.9999896,0.9999896,0.9999896
default_wag,results/model_checkpoints/20260715_195803_seed1337_20005214_best_step1500.pt,1500,dblp_acm,cross_source,False,"title, authors, venue, year",194420,0.071162924,0.010936848,0.00038422612,0.0018794767,0.059044912,0.22024006,4.2518455e-08,0.9891572
default_wag,results/model_checkpoints/20260715_195803_seed1337_20005214_best_step1500.pt,1500,dblp_acm,cross_source,False,"title, authors, year",29146,0.11374573,0.026582433,0.0010296528,0.0048398054,0.12625375,0.3775731,4.3306892e-07,0.99047244
default_wag,results/model_checkpoints/20260715_195803_seed1337_20005214_best_step1500.pt,1500,dblp_acm,cross_source,False,"title, authors, venue",22347,0.8602555,0.9734996,0.4967996,0.8503684,0.9948051,0.99856335,0.00028074847,0.99996674
default_wag,results/model_checkpoints/20260715_195803_seed1337_20005214_best_step1500.pt,1500,dblp_acm,cross_source,False,"title, authors",3557,0.93895584,0.9929749,0.83305,0.9613344,0.99840766,0.99951,0.00411168,0.9999889
default_wag,results/model_checkpoints/20260715_195803_seed1337_20005214_best_step1500.pt,1500,dblp_acm,cross_source,False,"title, venue, year",19,0.22805867,0.099647276,0.0098562725,0.066555426,0.27905935,0.7178508,0.005169327,0.759582
default_wag,results/model_checkpoints/20260715_195803_seed1337_20005214_best_step1500.pt,1500,dblp_acm,cross_source,False,"title, year",4,0.73414356,0.77109444,0.5752041,0.6505889,0.85464907,0.86352235,0.5249475,0.8694378
default_wag,results/model_checkpoints/20260715_195803_seed1337_20005214_best_step1500.pt,1500,dblp_acm,cross_source,False,title,3,0.9999469,0.99993336,0.99992096,0.9999256,0.99996144,0.9999783,0.99991786,0.9999895
default_wag,results/model_checkpoints/20260715_195803_seed1337_20005214_best_step1500.pt,1500,dblp_acm,cross_source,False,year,2,0.92706263,0.92706263,0.91587424,0.92006993,0.9340553,0.938251,0.9130772,0.9410481
default_wag,results/model_checkpoints/20260715_195803_seed1337_20005214_best_step1500.pt,1500,dblp_acm,cross_source,False,"title, venue",1,0.99997973,0.99997973,0.99997973,0.99997973,0.99997973,0.99997973,0.99997973,0.99997973
default_wag,results/model_checkpoints/20260715_195803_seed1337_20005214_best_step1500.pt,1500,dblp_acm,cross_source,False,"venue, year",1,0.46270007,0.46270007,0.46270007,0.46270007,0.46270007,0.46270007,0.46270007,0.46270007
default_wag,results/model_checkpoints/20260715_195803_seed1337_20005214_best_step1500.pt,1500,dblp_acm,cross_source,True,"title, authors, venue",228,0.9997826,0.9999371,0.9997884,0.99989724,0.99997056,0.9999796,0.9806927,0.9999862
default_wag,results/model_checkpoints/20260715_195803_seed1337_20005214_best_step1500.pt,1500,dblp_acm,cross_source,True,"authors, venue",126,0.9998808,0.99992305,0.99981976,0.99988997,0.99995685,0.99998033,0.9979699,0.99998546
default_wag,results/model_checkpoints/20260715_195803_seed1337_20005214_best_step1500.pt,1500,dblp_acm,cross_source,True,"title, venue",81,0.999951,0.99996984,0.9999006,0.9999304,0.99998176,0.999984,0.9996573,0.9999869
default_wag,results/model_checkpoints/20260715_195803_seed1337_20005214_best_step1500.pt,1500,dblp_acm,cross_source,True,venue,65,0.999931,0.99993455,0.9998835,0.999912,0.9999496,0.9999805,0.9998474,0.99998534
default_wag,results/model_checkpoints/20260715_195803_seed1337_20005214_best_step1500.pt,1500,dblp_google_scholar,cross_source,False,"title, authors, venue, year",453344,0.6057639,0.7317368,0.03880147,0.23917806,0.95193875,0.98991823,3.991677e-07,0.99995387
default_wag,results/model_checkpoints/20260715_195803_seed1337_20005214_best_step1500.pt,1500,dblp_google_scholar,cross_source,False,"title, authors, venue",78303,0.6852421,0.84015614,0.10156705,0.4271462,0.97083056,0.9932767,1.8866942e-05,0.9999548
default_wag,results/model_checkpoints/20260715_195803_seed1337_20005214_best_step1500.pt,1500,dblp_google_scholar,cross_source,False,"title, authors, year",25012,0.73933,0.89347667,0.1837526,0.5631914,0.978789,0.99487036,0.00013867236,0.99994147
default_wag,results/model_checkpoints/20260715_195803_seed1337_20005214_best_step1500.pt,1500,dblp_google_scholar,cross_source,False,"title, authors",6455,0.81270695,0.9501423,0.3417519,0.74893993,0.9905927,0.99751556,0.0014154203,0.99995995
default_wag,results/model_checkpoints/20260715_195803_seed1337_20005214_best_step1500.pt,1500,dblp_google_scholar,cross_source,False,"title, year",66,0.8821031,0.9845978,0.57284737,0.9257286,0.99590415,0.9990382,0.043980792,0.99989927
default_wag,results/model_checkpoints/20260715_195803_seed1337_20005214_best_step1500.pt,1500,dblp_google_scholar,cross_source,False,"title, venue, year",33,0.8491636,0.99356174,0.25770974,0.96552104,0.99782795,0.999481,0.010792353,0.9998357
default_wag,results/model_checkpoints/20260715_195803_seed1337_20005214_best_step1500.pt,1500,dblp_google_scholar,cross_source,False,title,30,0.9976576,0.99955875,0.9913389,0.9990342,0.9997344,0.99985665,0.9841591,0.9999435
default_wag,results/model_checkpoints/20260715_195803_seed1337_20005214_best_step1500.pt,1500,dblp_google_scholar,cross_source,False,"title, venue",3,0.55793476,0.4084059,0.31940618,0.35278106,0.68832403,0.8562749,0.29715624,0.96824217
default_wag,results/model_checkpoints/20260715_195803_seed1337_20005214_best_step1500.pt,1500,dblp_google_scholar,cross_source,True,"title, authors, venue, year",334,0.9893201,0.99942386,0.987989,0.996976,0.99980223,0.9999065,0.023460802,0.9999746
default_wag,results/model_checkpoints/20260715_195803_seed1337_20005214_best_step1500.pt,1500,dblp_google_scholar,cross_source,True,"title, authors, venue",254,0.9908851,0.99972713,0.9912783,0.9985827,0.9999343,0.9999663,0.25145167,0.99998915
default_wag,results/model_checkpoints/20260715_195803_seed1337_20005214_best_step1500.pt,1500,dblp_google_scholar,cross_source,True,"authors, venue",158,0.9996335,0.9999538,0.99953663,0.9998418,0.99998283,0.9999876,0.98607033,0.9999889
default_wag,results/model_checkpoints/20260715_195803_seed1337_20005214_best_step1500.pt,1500,dblp_google_scholar,cross_source,True,"title, venue, year",116,0.9987136,0.9997612,0.99681574,0.99935055,0.99989766,0.99994594,0.9686036,0.99997985
default_wag,results/model_checkpoints/20260715_195803_seed1337_20005214_best_step1500.pt,1500,dblp_google_scholar,cross_source,True,"title, venue",91,0.9945706,0.9999529,0.99822634,0.9998633,0.9999713,0.99998295,0.6152373,0.9999895
default_wag,results/model_checkpoints/20260715_195803_seed1337_20005214_best_step1500.pt,1500,dblp_google_scholar,cross_source,True,"authors, venue, year",75,0.9978369,0.9996357,0.9960726,0.99841255,0.9998263,0.9998836,0.96175224,0.9999486
default_wag,results/model_checkpoints/20260715_195803_seed1337_20005214_best_step1500.pt,1500,dblp_google_scholar,cross_source,True,venue,67,0.99995595,0.9999889,0.99985373,0.9999541,0.99998933,0.9999895,0.9997578,0.9999896
default_wag,results/model_checkpoints/20260715_195803_seed1337_20005214_best_step1500.pt,1500,dblp_google_scholar,cross_source,True,"title, authors",15,0.99465305,0.999445,0.9957551,0.99765205,0.9996825,0.99993765,0.93605715,0.99997735
default_wag,results/model_checkpoints/20260715_195803_seed1337_20005214_best_step1500.pt,1500,dblp_google_scholar,cross_source,True,"venue, year",15,0.99972796,0.9997967,0.9995824,0.99968266,0.99985677,0.9998892,0.9989255,0.99997175
default_wag,results/model_checkpoints/20260715_195803_seed1337_20005214_best_step1500.pt,1500,dblp_google_scholar,cross_source,True,"title, authors, year",8,0.99916875,0.99985266,0.99748975,0.9987259,0.99995774,0.99996686,0.99697804,0.9999727
default_wag,results/model_checkpoints/20260715_195803_seed1337_20005214_best_step1500.pt,1500,dblp_google_scholar,cross_source,True,authors,3,0.99997854,0.9999795,0.9999684,0.9999726,0.9999849,0.9999882,0.99996567,0.99999034
default_wag,results/model_checkpoints/20260715_195803_seed1337_20005214_best_step1500.pt,1500,dblp_google_scholar,cross_source,True,title,3,0.9999637,0.9999727,0.99994093,0.99995285,0.999979,0.99998283,0.999933,0.99998534
default_wag,results/model_checkpoints/20260715_195803_seed1337_20005214_best_step1500.pt,1500,dblp_google_scholar,cross_source,True,"title, year",2,0.9999572,0.9999572,0.99995416,0.9999553,0.9999591,0.99996024,0.9999534,0.999961
default_wag,results/model_checkpoints/20260715_195803_seed1337_20005214_best_step1500.pt,1500,dblp_google_scholar,cross_source,True,"authors, year",1,0.9998679,0.9998679,0.9998679,0.9998679,0.9998679,0.9998679,0.9998679,0.9998679
default_wag,results/model_checkpoints/20260715_195803_seed1337_20005214_best_step1500.pt,1500,fodors_zagats,cross_source,False,"name, addr, city, phone, type",10208,0.037769355,0.0008425624,1.8517665e-05,0.00011377398,0.007527872,0.06340563,3.3399477e-08,0.9994287
default_wag,results/model_checkpoints/20260715_195803_seed1337_20005214_best_step1500.pt,1500,fodors_zagats,cross_source,False,"name, addr, phone, type",1530,0.30286235,0.13295734,0.0014062434,0.014837048,0.5812268,0.89126533,9.4395983e-07,0.99904877
default_wag,results/model_checkpoints/20260715_195803_seed1337_20005214_best_step1500.pt,1500,fodors_zagats,cross_source,False,"name, addr, city, phone",511,0.07263366,0.0073226225,0.00010093244,0.0007234447,0.032827415,0.22538382,1.8573805e-06,0.9724515
default_wag,results/model_checkpoints/20260715_195803_seed1337_20005214_best_step1500.pt,1500,fodors_zagats,cross_source,False,"name, addr, phone",181,0.5606677,0.63487893,0.019780518,0.15499002,0.92915195,0.9859957,0.000116543335,0.99931395
default_wag,results/model_checkpoints/20260715_195803_seed1337_20005214_best_step1500.pt,1500,fodors_zagats,cross_source,False,name,1,0.9999869,0.9999869,0.9999869,0.9999869,0.9999869,0.9999869,0.9999869,0.9999869
default_wag,results/model_checkpoints/20260715_195803_seed1337_20005214_best_step1500.pt,1500,fodors_zagats,cross_source,False,"name, type",1,0.9999343,0.9999343,0.9999343,0.9999343,0.9999343,0.9999343,0.9999343,0.9999343
default_wag,results/model_checkpoints/20260715_195803_seed1337_20005214_best_step1500.pt,1500,fodors_zagats,cross_source,True,"city, phone, type",20,0.999448,0.9998307,0.99922174,0.9996419,0.99992853,0.9999607,0.9936237,0.99996984
default_wag,results/model_checkpoints/20260715_195803_seed1337_20005214_best_step1500.pt,1500,fodors_zagats,cross_source,True,"phone, type",18,0.99950165,0.9999163,0.9983975,0.99947804,0.99997294,0.99997866,0.99662447,0.9999831
default_wag,results/model_checkpoints/20260715_195803_seed1337_20005214_best_step1500.pt,1500,fodors_zagats,cross_source,True,"addr, phone, type",14,0.9860681,0.9992368,0.9876531,0.9939953,0.99984807,0.99994606,0.8427424,0.99996185
default_wag,results/model_checkpoints/20260715_195803_seed1337_20005214_best_step1500.pt,1500,fodors_zagats,cross_source,True,"addr, city, phone, type",12,0.97224027,0.99493074,0.87732565,0.9885542,0.99876916,0.9996859,0.85015804,0.9998833
default_wag,results/model_checkpoints/20260715_195803_seed1337_20005214_best_step1500.pt,1500,fodors_zagats,cross_source,True,"name, phone, type",9,0.9990794,0.9997559,0.99813277,0.9994399,0.99985147,0.9999254,0.99448484,0.99997914
default_wag,results/model_checkpoints/20260715_195803_seed1337_20005214_best_step1500.pt,1500,fodors_zagats,cross_source,True,"name, city, phone, type",8,0.9864475,0.9984982,0.9681532,0.99663126,0.9989954,0.9997883,0.9034636,0.9998623
default_wag,results/model_checkpoints/20260715_195803_seed1337_20005214_best_step1500.pt,1500,fodors_zagats,cross_source,True,"name, addr, phone, type",6,0.9958207,0.9992119,0.9885005,0.9952438,0.9994816,0.9997496,0.98303944,0.99996805
default_wag,results/model_checkpoints/20260715_195803_seed1337_20005214_best_step1500.pt,1500,fodors_zagats,cross_source,True,phone,6,0.99998254,0.9999826,0.99998045,0.9999811,0.999984,0.9999845,0.99998,0.99998486
default_wag,results/model_checkpoints/20260715_195803_seed1337_20005214_best_step1500.pt,1500,fodors_zagats,cross_source,True,"addr, city, phone",4,0.9998184,0.9998342,0.9997036,0.99977124,0.99988127,0.9999206,0.99965847,0.99994683
default_wag,results/model_checkpoints/20260715_195803_seed1337_20005214_best_step1500.pt,1500,fodors_zagats,cross_source,True,"addr, phone",4,0.9996917,0.9998914,0.9992949,0.9996658,0.9999174,0.9999289,0.9990476,0.9999366
default_wag,results/model_checkpoints/20260715_195803_seed1337_20005214_best_step1500.pt,1500,fodors_zagats,cross_source,True,"city, phone",4,0.99995244,0.99995434,0.9999376,0.9999459,0.9999609,0.99996585,0.99993205,0.9999691
default_wag,results/model_checkpoints/20260715_195803_seed1337_20005214_best_step1500.pt,1500,fodors_zagats,cross_source,True,"name, addr, city, phone, type",3,0.9888726,0.9981,0.97484696,0.9835669,0.99879205,0.9992073,0.9690337,0.9994842
default_wag,results/model_checkpoints/20260715_195803_seed1337_20005214_best_step1500.pt,1500,fodors_zagats,cross_source,True,"name, phone",2,0.99994475,0.99994475,0.9999181,0.9999281,0.9999614,0.9999714,0.9999114,0.99997807
default_wag,results/model_checkpoints/20260715_195803_seed1337_20005214_best_step1500.pt,1500,fodors_zagats,cross_source,True,"name, addr, city, phone",1,0.9856592,0.9856592,0.9856592,0.9856592,0.9856592,0.9856592,0.9856592,0.9856592
default_wag,results/model_checkpoints/20260715_195803_seed1337_20005214_best_step1500.pt,1500,fodors_zagats,cross_source,True,"name, addr, phone",1,0.9999527,0.9999527,0.9999527,0.9999527,0.9999527,0.9999527,0.9999527,0.9999527
default_wag,results/model_checkpoints/20260715_195803_seed1337_20005214_best_step1500.pt,1500,walmart_amazon,cross_source,False,"title, brand, modelno, category, price, description",271911,0.82662225,0.98825014,0.17410396,0.8533591,0.99811316,0.9994543,9.503219e-06,0.9999902
default_wag,results/model_checkpoints/20260715_195803_seed1337_20005214_best_step1500.pt,1500,walmart_amazon,cross_source,False,"title, brand, modelno, price, description",6702,0.8898307,0.9961377,0.52865136,0.972721,0.9990829,0.99969006,5.9791542e-05,0.99998975
default_wag,results/model_checkpoints/20260715_195803_seed1337_20005214_best_step1500.pt,1500,walmart_amazon,cross_source,False,"title, brand, category, price, description",6348,0.8045166,0.9937458,0.16067056,0.7391604,0.99971336,0.99989384,0.00027311168,0.9999893
default_wag,results/model_checkpoints/20260715_195803_seed1337_20005214_best_step1500.pt,1500,walmart_amazon,cross_source,False,"title, modelno, category, price, description",1671,0.912353,0.99864894,0.70051837,0.9813583,0.9997385,0.99990726,0.0017200001,0.9999895
default_wag,results/model_checkpoints/20260715_195803_seed1337_20005214_best_step1500.pt,1500,walmart_amazon,cross_source,False,"title, brand, modelno, category, description",1148,0.719075,0.90055597,0.11553886,0.49175903,0.98562574,0.9972044,0.00062614196,0.99998224
default_wag,results/model_checkpoints/20260715_195803_seed1337_20005214_best_step1500.pt,1500,walmart_amazon,cross_source,False,"title, modelno, price, description",384,0.95095235,0.9997578,0.9457542,0.9985964,0.9999332,0.9999662,0.0019372765,0.9999894
default_wag,results/model_checkpoints/20260715_195803_seed1337_20005214_best_step1500.pt,1500,walmart_amazon,cross_source,False,"title, brand, category, description",350,0.9032941,0.9862978,0.6723761,0.9269694,0.99691045,0.9991329,0.014219993,0.99988043
default_wag,results/model_checkpoints/20260715_195803_seed1337_20005214_best_step1500.pt,1500,walmart_amazon,cross_source,False,"title, brand, price, description",122,0.7590712,0.9745183,0.073411,0.56433856,0.9995871,0.99993277,0.002044202,0.99998343
default_wag,results/model_checkpoints/20260715_195803_seed1337_20005214_best_step1500.pt,1500,walmart_amazon,cross_source,False,"title, brand, modelno, description",35,0.9460327,0.9972012,0.9428534,0.9845064,0.9993527,0.9997092,0.026791776,0.99995005
default_wag,results/model_checkpoints/20260715_195803_seed1337_20005214_best_step1500.pt,1500,walmart_amazon,cross_source,False,"title, category, price, description",32,0.8650071,0.97766954,0.55459666,0.87673306,0.99980146,0.9999281,0.0824519,0.9999862
default_wag,results/model_checkpoints/20260715_195803_seed1337_20005214_best_step1500.pt,1500,walmart_amazon,cross_source,False,"title, price, description",27,0.9922474,0.99997807,0.9851608,0.99991196,0.99998283,0.99998456,0.84923446,0.9999864
default_wag,results/model_checkpoints/20260715_195803_seed1337_20005214_best_step1500.pt,1500,walmart_amazon,cross_source,False,"title, brand, description",20,0.90731704,0.9935994,0.72541356,0.8941938,0.9979949,0.9994905,0.3460838,0.999629
default_wag,results/model_checkpoints/20260715_195803_seed1337_20005214_best_step1500.pt,1500,walmart_amazon,cross_source,False,"title, modelno, category, description",14,0.99176836,0.9996312,0.98738617,0.9972917,0.9998499,0.99988127,0.91363156,0.9999634
default_wag,results/model_checkpoints/20260715_195803_seed1337_20005214_best_step1500.pt,1500,walmart_amazon,cross_source,False,"title, modelno, description",9,0.99987316,0.99994075,0.99969155,0.99981016,0.99996114,0.9999741,0.9996319,0.9999877
default_wag,results/model_checkpoints/20260715_195803_seed1337_20005214_best_step1500.pt,1500,walmart_amazon,cross_source,False,"title, category, description",5,0.99974906,0.9998807,0.9995002,0.9996197,0.99989545,0.9999156,0.9994205,0.9999291
default_wag,results/model_checkpoints/20260715_195803_seed1337_20005214_best_step1500.pt,1500,walmart_amazon,cross_source,False,"title, description",5,0.9999011,0.9999143,0.9998225,0.99989426,0.99993443,0.9999665,0.99977463,0.99998784
default_wag,results/model_checkpoints/20260715_195803_seed1337_20005214_best_step1500.pt,1500,walmart_amazon,cross_source,False,"title, modelno, category, price",1,0.9999367,0.9999367,0.9999367,0.9999367,0.9999367,0.9999367,0.9999367,0.9999367
default_wag,results/model_checkpoints/20260715_195803_seed1337_20005214_best_step1500.pt,1500,walmart_amazon,cross_source,False,"title, modelno, price",1,0.9999461,0.9999461,0.9999461,0.9999461,0.9999461,0.9999461,0.9999461,0.9999461
default_wag,results/model_checkpoints/20260715_195803_seed1337_20005214_best_step1500.pt,1500,walmart_amazon,cross_source,True,"title, modelno, category, price, description",196,0.9549977,0.99995834,0.9408777,0.9995423,0.99997646,0.99998295,0.08331958,0.9999893
default_wag,results/model_checkpoints/20260715_195803_seed1337_20005214_best_step1500.pt,1500,walmart_amazon,cross_source,True,"title, category, price, description",147,0.9730048,0.9999819,0.98606765,0.9999729,0.99998504,0.99998635,0.0931586,0.99998915
default_wag,results/model_checkpoints/20260715_195803_seed1337_20005214_best_step1500.pt,1500,walmart_amazon,cross_source,True,"title, brand, modelno, category, price, description",77,0.98565227,0.9999502,0.95630044,0.99982685,0.99997365,0.99998194,0.76088166,0.99998915
default_wag,results/model_checkpoints/20260715_195803_seed1337_20005214_best_step1500.pt,1500,walmart_amazon,cross_source,True,"title, brand, category, price, description",57,0.99731153,0.999982,0.9999304,0.9999738,0.99998534,0.99998707,0.9375776,0.9999887
default_wag,results/model_checkpoints/20260715_195803_seed1337_20005214_best_step1500.pt,1500,walmart_amazon,cross_source,True,"title, price, description",24,0.999796,0.9999875,0.9999673,0.9999803,0.99998856,0.9999893,0.9954848,0.9999894
default_wag,results/model_checkpoints/20260715_195803_seed1337_20005214_best_step1500.pt,1500,walmart_amazon,cross_source,True,"title, category, description",18,0.99998116,0.99998176,0.9999742,0.9999782,0.9999847,0.99998695,0.99996996,0.9999881
default_wag,results/model_checkpoints/20260715_195803_seed1337_20005214_best_step1500.pt,1500,walmart_amazon,cross_source,True,"title, modelno, category, description",15,0.99995965,0.9999659,0.9999244,0.99995136,0.999982,0.99998474,0.9998791,0.99998903
default_wag,results/model_checkpoints/20260715_195803_seed1337_20005214_best_step1500.pt,1500,walmart_amazon,cross_source,True,"title, modelno, price, description",14,0.9305758,0.9999793,0.9999028,0.999951,0.99998605,0.9999884,0.02847286,0.99998903
default_wag,results/model_checkpoints/20260715_195803_seed1337_20005214_best_step1500.pt,1500,walmart_amazon,cross_source,True,"category, price, description",4,0.9841581,0.9999873,0.95566416,0.9841573,0.9999881,0.9999886,0.9366687,0.99998903
default_wag,results/model_checkpoints/20260715_195803_seed1337_20005214_best_step1500.pt,1500,walmart_amazon,cross_source,True,"modelno, category, description",4,0.99997187,0.9999802,0.9999532,0.9999705,0.9999815,0.9999837,0.9999417,0.9999852
default_wag,results/model_checkpoints/20260715_195803_seed1337_20005214_best_step1500.pt,1500,walmart_amazon,cross_source,True,"modelno, category, price, description",4,0.97839105,0.99914443,0.9401993,0.97756076,0.9999747,0.99998015,0.91529167,0.9999838
default_wag,results/model_checkpoints/20260715_195803_seed1337_20005214_best_step1500.pt,1500,walmart_amazon,cross_source,True,"brand, category, price, description",3,0.9999841,0.9999832,0.99998224,0.9999826,0.99998516,0.99998635,0.999982,0.9999871
default_wag,results/model_checkpoints/20260715_195803_seed1337_20005214_best_step1500.pt,1500,walmart_amazon,cross_source,True,"title, description",3,0.99998754,0.9999887,0.9999855,0.9999867,0.9999889,0.99998903,0.99998474,0.99998915
default_wag,results/model_checkpoints/20260715_195803_seed1337_20005214_best_step1500.pt,1500,walmart_amazon,cross_source,True,"brand, modelno, category, price, description",2,0.9999259,0.9999259,0.99987763,0.9998957,0.99995613,0.9999742,0.99986553,0.9999863
default_wag,results/model_checkpoints/20260715_195803_seed1337_20005214_best_step1500.pt,1500,walmart_amazon,cross_source,True,"title, brand, category, description",2,0.9999784,0.9999784,0.99997616,0.999977,0.99997985,0.9999807,0.99997556,0.9999813
default_wag,results/model_checkpoints/20260715_195803_seed1337_20005214_best_step1500.pt,1500,walmart_amazon,cross_source,True,"title, brand, modelno, category, description",2,0.99997455,0.99997455,0.999966,0.99996924,0.99997985,0.9999831,0.9999639,0.9999852
default_wag,results/model_checkpoints/20260715_195803_seed1337_20005214_best_step1500.pt,1500,walmart_amazon,cross_source,True,"title, brand, price, description",2,0.9999585,0.9999585,0.9999367,0.99994487,0.99997216,0.99998033,0.9999312,0.9999858
default_wag,results/model_checkpoints/20260715_195803_seed1337_20005214_best_step1500.pt,1500,walmart_amazon,cross_source,True,"brand, modelno, category, description",1,0.99995637,0.99995637,0.99995637,0.99995637,0.99995637,0.99995637,0.99995637,0.99995637
default_wag,results/model_checkpoints/20260715_195803_seed1337_20005214_best_step1500.pt,1500,walmart_amazon,cross_source,True,"brand, price, description",1,0.9999809,0.9999809,0.9999809,0.9999809,0.9999809,0.9999809,0.9999809,0.9999809
default_wag,results/model_checkpoints/20260715_195803_seed1337_20005214_best_step1500.pt,1500,walmart_amazon,cross_source,True,"category, price",1,0.9627503,0.9627503,0.9627503,0.9627503,0.9627503,0.9627503,0.9627503,0.9627503
default_wag,results/model_checkpoints/20260715_195803_seed1337_20005214_best_step1500.pt,1500,walmart_amazon,cross_source,True,"modelno, price, description",1,0.9999093,0.9999093,0.9999093,0.9999093,0.9999093,0.9999093,0.9999093,0.9999093
default_wag,results/model_checkpoints/20260715_195803_seed1337_20005214_best_step1500.pt,1500,walmart_amazon,cross_source,True,"price, description",1,0.99998975,0.99998975,0.99998975,0.99998975,0.99998975,0.99998975,0.99998975,0.99998975
default_wag,results/model_checkpoints/20260715_195803_seed1337_20005214_best_step1500.pt,1500,walmart_amazon,cross_source,True,"title, modelno",1,0.99999,0.99999,0.99999,0.99999,0.99999,0.99999,0.99999,0.99999
default_wag,results/model_checkpoints/20260715_195803_seed1337_20005214_best_step1500.pt,1500,amazon_google_price_numeric,cross_source,False,"title, description, manufacturer, price",212711,0.99244326,0.99984205,0.99880207,0.9995931,0.99992466,0.99995565,0.00033634395,0.9999893
default_wag,results/model_checkpoints/20260715_195803_seed1337_20005214_best_step1500.pt,1500,amazon_google_price_numeric,cross_source,False,"title, description, price",71541,0.9902935,0.99991834,0.9995926,0.99982613,0.9999541,0.9999697,0.0019892703,0.99998975
default_wag,results/model_checkpoints/20260715_195803_seed1337_20005214_best_step1500.pt,1500,amazon_google_price_numeric,cross_source,False,"title, description, manufacturer",3773,0.9996417,0.99987257,0.9993089,0.9997117,0.9999366,0.9999615,0.9488827,0.99998736
default_wag,results/model_checkpoints/20260715_195803_seed1337_20005214_best_step1500.pt,1500,amazon_google_price_numeric,cross_source,False,"title, manufacturer, price",946,0.99993986,0.9999611,0.9998826,0.99993694,0.9999726,0.999979,0.99931455,0.9999876
default_wag,results/model_checkpoints/20260715_195803_seed1337_20005214_best_step1500.pt,1500,amazon_google_price_numeric,cross_source,False,"title, description",514,0.9999094,0.99995565,0.99981797,0.9999158,0.99997413,0.99998146,0.9981761,0.99998915
default_wag,results/model_checkpoints/20260715_195803_seed1337_20005214_best_step1500.pt,1500,amazon_google_price_numeric,cross_source,False,"title, price",106,0.99997616,0.99997824,0.9999647,0.9999708,0.9999827,0.9999856,0.9999418,0.9999901
default_wag,results/model_checkpoints/20260715_195803_seed1337_20005214_best_step1500.pt,1500,amazon_google_price_numeric,cross_source,False,"title, manufacturer",50,0.99992776,0.99996114,0.99986887,0.9999242,0.9999702,0.9999766,0.9994067,0.999984
default_wag,results/model_checkpoints/20260715_195803_seed1337_20005214_best_step1500.pt,1500,amazon_google_price_numeric,cross_source,False,title,7,0.9999868,0.9999883,0.99998313,0.9999865,0.99998856,0.9999891,0.9999796,0.99998987
default_wag,results/model_checkpoints/20260715_195803_seed1337_20005214_best_step1500.pt,1500,amazon_google_price_numeric,cross_source,False,description,1,0.999987,0.999987,0.999987,0.999987,0.999987,0.999987,0.999987,0.999987
default_wag,results/model_checkpoints/20260715_195803_seed1337_20005214_best_step1500.pt,1500,amazon_google_price_numeric,cross_source,False,"description, manufacturer, price",1,0.9999865,0.9999865,0.9999865,0.9999865,0.9999865,0.9999865,0.9999865,0.9999865
default_wag,results/model_checkpoints/20260715_195803_seed1337_20005214_best_step1500.pt,1500,amazon_google_price_numeric,cross_source,False,"description, price",1,0.9999895,0.9999895,0.9999895,0.9999895,0.9999895,0.9999895,0.9999895,0.9999895
default_wag,results/model_checkpoints/20260715_195803_seed1337_20005214_best_step1500.pt,1500,amazon_google_price_numeric,cross_source,True,"title, description, manufacturer, price",456,0.99350554,0.9999815,0.9999544,0.9999745,0.99998605,0.9999876,0.008840008,0.99999034
default_wag,results/model_checkpoints/20260715_195803_seed1337_20005214_best_step1500.pt,1500,amazon_google_price_numeric,cross_source,True,"title, description, manufacturer",50,0.9999791,0.9999824,0.99997294,0.9999777,0.99998534,0.999987,0.9999255,0.9999889
default_wag,results/model_checkpoints/20260715_195803_seed1337_20005214_best_step1500.pt,1500,amazon_google_price_numeric,cross_source,True,"title, description, price",42,0.9999792,0.9999842,0.9999642,0.9999759,0.999987,0.99998784,0.99993634,0.9999888
default_wag,results/model_checkpoints/20260715_195803_seed1337_20005214_best_step1500.pt,1500,amazon_google_price_numeric,cross_source,True,"description, manufacturer, price",15,0.99998224,0.99998343,0.99997425,0.99998033,0.9999875,0.99998814,0.99996376,0.9999896
default_wag,results/model_checkpoints/20260715_195803_seed1337_20005214_best_step1500.pt,1500,amazon_google_price_numeric,cross_source,True,"title, manufacturer, price",8,0.99998677,0.9999873,0.99998426,0.9999857,0.99998784,0.9999884,0.99998367,0.9999893
default_wag,results/model_checkpoints/20260715_195803_seed1337_20005214_best_step1500.pt,1500,amazon_google_price_numeric,cross_source,True,<none>,3,0.9999888,0.9999888,0.9999888,0.9999888,0.9999888,0.9999888,0.9999888,0.9999888
default_wag,results/model_checkpoints/20260715_195803_seed1337_20005214_best_step1500.pt,1500,amazon_google_price_numeric,cross_source,True,"title, description",3,0.99998707,0.9999881,0.99998504,0.9999862,0.99998844,0.9999887,0.99998426,0.9999888
default_wag,results/model_checkpoints/20260715_195803_seed1337_20005214_best_step1500.pt,1500,amazon_google_price_numeric,cross_source,True,"description, price",2,0.9999889,0.9999889,0.9999889,0.9999889,0.9999889,0.9999889,0.9999889,0.9999889
default_wag,results/model_checkpoints/20260715_195803_seed1337_20005214_best_step1500.pt,1500,amazon_google_price_numeric,cross_source,True,"title, price",1,0.99998903,0.99998903,0.99998903,0.99998903,0.99998903,0.99998903,0.99998903,0.99998903
default_wag,results/model_checkpoints/20260715_195803_seed1337_20005214_best_step1500.pt,1500,amazon_google_price_both,cross_source,False,"title, description, manufacturer, price_text, price_numeric",212106,0.9928553,0.99977094,0.9982672,0.99940026,0.9998956,0.999941,0.0011103082,0.9999876
default_wag,results/model_checkpoints/20260715_195803_seed1337_20005214_best_step1500.pt,1500,amazon_google_price_both,cross_source,False,"title, description, price_text, price_numeric",72205,0.9901737,0.9998621,0.99916023,0.99967265,0.99993074,0.9999578,0.0025705036,0.9999889
default_wag,results/model_checkpoints/20260715_195803_seed1337_20005214_best_step1500.pt,1500,amazon_google_price_both,cross_source,False,"title, description, manufacturer",3698,0.999653,0.9998748,0.99938494,0.9997351,0.99993706,0.9999617,0.9437207,0.99998593
default_wag,results/model_checkpoints/20260715_195803_seed1337_20005214_best_step1500.pt,1500,amazon_google_price_both,cross_source,False,"title, manufacturer, price_text, price_numeric",956,0.9998744,0.9999362,0.99975586,0.99988055,0.99995816,0.999971,0.99579793,0.9999862
default_wag,results/model_checkpoints/20260715_195803_seed1337_20005214_best_step1500.pt,1500,amazon_google_price_both,cross_source,False,"title, description",514,0.9999113,0.99995714,0.99982476,0.9999142,0.9999747,0.9999824,0.99759126,0.9999893
default_wag,results/model_checkpoints/20260715_195803_seed1337_20005214_best_step1500.pt,1500,amazon_google_price_both,cross_source,False,"title, price_text, price_numeric",109,0.9999523,0.9999654,0.9999125,0.99994123,0.999977,0.99998134,0.99979657,0.99998903
default_wag,results/model_checkpoints/20260715_195803_seed1337_20005214_best_step1500.pt,1500,amazon_google_price_both,cross_source,False,"title, manufacturer",56,0.999932,0.9999577,0.99986035,0.99993217,0.99997014,0.9999784,0.99949145,0.9999858
default_wag,results/model_checkpoints/20260715_195803_seed1337_20005214_best_step1500.pt,1500,amazon_google_price_both,cross_source,False,title,4,0.99998486,0.99998856,0.9999772,0.99998426,0.99998915,0.99998957,0.99997246,0.99998987
default_wag,results/model_checkpoints/20260715_195803_seed1337_20005214_best_step1500.pt,1500,amazon_google_price_both,cross_source,False,description,2,0.99998575,0.99998575,0.9999857,0.9999857,0.9999858,0.9999858,0.9999857,0.9999858
default_wag,results/model_checkpoints/20260715_195803_seed1337_20005214_best_step1500.pt,1500,amazon_google_price_both,cross_source,False,"description, price_text, price_numeric",1,0.9999888,0.9999888,0.9999888,0.9999888,0.9999888,0.9999888,0.9999888,0.9999888
default_wag,results/model_checkpoints/20260715_195803_seed1337_20005214_best_step1500.pt,1500,amazon_google_price_both,cross_source,True,"title, description, manufacturer, price_text, price_numeric",458,0.9936558,0.9999745,0.9999341,0.99995863,0.9999816,0.99998486,0.024845205,0.9999888
default_wag,results/model_checkpoints/20260715_195803_seed1337_20005214_best_step1500.pt,1500,amazon_google_price_both,cross_source,True,"title, description, manufacturer",46,0.99998045,0.99998283,0.99997294,0.9999801,0.9999851,0.99998724,0.9999312,0.99998903
default_wag,results/model_checkpoints/20260715_195803_seed1337_20005214_best_step1500.pt,1500,amazon_google_price_both,cross_source,True,"title, description, price_text, price_numeric",46,0.99996763,0.9999773,0.9999525,0.9999682,0.99998343,0.9999853,0.9997181,0.9999875
default_wag,results/model_checkpoints/20260715_195803_seed1337_20005214_best_step1500.pt,1500,amazon_google_price_both,cross_source,True,"description, manufacturer, price_text, price_numeric",13,0.99998003,0.9999814,0.99997306,0.9999777,0.99998426,0.9999853,0.99996734,0.9999857
default_wag,results/model_checkpoints/20260715_195803_seed1337_20005214_best_step1500.pt,1500,amazon_google_price_both,cross_source,True,"title, manufacturer, price_text, price_numeric",8,0.9999741,0.9999834,0.999958,0.99997044,0.9999844,0.9999848,0.99993193,0.999985
default_wag,results/model_checkpoints/20260715_195803_seed1337_20005214_best_step1500.pt,1500,amazon_google_price_both,cross_source,True,"title, description",4,0.99998397,0.99998504,0.9999794,0.99998236,0.99998665,0.9999877,0.99997735,0.99998844
default_wag,results/model_checkpoints/20260715_195803_seed1337_20005214_best_step1500.pt,1500,amazon_google_price_both,cross_source,True,<none>,2,0.9999888,0.9999888,0.9999888,0.9999888,0.9999888,0.9999888,0.9999888,0.9999888
default_wag,results/model_checkpoints/20260715_195803_seed1337_20005214_best_step1500.pt,1500,amazon_google_price_both,cross_source,True,"description, price_text, price_numeric",2,0.99998283,0.99998283,0.99997836,0.99998003,0.99998564,0.9999873,0.99997723,0.99998844
default_wag,results/model_checkpoints/20260715_195803_seed1337_20005214_best_step1500.pt,1500,amazon_google_price_both,cross_source,True,"title, price_text, price_numeric",1,0.9999858,0.9999858,0.9999858,0.9999858,0.9999858,0.9999858,0.9999858,0.9999858
hard_negative_wag,results/model_checkpoints/20260721_200947_seed1337_bda60282_best_step1500.pt,1500,nc_voters_shared,all_pairs,False,"givenname, surname, suburb, postcode",317210,0.033902455,0.00048063614,3.970555e-06,3.679171e-05,0.006576229,0.06355499,6.281178e-10,0.99704176
hard_negative_wag,results/model_checkpoints/20260721_200947_seed1337_bda60282_best_step1500.pt,1500,nc_voters_shared,all_pairs,False,"givenname, surname, postcode",2658,0.17377077,0.022540355,0.0002839811,0.0015870671,0.21755344,0.711627,1.4273411e-06,0.99576735
hard_negative_wag,results/model_checkpoints/20260721_200947_seed1337_bda60282_best_step1500.pt,1500,nc_voters_shared,all_pairs,False,"surname, suburb, postcode",1345,0.26789755,0.09287476,0.0006694232,0.017594092,0.5174468,0.83831793,9.87826e-05,0.9993691
hard_negative_wag,results/model_checkpoints/20260721_200947_seed1337_bda60282_best_step1500.pt,1500,nc_voters_shared,all_pairs,False,"givenname, surname",710,0.33038998,0.05694907,0.00086921867,0.012483497,0.6838077,0.9531045,6.3273055e-06,0.99953246
hard_negative_wag,results/model_checkpoints/20260721_200947_seed1337_bda60282_best_step1500.pt,1500,nc_voters_shared,all_pairs,False,"givenname, suburb, postcode",186,0.15947965,0.008823799,0.00011189386,0.001987549,0.3258295,0.34391803,3.2387376e-05,0.9636984
hard_negative_wag,results/model_checkpoints/20260721_200947_seed1337_bda60282_best_step1500.pt,1500,nc_voters_shared,all_pairs,False,"givenname, surname, suburb",131,0.27137467,0.058045458,0.00019371325,0.0020804051,0.5940615,0.8538969,1.9824822e-06,0.99871385
hard_negative_wag,results/model_checkpoints/20260721_200947_seed1337_bda60282_best_step1500.pt,1500,nc_voters_shared,all_pairs,False,"surname, postcode",15,0.9815791,0.9770588,0.9770588,0.9770588,0.9770588,0.9996604,0.9770588,0.9996604
hard_negative_wag,results/model_checkpoints/20260721_200947_seed1337_bda60282_best_step1500.pt,1500,nc_voters_shared,all_pairs,False,surname,3,0.9967313,0.9967313,0.9967313,0.9967313,0.9967313,0.9967313,0.9967313,0.9967313
hard_negative_wag,results/model_checkpoints/20260721_200947_seed1337_bda60282_best_step1500.pt,1500,nc_voters_shared,all_pairs,True,<none>,855,0.99996305,0.99996305,0.99996305,0.99996305,0.99996305,0.99996305,0.99996305,0.99996305
hard_negative_wag,results/model_checkpoints/20260721_200947_seed1337_bda60282_best_step1500.pt,1500,nc_voters_shared,all_pairs,True,"suburb, postcode",105,0.9929495,0.99938583,0.985797,0.9954372,0.99979335,0.99985564,0.9095009,0.99994504
hard_negative_wag,results/model_checkpoints/20260721_200947_seed1337_bda60282_best_step1500.pt,1500,nc_voters_shared,all_pairs,True,"givenname, surname",84,0.91771054,0.9537191,0.8003481,0.85720825,0.9922982,0.99780226,0.6042078,0.9995652
hard_negative_wag,results/model_checkpoints/20260721_200947_seed1337_bda60282_best_step1500.pt,1500,nc_voters_shared,all_pairs,True,"surname, postcode",73,0.95113873,0.9973871,0.9651398,0.98554,0.9994672,0.99982053,0.026155353,0.9999002
hard_negative_wag,results/model_checkpoints/20260721_200947_seed1337_bda60282_best_step1500.pt,1500,nc_voters_shared,all_pairs,True,"givenname, suburb",72,0.9542912,0.9950483,0.8777815,0.9856831,0.99769,0.9992183,0.58475786,0.9997656
hard_negative_wag,results/model_checkpoints/20260721_200947_seed1337_bda60282_best_step1500.pt,1500,nc_voters_shared,all_pairs,True,"givenname, postcode",69,0.92948425,0.9920528,0.57653946,0.9670979,0.99919266,0.99940056,0.3276487,0.9998815
hard_negative_wag,results/model_checkpoints/20260721_200947_seed1337_bda60282_best_step1500.pt,1500,nc_voters_shared,all_pairs,True,"surname, suburb",48,0.9323976,0.9960836,0.63045865,0.9639276,0.9995939,0.99976426,0.46335426,0.9999697
hard_negative_wag,results/model_checkpoints/20260721_200947_seed1337_bda60282_best_step1500.pt,1500,nc_voters_shared,all_pairs,True,"givenname, surname, postcode",13,0.7419962,0.88322306,0.23835313,0.4594565,0.98733586,0.99736226,0.07322486,0.999233
hard_negative_wag,results/model_checkpoints/20260721_200947_seed1337_bda60282_best_step1500.pt,1500,nc_voters_shared,all_pairs,True,"givenname, suburb, postcode",11,0.96503013,0.98966813,0.925537,0.9820153,0.99787915,0.9989103,0.76215625,0.99957293
hard_negative_wag,results/model_checkpoints/20260721_200947_seed1337_bda60282_best_step1500.pt,1500,nc_voters_shared,all_pairs,True,"givenname, surname, suburb, postcode",9,0.6588158,0.63769287,0.13175964,0.59784615,0.96947193,0.97581875,0.07831595,0.9996587
hard_negative_wag,results/model_checkpoints/20260721_200947_seed1337_bda60282_best_step1500.pt,1500,nc_voters_shared,all_pairs,True,"surname, suburb, postcode",7,0.9515991,0.9873361,0.8553638,0.9363108,0.996827,0.997788,0.8087968,0.99878544
hard_negative_wag,results/model_checkpoints/20260721_200947_seed1337_bda60282_best_step1500.pt,1500,nc_voters_shared,all_pairs,True,"givenname, surname, suburb",5,0.6853156,0.85496,0.2824699,0.4719904,0.95206904,0.97568905,0.15612288,0.9914357
hard_negative_wag,results/model_checkpoints/20260721_200947_seed1337_bda60282_best_step1500.pt,1500,nc_voters_shared,all_pairs,True,suburb,1,0.9998745,0.9998745,0.9998745,0.9998745,0.9998745,0.9998745,0.9998745,0.9998745
hard_negative_wag,results/model_checkpoints/20260721_200947_seed1337_bda60282_best_step1500.pt,1500,nc_voters_changed,all_pairs,False,"givenname, surname, suburb, postcode",351033,0.060928468,0.0017692423,1.1132441e-05,0.00011732532,0.024449548,0.17820778,2.8846996e-09,0.9990357
hard_negative_wag,results/model_checkpoints/20260721_200947_seed1337_bda60282_best_step1500.pt,1500,nc_voters_changed,all_pairs,False,"givenname, surname, postcode",3060,0.26750913,0.0794009,0.00026248535,0.0031072916,0.48074368,0.8951472,1.3957958e-07,0.9991074
hard_negative_wag,results/model_checkpoints/20260721_200947_seed1337_bda60282_best_step1500.pt,1500,nc_voters_changed,all_pairs,False,"surname, suburb, postcode",812,0.41079593,0.24512126,0.0029714408,0.015338363,0.87541294,0.98269075,2.9211722e-05,0.9995316
hard_negative_wag,results/model_checkpoints/20260721_200947_seed1337_bda60282_best_step1500.pt,1500,nc_voters_changed,all_pairs,False,"givenname, surname",619,0.3965975,0.28961042,0.0011310412,0.017243464,0.77638185,0.9591092,6.5988856e-06,0.99630713
hard_negative_wag,results/model_checkpoints/20260721_200947_seed1337_bda60282_best_step1500.pt,1500,nc_voters_changed,all_pairs,False,"givenname, suburb, postcode",226,0.23967348,0.03581878,0.00012347462,0.002197343,0.42096078,0.97114456,1.1124174e-06,0.99323624
hard_negative_wag,results/model_checkpoints/20260721_200947_seed1337_bda60282_best_step1500.pt,1500,nc_voters_changed,all_pairs,False,"givenname, surname, suburb",207,0.43683442,0.3747336,0.0046376227,0.036164694,0.8608713,0.9457002,1.3382554e-05,0.9924232
hard_negative_wag,results/model_checkpoints/20260721_200947_seed1337_bda60282_best_step1500.pt,1500,nc_voters_changed,all_pairs,True,<none>,652,0.99996305,0.99996305,0.99996305,0.99996305,0.99996305,0.99996305,0.99996305,0.99996305
hard_negative_wag,results/model_checkpoints/20260721_200947_seed1337_bda60282_best_step1500.pt,1500,nc_voters_changed,all_pairs,True,"givenname, surname",168,0.9716105,0.98957646,0.89438903,0.9656316,0.9982093,0.99923515,0.73279834,0.9998018
hard_negative_wag,results/model_checkpoints/20260721_200947_seed1337_bda60282_best_step1500.pt,1500,nc_voters_changed,all_pairs,True,"givenname, suburb",142,0.9319026,0.9914422,0.9094893,0.95329714,0.99696803,0.998596,0.15966141,0.9997305
hard_negative_wag,results/model_checkpoints/20260721_200947_seed1337_bda60282_best_step1500.pt,1500,nc_voters_changed,all_pairs,True,"givenname, postcode",130,0.9366821,0.99270546,0.90288186,0.96526873,0.9982955,0.9992187,0.039536715,0.9999254
hard_negative_wag,results/model_checkpoints/20260721_200947_seed1337_bda60282_best_step1500.pt,1500,nc_voters_changed,all_pairs,True,"suburb, postcode",109,0.9981911,0.9994337,0.9939381,0.9985954,0.99975294,0.99985003,0.98692894,0.9999385
hard_negative_wag,results/model_checkpoints/20260721_200947_seed1337_bda60282_best_step1500.pt,1500,nc_voters_changed,all_pairs,True,"surname, postcode",109,0.99279916,0.9990282,0.99064475,0.9957467,0.9997751,0.99985766,0.8485864,0.99993634
hard_negative_wag,results/model_checkpoints/20260721_200947_seed1337_bda60282_best_step1500.pt,1500,nc_voters_changed,all_pairs,True,"surname, suburb",105,0.95557135,0.99702966,0.9010202,0.98104054,0.99928635,0.99981827,0.44560042,0.9999205
hard_negative_wag,results/model_checkpoints/20260721_200947_seed1337_bda60282_best_step1500.pt,1500,nc_voters_changed,all_pairs,True,"givenname, suburb, postcode",15,0.9262561,0.9771807,0.9211543,0.9287586,0.98861694,0.99542326,0.3435539,0.99968266
hard_negative_wag,results/model_checkpoints/20260721_200947_seed1337_bda60282_best_step1500.pt,1500,nc_voters_changed,all_pairs,True,"surname, suburb, postcode",14,0.97015274,0.9944685,0.8898059,0.972036,0.99772,0.99870753,0.8590854,0.99975497
hard_negative_wag,results/model_checkpoints/20260721_200947_seed1337_bda60282_best_step1500.pt,1500,nc_voters_changed,all_pairs,True,"givenname, surname, suburb, postcode",13,0.5617309,0.62592804,0.04079483,0.14365852,0.940361,0.9799545,0.0020791623,0.99717605
hard_negative_wag,results/model_checkpoints/20260721_200947_seed1337_bda60282_best_step1500.pt,1500,nc_voters_changed,all_pairs,True,"givenname, surname, suburb",11,0.94338727,0.96636736,0.87324446,0.91588795,0.9948982,0.99587446,0.8110093,0.9975083
hard_negative_wag,results/model_checkpoints/20260721_200947_seed1337_bda60282_best_step1500.pt,1500,nc_voters_changed,all_pairs,True,"givenname, surname, postcode",8,0.89863133,0.96478665,0.7524709,0.93636465,0.9852895,0.99756765,0.44489503,0.9979006
hard_negative_wag,results/model_checkpoints/20260721_200947_seed1337_bda60282_best_step1500.pt,1500,nc_voters_changed,all_pairs,True,surname,2,0.99990547,0.99990547,0.9998778,0.9998882,0.99992275,0.9999331,0.9998709,0.99994004
hard_negative_wag,results/model_checkpoints/20260721_200947_seed1337_bda60282_best_step1500.pt,1500,bpid_matching_balanced,all_pairs,False,"fullname, email, phone, addr, dob",1691237,0.02003196,0.000109122586,4.3289913e-07,5.2688297e-06,0.0024065685,0.028268866,2.7980764e-12,0.9990808
hard_negative_wag,results/model_checkpoints/20260721_200947_seed1337_bda60282_best_step1500.pt,1500,bpid_matching_balanced,all_pairs,False,"fullname, phone, addr, dob",96877,0.020467754,0.000105044724,1.1171766e-06,8.674591e-06,0.0018528521,0.024953151,4.5857584e-10,0.9968252
hard_negative_wag,results/model_checkpoints/20260721_200947_seed1337_bda60282_best_step1500.pt,1500,bpid_matching_balanced,all_pairs,False,"fullname, email, phone, dob",57684,0.01785766,3.5092962e-05,1.8056848e-07,1.9067869e-06,0.00092680886,0.016206408,2.8351028e-11,0.98955464
hard_negative_wag,results/model_checkpoints/20260721_200947_seed1337_bda60282_best_step1500.pt,1500,bpid_matching_balanced,all_pairs,False,"email, phone, addr, dob",53770,0.015426147,3.64832e-05,3.237586e-07,2.6235468e-06,0.00072989723,0.013043987,2.6956126e-10,0.9985207
hard_negative_wag,results/model_checkpoints/20260721_200947_seed1337_bda60282_best_step1500.pt,1500,bpid_matching_balanced,all_pairs,False,"fullname, email, phone, addr",51757,0.02597922,0.0005631378,7.1764507e-06,5.3546806e-05,0.005802942,0.04360476,2.1421245e-09,0.995053
hard_negative_wag,results/model_checkpoints/20260721_200947_seed1337_bda60282_best_step1500.pt,1500,bpid_matching_balanced,all_pairs,False,"fullname, email, addr, dob",42121,0.023933815,5.748997e-05,3.477614e-07,3.4330797e-06,0.0013510262,0.024628129,5.2803283e-11,0.994913
hard_negative_wag,results/model_checkpoints/20260721_200947_seed1337_bda60282_best_step1500.pt,1500,bpid_matching_balanced,all_pairs,False,"phone, addr, dob",2217,0.023858536,0.00015645799,2.738471e-06,1.563436e-05,0.0024712898,0.02935053,1.4149946e-08,0.9650213
hard_negative_wag,results/model_checkpoints/20260721_200947_seed1337_bda60282_best_step1500.pt,1500,bpid_matching_balanced,all_pairs,False,"fullname, phone, addr",504,0.05768255,0.0041372525,7.7020464e-05,0.00051685475,0.03323482,0.19026126,5.686104e-07,0.98759717
hard_negative_wag,results/model_checkpoints/20260721_200947_seed1337_bda60282_best_step1500.pt,1500,bpid_matching_balanced,all_pairs,False,"email, phone, dob",472,0.032751065,7.6598866e-05,2.8764129e-07,3.5009077e-06,0.0027396113,0.041744348,4.3514277e-09,0.98592466
hard_negative_wag,results/model_checkpoints/20260721_200947_seed1337_bda60282_best_step1500.pt,1500,bpid_matching_balanced,all_pairs,False,"fullname, email, dob",467,0.06796436,0.00036676452,1.6983765e-06,1.8638675e-05,0.0076263556,0.21836539,6.7540618e-09,0.99831724
hard_negative_wag,results/model_checkpoints/20260721_200947_seed1337_bda60282_best_step1500.pt,1500,bpid_matching_balanced,all_pairs,False,"fullname, email, phone",444,0.060566865,0.0023951896,3.6075147e-05,0.000246463,0.01980591,0.18523617,2.3750486e-07,0.9951201
hard_negative_wag,results/model_checkpoints/20260721_200947_seed1337_bda60282_best_step1500.pt,1500,bpid_matching_balanced,all_pairs,False,"fullname, phone, dob",278,0.028338099,0.0002483867,3.2792666e-06,2.2008306e-05,0.0030940906,0.015029141,7.3039956e-09,0.98781115
hard_negative_wag,results/model_checkpoints/20260721_200947_seed1337_bda60282_best_step1500.pt,1500,bpid_matching_balanced,all_pairs,False,"fullname, addr, dob",191,0.021559827,0.00031328655,3.982493e-06,3.1845975e-05,0.0036018835,0.026809307,1.5069139e-07,0.99944514
hard_negative_wag,results/model_checkpoints/20260721_200947_seed1337_bda60282_best_step1500.pt,1500,bpid_matching_balanced,all_pairs,False,"email, phone, addr",166,0.07924723,0.0028279508,8.497658e-05,0.0005031438,0.029537454,0.24278462,6.1516516e-07,0.99709046
hard_negative_wag,results/model_checkpoints/20260721_200947_seed1337_bda60282_best_step1500.pt,1500,bpid_matching_balanced,all_pairs,False,"fullname, email, addr",156,0.09064422,0.007035684,5.04903e-05,0.00084160024,0.045037873,0.37273905,3.9418055e-06,0.9249789
hard_negative_wag,results/model_checkpoints/20260721_200947_seed1337_bda60282_best_step1500.pt,1500,bpid_matching_balanced,all_pairs,False,"email, addr, dob",144,0.03701764,0.00015902659,1.0866182e-06,7.77802e-06,0.00317684,0.059864823,2.886033e-08,0.9891811
hard_negative_wag,results/model_checkpoints/20260721_200947_seed1337_bda60282_best_step1500.pt,1500,bpid_matching_balanced,all_pairs,False,"fullname, dob",3,0.31048948,0.006280613,0.004361411,0.0050811116,0.4637934,0.7383011,0.0038816105,0.9213062
hard_negative_wag,results/model_checkpoints/20260721_200947_seed1337_bda60282_best_step1500.pt,1500,bpid_matching_balanced,all_pairs,False,"fullname, email",3,0.50219554,0.5766488,0.11981667,0.2911287,0.75048894,0.854793,0.005608638,0.9243291
hard_negative_wag,results/model_checkpoints/20260721_200947_seed1337_bda60282_best_step1500.pt,1500,bpid_matching_balanced,all_pairs,False,"phone, dob",3,0.0008384616,0.0010303451,0.00032049423,0.0005866883,0.0011861767,0.0012796758,0.00014303152,0.0013420084
hard_negative_wag,results/model_checkpoints/20260721_200947_seed1337_bda60282_best_step1500.pt,1500,bpid_matching_balanced,all_pairs,False,"email, phone",2,0.7958318,0.7958318,0.77467495,0.78260875,0.80905485,0.81698865,0.76938576,0.82227784
hard_negative_wag,results/model_checkpoints/20260721_200947_seed1337_bda60282_best_step1500.pt,1500,bpid_matching_balanced,all_pairs,False,"email, addr",1,0.97368014,0.97368014,0.97368014,0.97368014,0.97368014,0.97368014,0.97368014,0.97368014
hard_negative_wag,results/model_checkpoints/20260721_200947_seed1337_bda60282_best_step1500.pt,1500,bpid_matching_balanced,all_pairs,False,"email, dob",1,0.03168511,0.03168511,0.03168511,0.03168511,0.03168511,0.03168511,0.03168511,0.03168511
hard_negative_wag,results/model_checkpoints/20260721_200947_seed1337_bda60282_best_step1500.pt,1500,bpid_matching_balanced,all_pairs,False,phone,1,0.99614763,0.99614763,0.99614763,0.99614763,0.99614763,0.99614763,0.99614763,0.99614763
hard_negative_wag,results/model_checkpoints/20260721_200947_seed1337_bda60282_best_step1500.pt,1500,bpid_matching_balanced,all_pairs,False,"phone, addr",1,0.004395165,0.004395165,0.004395165,0.004395165,0.004395165,0.004395165,0.004395165,0.004395165
hard_negative_wag,results/model_checkpoints/20260721_200947_seed1337_bda60282_best_step1500.pt,1500,bpid_matching_balanced,all_pairs,True,"fullname, email, phone, addr, dob",143,0.33497927,0.19777077,5.9315225e-05,0.0035276874,0.6591852,0.94227666,1.0996441e-06,0.99881554
hard_negative_wag,results/model_checkpoints/20260721_200947_seed1337_bda60282_best_step1500.pt,1500,bpid_matching_balanced,all_pairs,True,"fullname, phone, addr, dob",71,0.54415816,0.72346836,0.0012277424,0.041016344,0.961964,0.98446226,5.625641e-06,0.9997967
hard_negative_wag,results/model_checkpoints/20260721_200947_seed1337_bda60282_best_step1500.pt,1500,bpid_matching_balanced,all_pairs,True,"email, phone, addr, dob",55,0.48928332,0.41100955,0.00042882757,0.07362701,0.95375234,0.9863547,1.8454044e-06,0.9986676
hard_negative_wag,results/model_checkpoints/20260721_200947_seed1337_bda60282_best_step1500.pt,1500,bpid_matching_balanced,all_pairs,True,"fullname, email, phone, dob",48,0.5243438,0.6202036,0.00057514844,0.017791213,0.9800921,0.9971331,4.737391e-06,0.999435
hard_negative_wag,results/model_checkpoints/20260721_200947_seed1337_bda60282_best_step1500.pt,1500,bpid_matching_balanced,all_pairs,True,"fullname, email, addr, dob",35,0.47707924,0.3482666,0.0005903811,0.04693048,0.8670018,0.98504156,5.584284e-05,0.99349594
hard_negative_wag,results/model_checkpoints/20260721_200947_seed1337_bda60282_best_step1500.pt,1500,bpid_matching_balanced,all_pairs,True,"fullname, email, phone, addr",27,0.51836014,0.49026936,0.045972317,0.19775198,0.9106992,0.9870162,0.0016515347,0.99951303
hard_negative_wag,results/model_checkpoints/20260721_200947_seed1337_bda60282_best_step1500.pt,1500,bpid_matching_balanced,all_pairs,True,"phone, addr, dob",16,0.5398684,0.6024804,0.0014754822,0.029231884,0.99653876,0.9996043,0.0006925723,0.9998441
hard_negative_wag,results/model_checkpoints/20260721_200947_seed1337_bda60282_best_step1500.pt,1500,bpid_matching_balanced,all_pairs,True,"fullname, phone, addr",15,0.81774163,0.9331872,0.3807674,0.8288696,0.9876937,0.99756926,0.10700948,0.99881387
hard_negative_wag,results/model_checkpoints/20260721_200947_seed1337_bda60282_best_step1500.pt,1500,bpid_matching_balanced,all_pairs,True,"email, addr, dob",13,0.7983628,0.95196265,0.23858227,0.78224266,0.99083215,0.99873513,0.027668858,0.99961567
hard_negative_wag,results/model_checkpoints/20260721_200947_seed1337_bda60282_best_step1500.pt,1500,bpid_matching_balanced,all_pairs,True,"email, phone, addr",13,0.825396,0.9505065,0.4521762,0.68491906,0.99342304,0.9970712,0.36310762,0.9986928
hard_negative_wag,results/model_checkpoints/20260721_200947_seed1337_bda60282_best_step1500.pt,1500,bpid_matching_balanced,all_pairs,True,"fullname, addr, dob",11,0.6863705,0.9703517,0.049662374,0.35629827,0.98834527,0.99568886,0.011467964,0.99814105
hard_negative_wag,results/model_checkpoints/20260721_200947_seed1337_bda60282_best_step1500.pt,1500,bpid_matching_balanced,all_pairs,True,"email, phone, dob",10,0.7553627,0.9722611,0.0013601665,0.7547015,0.9847884,0.9990363,0.00047971477,0.9992637
hard_negative_wag,results/model_checkpoints/20260721_200947_seed1337_bda60282_best_step1500.pt,1500,bpid_matching_balanced,all_pairs,True,"fullname, phone, dob",10,0.4266294,0.2146532,0.00027648933,0.00035416032,0.9425551,0.9664983,8.5046144e-05,0.9988458
hard_negative_wag,results/model_checkpoints/20260721_200947_seed1337_bda60282_best_step1500.pt,1500,bpid_matching_balanced,all_pairs,True,"fullname, email, addr",6,0.8636578,0.9734255,0.6186532,0.8658446,0.9986237,0.9988947,0.39916962,0.99891865
hard_negative_wag,results/model_checkpoints/20260721_200947_seed1337_bda60282_best_step1500.pt,1500,bpid_matching_balanced,all_pairs,True,"fullname, email, phone",6,0.86253166,0.96335393,0.6305148,0.7597107,0.9920863,0.99372613,0.5608434,0.99414515
hard_negative_wag,results/model_checkpoints/20260721_200947_seed1337_bda60282_best_step1500.pt,1500,bpid_matching_balanced,all_pairs,True,"fullname, addr",4,0.99328196,0.99336386,0.9911673,0.9920579,0.9945879,0.9953311,0.9905736,0.99582654
hard_negative_wag,results/model_checkpoints/20260721_200947_seed1337_bda60282_best_step1500.pt,1500,bpid_matching_balanced,all_pairs,True,"fullname, email, dob",3,0.65946555,0.8395842,0.2872155,0.49435377,0.9146366,0.9596681,0.14912334,0.9896891
hard_negative_wag,results/model_checkpoints/20260721_200947_seed1337_bda60282_best_step1500.pt,1500,bpid_matching_balanced,all_pairs,True,"email, addr",2,0.99810976,0.99810976,0.9976065,0.9977952,0.9984243,0.998613,0.9974807,0.9987388
hard_negative_wag,results/model_checkpoints/20260721_200947_seed1337_bda60282_best_step1500.pt,1500,bpid_matching_balanced,all_pairs,True,"email, phone",2,0.9650694,0.9650694,0.9450152,0.9525355,0.9776033,0.98512363,0.9400016,0.9901372
hard_negative_wag,results/model_checkpoints/20260721_200947_seed1337_bda60282_best_step1500.pt,1500,bpid_matching_balanced,all_pairs,True,"fullname, phone",2,0.9984076,0.9984076,0.997168,0.99763286,0.99918234,0.9996472,0.9968581,0.9999571
hard_negative_wag,results/model_checkpoints/20260721_200947_seed1337_bda60282_best_step1500.pt,1500,bpid_matching_balanced,all_pairs,True,addr,1,0.99430275,0.99430275,0.99430275,0.99430275,0.99430275,0.99430275,0.99430275,0.99430275
hard_negative_wag,results/model_checkpoints/20260721_200947_seed1337_bda60282_best_step1500.pt,1500,bpid_matching_balanced,all_pairs,True,"addr, dob",1,0.9997733,0.9997733,0.9997733,0.9997733,0.9997733,0.9997733,0.9997733,0.9997733
hard_negative_wag,results/model_checkpoints/20260721_200947_seed1337_bda60282_best_step1500.pt,1500,bpid_matching_balanced,all_pairs,True,"email, dob",1,0.8250133,0.8250133,0.8250133,0.8250133,0.8250133,0.8250133,0.8250133,0.8250133
hard_negative_wag,results/model_checkpoints/20260721_200947_seed1337_bda60282_best_step1500.pt,1500,bpid_matching_balanced,all_pairs,True,fullname,1,0.9999392,0.9999392,0.9999392,0.9999392,0.9999392,0.9999392,0.9999392,0.9999392
hard_negative_wag,results/model_checkpoints/20260721_200947_seed1337_bda60282_best_step1500.pt,1500,bpid_matching_balanced,all_pairs,True,"fullname, dob",1,0.99961025,0.99961025,0.99961025,0.99961025,0.99961025,0.99961025,0.99961025,0.99961025
hard_negative_wag,results/model_checkpoints/20260721_200947_seed1337_bda60282_best_step1500.pt,1500,bpid_matching_balanced,all_pairs,True,"fullname, email",1,0.99990225,0.99990225,0.99990225,0.99990225,0.99990225,0.99990225,0.99990225,0.99990225
hard_negative_wag,results/model_checkpoints/20260721_200947_seed1337_bda60282_best_step1500.pt,1500,bpid_matching_balanced,all_pairs,True,"phone, addr",1,0.86794925,0.86794925,0.86794925,0.86794925,0.86794925,0.86794925,0.86794925,0.86794925
hard_negative_wag,results/model_checkpoints/20260721_200947_seed1337_bda60282_best_step1500.pt,1500,bpid_matching_balanced,all_pairs,True,"phone, dob",1,0.0048042918,0.0048042918,0.0048042918,0.0048042918,0.0048042918,0.0048042918,0.0048042918,0.0048042918
hard_negative_wag,results/model_checkpoints/20260721_200947_seed1337_bda60282_best_step1500.pt,1500,bpid_matching_paired,paired_rows,False,"fullname, email, phone, addr, dob",207,0.15624924,0.011603966,1.6008884e-05,0.0003434207,0.1796849,0.6457089,8.407942e-08,0.9988399
hard_negative_wag,results/model_checkpoints/20260721_200947_seed1337_bda60282_best_step1500.pt,1500,bpid_matching_paired,paired_rows,False,"email, phone, addr, dob",54,0.35243613,0.21170679,0.00014410987,0.004856292,0.7126904,0.9104553,3.3884235e-06,0.96687037
hard_negative_wag,results/model_checkpoints/20260721_200947_seed1337_bda60282_best_step1500.pt,1500,bpid_matching_paired,paired_rows,False,"fullname, phone, addr, dob",51,0.24569151,0.0041477736,1.0391727e-05,0.00025592558,0.51409984,0.9504364,1.317038e-06,0.9968252
hard_negative_wag,results/model_checkpoints/20260721_200947_seed1337_bda60282_best_step1500.pt,1500,bpid_matching_paired,paired_rows,False,"fullname, email, addr, dob",45,0.24927863,0.005087142,2.5432397e-05,0.00014931354,0.36953574,0.9461635,1.07426665e-07,0.994913
hard_negative_wag,results/model_checkpoints/20260721_200947_seed1337_bda60282_best_step1500.pt,1500,bpid_matching_paired,paired_rows,False,"fullname, email, phone, dob",43,0.20872992,0.021902276,2.1832306e-05,5.589641e-05,0.25190565,0.8710772,3.0740946e-08,0.9847327
hard_negative_wag,results/model_checkpoints/20260721_200947_seed1337_bda60282_best_step1500.pt,1500,bpid_matching_paired,paired_rows,False,"fullname, email, phone, addr",25,0.40350133,0.24270621,0.0014874982,0.022452673,0.8335097,0.97002804,2.866138e-05,0.995053
hard_negative_wag,results/model_checkpoints/20260721_200947_seed1337_bda60282_best_step1500.pt,1500,bpid_matching_paired,paired_rows,False,"email, phone, dob",11,0.2484377,0.034662433,4.384114e-05,0.0058555226,0.3057598,0.8612285,1.0945499e-08,0.98592466
hard_negative_wag,results/model_checkpoints/20260721_200947_seed1337_bda60282_best_step1500.pt,1500,bpid_matching_paired,paired_rows,False,"phone, addr, dob",10,0.27216306,0.037669588,8.587178e-05,0.009502348,0.4086997,0.9350796,5.5758388e-05,0.9650213
hard_negative_wag,results/model_checkpoints/20260721_200947_seed1337_bda60282_best_step1500.pt,1500,bpid_matching_paired,paired_rows,False,"fullname, phone, addr",9,0.42768985,0.30482498,0.03829371,0.057780486,0.6353834,0.9671252,0.019696996,0.98759717
hard_negative_wag,results/model_checkpoints/20260721_200947_seed1337_bda60282_best_step1500.pt,1500,bpid_matching_paired,paired_rows,False,"email, addr, dob",8,0.36578473,0.22160023,7.15868e-05,0.033999547,0.62039924,0.9491155,1.0411614e-07,0.9891811
hard_negative_wag,results/model_checkpoints/20260721_200947_seed1337_bda60282_best_step1500.pt,1500,bpid_matching_paired,paired_rows,False,"email, phone, addr",8,0.57217,0.5514294,0.030935204,0.3772253,0.9617377,0.992794,0.0028414973,0.99709046
hard_negative_wag,results/model_checkpoints/20260721_200947_seed1337_bda60282_best_step1500.pt,1500,bpid_matching_paired,paired_rows,False,"fullname, phone, dob",7,0.3955495,0.3126335,9.04397e-05,0.0068101934,0.7273857,0.85581684,1.0052128e-05,0.98781115
hard_negative_wag,results/model_checkpoints/20260721_200947_seed1337_bda60282_best_step1500.pt,1500,bpid_matching_paired,paired_rows,False,"fullname, email, phone",6,0.6573766,0.95986503,0.01866838,0.25447655,0.99187326,0.9935963,0.0075195227,0.9951201
hard_negative_wag,results/model_checkpoints/20260721_200947_seed1337_bda60282_best_step1500.pt,1500,bpid_matching_paired,paired_rows,False,"fullname, email, dob",5,0.50078607,0.7237937,0.00047022005,0.0010920042,0.78067166,0.911259,5.5697223e-05,0.99831724
hard_negative_wag,results/model_checkpoints/20260721_200947_seed1337_bda60282_best_step1500.pt,1500,bpid_matching_paired,paired_rows,False,"email, phone",2,0.7958318,0.7958318,0.77467495,0.78260875,0.80905485,0.81698865,0.76938576,0.82227784
hard_negative_wag,results/model_checkpoints/20260721_200947_seed1337_bda60282_best_step1500.pt,1500,bpid_matching_paired,paired_rows,False,"fullname, dob",2,0.4625939,0.4625939,0.09562407,0.23323774,0.6919501,0.82956374,0.0038816105,0.9213062
hard_negative_wag,results/model_checkpoints/20260721_200947_seed1337_bda60282_best_step1500.pt,1500,bpid_matching_paired,paired_rows,False,"fullname, email",2,0.75048894,0.75048894,0.6114168,0.66356885,0.837409,0.88956106,0.5766488,0.9243291
hard_negative_wag,results/model_checkpoints/20260721_200947_seed1337_bda60282_best_step1500.pt,1500,bpid_matching_paired,paired_rows,False,"fullname, email, addr",2,0.36044624,0.36044624,0.100323655,0.19786961,0.52302283,0.6205688,0.035293017,0.68559945
hard_negative_wag,results/model_checkpoints/20260721_200947_seed1337_bda60282_best_step1500.pt,1500,bpid_matching_paired,paired_rows,False,"email, addr",1,0.97368014,0.97368014,0.97368014,0.97368014,0.97368014,0.97368014,0.97368014,0.97368014
hard_negative_wag,results/model_checkpoints/20260721_200947_seed1337_bda60282_best_step1500.pt,1500,bpid_matching_paired,paired_rows,False,"fullname, addr, dob",1,0.99944514,0.99944514,0.99944514,0.99944514,0.99944514,0.99944514,0.99944514,0.99944514
hard_negative_wag,results/model_checkpoints/20260721_200947_seed1337_bda60282_best_step1500.pt,1500,bpid_matching_paired,paired_rows,False,phone,1,0.99614763,0.99614763,0.99614763,0.99614763,0.99614763,0.99614763,0.99614763,0.99614763
hard_negative_wag,results/model_checkpoints/20260721_200947_seed1337_bda60282_best_step1500.pt,1500,bpid_matching_paired,paired_rows,True,"fullname, email, phone, addr, dob",143,0.33497927,0.19777077,5.9315225e-05,0.0035276874,0.6591852,0.94227666,1.0996441e-06,0.99881554
hard_negative_wag,results/model_checkpoints/20260721_200947_seed1337_bda60282_best_step1500.pt,1500,bpid_matching_paired,paired_rows,True,"fullname, phone, addr, dob",71,0.54415816,0.72346836,0.0012277424,0.041016344,0.961964,0.98446226,5.625641e-06,0.9997967
hard_negative_wag,results/model_checkpoints/20260721_200947_seed1337_bda60282_best_step1500.pt,1500,bpid_matching_paired,paired_rows,True,"email, phone, addr, dob",55,0.48928332,0.41100955,0.00042882757,0.07362701,0.95375234,0.9863547,1.8454044e-06,0.9986676
hard_negative_wag,results/model_checkpoints/20260721_200947_seed1337_bda60282_best_step1500.pt,1500,bpid_matching_paired,paired_rows,True,"fullname, email, phone, dob",48,0.5243438,0.6202036,0.00057514844,0.017791213,0.9800921,0.9971331,4.737391e-06,0.999435
hard_negative_wag,results/model_checkpoints/20260721_200947_seed1337_bda60282_best_step1500.pt,1500,bpid_matching_paired,paired_rows,True,"fullname, email, addr, dob",35,0.47707924,0.3482666,0.0005903811,0.04693048,0.8670018,0.98504156,5.584284e-05,0.99349594
hard_negative_wag,results/model_checkpoints/20260721_200947_seed1337_bda60282_best_step1500.pt,1500,bpid_matching_paired,paired_rows,True,"fullname, email, phone, addr",27,0.51836014,0.49026936,0.045972317,0.19775198,0.9106992,0.9870162,0.0016515347,0.99951303
hard_negative_wag,results/model_checkpoints/20260721_200947_seed1337_bda60282_best_step1500.pt,1500,bpid_matching_paired,paired_rows,True,"phone, addr, dob",16,0.5398684,0.6024804,0.0014754822,0.029231884,0.99653876,0.9996043,0.0006925723,0.9998441
hard_negative_wag,results/model_checkpoints/20260721_200947_seed1337_bda60282_best_step1500.pt,1500,bpid_matching_paired,paired_rows,True,"fullname, phone, addr",15,0.81774163,0.9331872,0.3807674,0.8288696,0.9876937,0.99756926,0.10700948,0.99881387
hard_negative_wag,results/model_checkpoints/20260721_200947_seed1337_bda60282_best_step1500.pt,1500,bpid_matching_paired,paired_rows,True,"email, addr, dob",13,0.7983628,0.95196265,0.23858227,0.78224266,0.99083215,0.99873513,0.027668858,0.99961567
hard_negative_wag,results/model_checkpoints/20260721_200947_seed1337_bda60282_best_step1500.pt,1500,bpid_matching_paired,paired_rows,True,"email, phone, addr",13,0.825396,0.9505065,0.4521762,0.68491906,0.99342304,0.9970712,0.36310762,0.9986928
hard_negative_wag,results/model_checkpoints/20260721_200947_seed1337_bda60282_best_step1500.pt,1500,bpid_matching_paired,paired_rows,True,"fullname, addr, dob",11,0.6863705,0.9703517,0.049662374,0.35629827,0.98834527,0.99568886,0.011467964,0.99814105
hard_negative_wag,results/model_checkpoints/20260721_200947_seed1337_bda60282_best_step1500.pt,1500,bpid_matching_paired,paired_rows,True,"email, phone, dob",10,0.7553627,0.9722611,0.0013601665,0.7547015,0.9847884,0.9990363,0.00047971477,0.9992637
hard_negative_wag,results/model_checkpoints/20260721_200947_seed1337_bda60282_best_step1500.pt,1500,bpid_matching_paired,paired_rows,True,"fullname, phone, dob",10,0.4266294,0.2146532,0.00027648933,0.00035416032,0.9425551,0.9664983,8.5046144e-05,0.9988458
hard_negative_wag,results/model_checkpoints/20260721_200947_seed1337_bda60282_best_step1500.pt,1500,bpid_matching_paired,paired_rows,True,"fullname, email, addr",6,0.8636578,0.9734255,0.6186532,0.8658446,0.9986237,0.9988947,0.39916962,0.99891865
hard_negative_wag,results/model_checkpoints/20260721_200947_seed1337_bda60282_best_step1500.pt,1500,bpid_matching_paired,paired_rows,True,"fullname, email, phone",6,0.86253166,0.96335393,0.6305148,0.7597107,0.9920863,0.99372613,0.5608434,0.99414515
hard_negative_wag,results/model_checkpoints/20260721_200947_seed1337_bda60282_best_step1500.pt,1500,bpid_matching_paired,paired_rows,True,"fullname, addr",4,0.99328196,0.99336386,0.9911673,0.9920579,0.9945879,0.9953311,0.9905736,0.99582654
hard_negative_wag,results/model_checkpoints/20260721_200947_seed1337_bda60282_best_step1500.pt,1500,bpid_matching_paired,paired_rows,True,"fullname, email, dob",3,0.65946555,0.8395842,0.2872155,0.49435377,0.9146366,0.9596681,0.14912334,0.9896891
hard_negative_wag,results/model_checkpoints/20260721_200947_seed1337_bda60282_best_step1500.pt,1500,bpid_matching_paired,paired_rows,True,"email, addr",2,0.99810976,0.99810976,0.9976065,0.9977952,0.9984243,0.998613,0.9974807,0.9987388
hard_negative_wag,results/model_checkpoints/20260721_200947_seed1337_bda60282_best_step1500.pt,1500,bpid_matching_paired,paired_rows,True,"email, phone",2,0.9650694,0.9650694,0.9450152,0.9525355,0.9776033,0.98512363,0.9400016,0.9901372
hard_negative_wag,results/model_checkpoints/20260721_200947_seed1337_bda60282_best_step1500.pt,1500,bpid_matching_paired,paired_rows,True,"fullname, phone",2,0.9984076,0.9984076,0.997168,0.99763286,0.99918234,0.9996472,0.9968581,0.9999571
hard_negative_wag,results/model_checkpoints/20260721_200947_seed1337_bda60282_best_step1500.pt,1500,bpid_matching_paired,paired_rows,True,addr,1,0.99430275,0.99430275,0.99430275,0.99430275,0.99430275,0.99430275,0.99430275,0.99430275
hard_negative_wag,results/model_checkpoints/20260721_200947_seed1337_bda60282_best_step1500.pt,1500,bpid_matching_paired,paired_rows,True,"addr, dob",1,0.9997733,0.9997733,0.9997733,0.9997733,0.9997733,0.9997733,0.9997733,0.9997733
hard_negative_wag,results/model_checkpoints/20260721_200947_seed1337_bda60282_best_step1500.pt,1500,bpid_matching_paired,paired_rows,True,"email, dob",1,0.8250133,0.8250133,0.8250133,0.8250133,0.8250133,0.8250133,0.8250133,0.8250133
hard_negative_wag,results/model_checkpoints/20260721_200947_seed1337_bda60282_best_step1500.pt,1500,bpid_matching_paired,paired_rows,True,fullname,1,0.9999392,0.9999392,0.9999392,0.9999392,0.9999392,0.9999392,0.9999392,0.9999392
hard_negative_wag,results/model_checkpoints/20260721_200947_seed1337_bda60282_best_step1500.pt,1500,bpid_matching_paired,paired_rows,True,"fullname, dob",1,0.99961025,0.99961025,0.99961025,0.99961025,0.99961025,0.99961025,0.99961025,0.99961025
hard_negative_wag,results/model_checkpoints/20260721_200947_seed1337_bda60282_best_step1500.pt,1500,bpid_matching_paired,paired_rows,True,"fullname, email",1,0.99990225,0.99990225,0.99990225,0.99990225,0.99990225,0.99990225,0.99990225,0.99990225
hard_negative_wag,results/model_checkpoints/20260721_200947_seed1337_bda60282_best_step1500.pt,1500,bpid_matching_paired,paired_rows,True,"phone, addr",1,0.86794925,0.86794925,0.86794925,0.86794925,0.86794925,0.86794925,0.86794925,0.86794925
hard_negative_wag,results/model_checkpoints/20260721_200947_seed1337_bda60282_best_step1500.pt,1500,bpid_matching_paired,paired_rows,True,"phone, dob",1,0.0048042918,0.0048042918,0.0048042918,0.0048042918,0.0048042918,0.0048042918,0.0048042918,0.0048042918
hard_negative_wag,results/model_checkpoints/20260721_200947_seed1337_bda60282_best_step1500.pt,1500,ice_id_people_200,all_pairs,False,"census_year, full_name, first_name, patronym, birthyear, sex, status, marriagestatus, farm, county, parish, district",45371,0.21563862,0.02004511,4.6306246e-05,0.0008074776,0.3184079,0.87172127,2.817263e-09,0.9999038
hard_negative_wag,results/model_checkpoints/20260721_200947_seed1337_bda60282_best_step1500.pt,1500,ice_id_people_200,all_pairs,False,"census_year, full_name, first_name, patronym, birthyear, status, marriagestatus, farm, county, parish, district",43034,0.22814614,0.0218146,4.5367182e-05,0.00086630473,0.37841386,0.88895833,1.023964e-08,0.9998635
hard_negative_wag,results/model_checkpoints/20260721_200947_seed1337_bda60282_best_step1500.pt,1500,ice_id_people_200,all_pairs,False,"census_year, full_name, first_name, patronym, birthyear, sex, status, farm, county, parish, district",37965,0.27199167,0.03408407,0.00010612657,0.0013684096,0.5408639,0.96963304,8.2701845e-09,0.9998883
hard_negative_wag,results/model_checkpoints/20260721_200947_seed1337_bda60282_best_step1500.pt,1500,ice_id_people_200,all_pairs,False,"census_year, full_name, first_name, patronym, birthyear, status, farm, county, parish, district",34957,0.28214666,0.04054788,0.00010231045,0.0015358209,0.5820466,0.97563285,3.176144e-08,0.99994755
hard_negative_wag,results/model_checkpoints/20260721_200947_seed1337_bda60282_best_step1500.pt,1500,ice_id_people_200,all_pairs,False,"census_year, full_name, first_name, middle_name, patronym, birthyear, sex, status, farm, county, parish, district",9064,0.3032306,0.020052413,4.6008732e-05,0.00059266965,0.75930625,0.99737287,4.894385e-08,0.999907
hard_negative_wag,results/model_checkpoints/20260721_200947_seed1337_bda60282_best_step1500.pt,1500,ice_id_people_200,all_pairs,False,"census_year, full_name, first_name, middle_name, patronym, birthyear, sex, status, marriagestatus, farm, county, parish, district",8246,0.2111012,0.0035067145,9.6062895e-06,0.00012953114,0.22093205,0.9765318,4.504026e-09,0.99992645
hard_negative_wag,results/model_checkpoints/20260721_200947_seed1337_bda60282_best_step1500.pt,1500,ice_id_people_200,all_pairs,False,"census_year, full_name, first_name, middle_name, patronym, birthyear, status, farm, county, parish, district",8216,0.31406096,0.023538254,6.299703e-05,0.0008468097,0.8011576,0.99832976,3.6948492e-08,0.99991655
hard_negative_wag,results/model_checkpoints/20260721_200947_seed1337_bda60282_best_step1500.pt,1500,ice_id_people_200,all_pairs,False,"census_year, full_name, first_name, middle_name, patronym, birthyear, status, marriagestatus, farm, county, parish, district",7914,0.22719821,0.0049186544,1.1898533e-05,0.00016187143,0.32713813,0.98310167,4.422248e-08,0.99990153
hard_negative_wag,results/model_checkpoints/20260721_200947_seed1337_bda60282_best_step1500.pt,1500,ice_id_people_200,all_pairs,False,"full_name, first_name, patronym, birthyear, sex, status, marriagestatus, farm, county, parish, district",3731,0.37976807,0.17699188,0.0006613765,0.008998131,0.84190917,0.9886212,1.7262195e-07,0.99988556
hard_negative_wag,results/model_checkpoints/20260721_200947_seed1337_bda60282_best_step1500.pt,1500,ice_id_people_200,all_pairs,False,"full_name, first_name, patronym, birthyear, status, marriagestatus, farm, county, parish, district",3310,0.43592814,0.2860912,0.0010021153,0.016449366,0.9224371,0.9973343,2.9876066e-08,0.99989426
hard_negative_wag,results/model_checkpoints/20260721_200947_seed1337_bda60282_best_step1500.pt,1500,ice_id_people_200,all_pairs,False,"full_name, first_name, patronym, birthyear, sex, status, farm, county, parish, district",3167,0.5420651,0.63921773,0.0030561932,0.045893658,0.9850301,0.99861246,7.705925e-09,0.9998919
hard_negative_wag,results/model_checkpoints/20260721_200947_seed1337_bda60282_best_step1500.pt,1500,ice_id_people_200,all_pairs,False,"full_name, first_name, patronym, birthyear, status, farm, county, parish, district",2761,0.5786363,0.74969226,0.0057498673,0.08177627,0.99423826,0.9994242,4.1750909e-07,0.9999298
hard_negative_wag,results/model_checkpoints/20260721_200947_seed1337_bda60282_best_step1500.pt,1500,ice_id_people_200,all_pairs,False,"census_year, full_name, first_name, patronym, birthyear, farm, county, parish, district",2563,0.3746563,0.16200691,0.00055098085,0.009223433,0.8148895,0.98147315,1.1365676e-07,0.99992883
hard_negative_wag,results/model_checkpoints/20260721_200947_seed1337_bda60282_best_step1500.pt,1500,ice_id_people_200,all_pairs,False,"census_year, full_name, first_name, patronym, birthyear, sex, status, marriagestatus, farm, county, parish",2288,0.26792207,0.034316406,7.312688e-05,0.0012867983,0.5274426,0.94256604,8.436102e-08,0.9998084
hard_negative_wag,results/model_checkpoints/20260721_200947_seed1337_bda60282_best_step1500.pt,1500,ice_id_people_200,all_pairs,False,"census_year, full_name, first_name, patronym, birthyear, status, marriagestatus, farm, county, parish",2106,0.29208216,0.042635713,0.00014713293,0.0020046716,0.63852155,0.9738023,8.758255e-07,0.9998698
hard_negative_wag,results/model_checkpoints/20260721_200947_seed1337_bda60282_best_step1500.pt,1500,ice_id_people_200,all_pairs,False,"census_year, full_name, first_name, patronym, birthyear, sex, status, farm, county, parish",1764,0.35933778,0.10640633,0.00029928656,0.004785255,0.82059634,0.9920063,2.1709828e-07,0.99981564
hard_negative_wag,results/model_checkpoints/20260721_200947_seed1337_bda60282_best_step1500.pt,1500,ice_id_people_200,all_pairs,False,"census_year, full_name, patronym, birthyear, status, marriagestatus, farm, county, parish, district",1495,0.2415239,0.034004655,0.00011324913,0.0015777058,0.4493873,0.84768647,4.7499717e-07,0.9987991
hard_negative_wag,results/model_checkpoints/20260721_200947_seed1337_bda60282_best_step1500.pt,1500,ice_id_people_200,all_pairs,False,"census_year, full_name, first_name, patronym, birthyear, status, farm, county, parish",1492,0.38320035,0.18834764,0.00047264766,0.0066932845,0.8484653,0.9920954,1.8214712e-06,0.9999256
hard_negative_wag,results/model_checkpoints/20260721_200947_seed1337_bda60282_best_step1500.pt,1500,ice_id_people_200,all_pairs,False,"census_year, full_name, first_name, birthyear, status, marriagestatus, farm, county, parish, district",1366,0.22296873,0.03500832,9.5593445e-05,0.0014004114,0.3701535,0.829341,2.7496416e-08,0.9996567
hard_negative_wag,results/model_checkpoints/20260721_200947_seed1337_bda60282_best_step1500.pt,1500,ice_id_people_200,all_pairs,False,"census_year, full_name, first_name, middle_name, patronym, surname, birthyear, status, marriagestatus, farm, county, parish, district",1137,0.30112433,0.009690056,1.0591849e-05,0.00014267612,0.83124137,0.9829729,5.709731e-08,0.9998872
hard_negative_wag,results/model_checkpoints/20260721_200947_seed1337_bda60282_best_step1500.pt,1500,ice_id_people_200,all_pairs,False,"census_year, full_name, first_name, middle_name, patronym, surname, birthyear, sex, status, marriagestatus, farm, county, parish, district",955,0.28430524,0.009107017,1.6793716e-05,0.00020056206,0.74838233,0.97358024,1.0202915e-07,0.99952483
hard_negative_wag,results/model_checkpoints/20260721_200947_seed1337_bda60282_best_step1500.pt,1500,ice_id_people_200,all_pairs,False,"census_year, full_name, patronym, birthyear, status, farm, county, parish, district",933,0.26011232,0.044074174,0.00016163022,0.002650715,0.4610988,0.9416033,2.7771048e-07,0.99984217
hard_negative_wag,results/model_checkpoints/20260721_200947_seed1337_bda60282_best_step1500.pt,1500,ice_id_people_200,all_pairs,False,"census_year, full_name, first_name, birthyear, status, farm, county, parish, district",920,0.28496182,0.06705119,0.00043110273,0.0036345837,0.52983963,0.9260623,1.8819259e-07,0.9998754
hard_negative_wag,results/model_checkpoints/20260721_200947_seed1337_bda60282_best_step1500.pt,1500,ice_id_people_200,all_pairs,False,"census_year, full_name, first_name, middle_name, patronym, surname, birthyear, status, farm, county, parish, district",807,0.2777211,0.02474932,1.626532e-05,0.0003325102,0.58073044,0.9799825,4.2289322e-08,0.99930227
hard_negative_wag,results/model_checkpoints/20260721_200947_seed1337_bda60282_best_step1500.pt,1500,ice_id_people_200,all_pairs,False,"census_year, full_name, first_name, patronym, birthyear, sex, farm, county, parish, district",721,0.46027637,0.35484663,0.0037384948,0.042983953,0.94151556,0.99079305,3.5058024e-06,0.99966383
hard_negative_wag,results/model_checkpoints/20260721_200947_seed1337_bda60282_best_step1500.pt,1500,ice_id_people_200,all_pairs,False,"full_name, first_name, middle_name, patronym, birthyear, sex, status, farm, county, parish, district",648,0.9077257,0.99786246,0.6427485,0.9878695,0.999257,0.9996317,5.5419652e-05,0.99990153
hard_negative_wag,results/model_checkpoints/20260721_200947_seed1337_bda60282_best_step1500.pt,1500,ice_id_people_200,all_pairs,False,"census_year, full_name, first_name, middle_name, patronym, surname, birthyear, sex, status, farm, county, parish, district",608,0.31762293,0.041307062,7.4619005e-05,0.0014020622,0.7653495,0.99366003,3.3830528e-07,0.9997569
hard_negative_wag,results/model_checkpoints/20260721_200947_seed1337_bda60282_best_step1500.pt,1500,ice_id_people_200,all_pairs,False,"full_name, first_name, middle_name, patronym, birthyear, sex, status, marriagestatus, farm, county, parish, district",593,0.81420165,0.9928558,0.15947056,0.7803934,0.9989157,0.99963856,4.8438874e-06,0.99992454
hard_negative_wag,results/model_checkpoints/20260721_200947_seed1337_bda60282_best_step1500.pt,1500,ice_id_people_200,all_pairs,False,"full_name, first_name, middle_name, patronym, birthyear, status, farm, county, parish, district",550,0.91672206,0.99902076,0.7021336,0.99367625,0.9995993,0.9997867,8.9363995e-05,0.9999201
hard_negative_wag,results/model_checkpoints/20260721_200947_seed1337_bda60282_best_step1500.pt,1500,ice_id_people_200,all_pairs,False,"full_name, first_name, middle_name, patronym, birthyear, status, marriagestatus, farm, county, parish, district",529,0.8409436,0.993958,0.23818398,0.87235415,0.998599,0.9993652,0.00022589054,0.99987817
hard_negative_wag,results/model_checkpoints/20260721_200947_seed1337_bda60282_best_step1500.pt,1500,ice_id_people_200,all_pairs,False,"full_name, first_name, patronym, birthyear, farm, county, parish, district",511,0.5140393,0.51643306,0.00132103,0.044175945,0.97207034,0.99862885,1.4045905e-06,0.9999293
hard_negative_wag,results/model_checkpoints/20260721_200947_seed1337_bda60282_best_step1500.pt,1500,ice_id_people_200,all_pairs,False,"census_year, full_name, first_name, patronym, status, marriagestatus, farm, county, parish, district",410,0.32382348,0.13733177,0.0014817202,0.010747919,0.6584568,0.9488523,7.156473e-08,0.99979526
hard_negative_wag,results/model_checkpoints/20260721_200947_seed1337_bda60282_best_step1500.pt,1500,ice_id_people_200,all_pairs,False,"census_year, full_name, first_name, middle_name, patronym, birthyear, farm, county, parish, district",384,0.5358719,0.6302132,0.001581204,0.026427623,0.99713314,0.9994105,1.3393396e-06,0.99988186
hard_negative_wag,results/model_checkpoints/20260721_200947_seed1337_bda60282_best_step1500.pt,1500,ice_id_people_200,all_pairs,False,"census_year, full_name, first_name, middle_name, birthyear, status, marriagestatus, farm, county, parish, district",371,0.1765489,0.002647301,9.096909e-06,0.00011316435,0.12784849,0.86198926,1.5292144e-07,0.9995962
hard_negative_wag,results/model_checkpoints/20260721_200947_seed1337_bda60282_best_step1500.pt,1500,ice_id_people_200,all_pairs,False,"census_year, full_name, first_name, patronym, birthyear, marriagestatus, farm, county, parish, district",370,0.2550147,0.0064663026,5.361593e-05,0.00037582195,0.5460018,0.94043607,4.5470014e-07,0.99907887
hard_negative_wag,results/model_checkpoints/20260721_200947_seed1337_bda60282_best_step1500.pt,1500,ice_id_people_200,all_pairs,False,"census_year, full_name, first_name, middle_name, birthyear, status, farm, county, parish, district",338,0.1828636,0.004762562,2.5958409e-05,0.00024496866,0.20422685,0.88342834,3.304209e-07,0.9998055
hard_negative_wag,results/model_checkpoints/20260721_200947_seed1337_bda60282_best_step1500.pt,1500,ice_id_people_200,all_pairs,False,"census_year, full_name, first_name, patronym, status, farm, county, parish, district",315,0.5051086,0.52381784,0.00095265615,0.034314867,0.96762294,0.99655724,6.2036435e-07,0.9999037
hard_negative_wag,results/model_checkpoints/20260721_200947_seed1337_bda60282_best_step1500.pt,1500,ice_id_people_200,all_pairs,False,"census_year, full_name, first_name, middle_name, patronym, birthyear, status, farm, county, parish",308,0.32690996,0.058940023,0.0002458213,0.0048271865,0.80249166,0.9991629,7.984039e-07,0.999879
hard_negative_wag,results/model_checkpoints/20260721_200947_seed1337_bda60282_best_step1500.pt,1500,ice_id_people_200,all_pairs,False,"census_year, full_name, first_name, patronym, sex, status, farm, county, parish, district",288,0.53063875,0.59635115,0.0010683266,0.04732241,0.97388375,0.9988862,7.86958e-09,0.99979025
hard_negative_wag,results/model_checkpoints/20260721_200947_seed1337_bda60282_best_step1500.pt,1500,ice_id_people_200,all_pairs,False,"census_year, full_name, first_name, patronym, sex, status, marriagestatus, farm, county, parish, district",273,0.33405343,0.15356052,0.0009011082,0.006252905,0.6590763,0.9610199,9.167452e-07,0.99990165
hard_negative_wag,results/model_checkpoints/20260721_200947_seed1337_bda60282_best_step1500.pt,1500,ice_id_people_200,all_pairs,False,"census_year, full_name, middle_name, patronym, birthyear, status, marriagestatus, farm, county, parish, district",273,0.17722909,0.0021688063,5.9724284e-06,6.703527e-05,0.07745466,0.95437694,1.9369485e-07,0.9991881
hard_negative_wag,results/model_checkpoints/20260721_200947_seed1337_bda60282_best_step1500.pt,1500,ice_id_people_200,all_pairs,False,"census_year, full_name, first_name, middle_name, patronym, birthyear, sex, status, marriagestatus, farm, county, parish",259,0.22617075,0.018362902,0.00012607846,0.0011626066,0.3637641,0.96235555,1.11141375e-07,0.9999138
hard_negative_wag,results/model_checkpoints/20260721_200947_seed1337_bda60282_best_step1500.pt,1500,ice_id_people_200,all_pairs,False,"census_year, full_name, first_name, middle_name, patronym, birthyear, status, marriagestatus, farm, county, parish",255,0.286973,0.022250934,0.0001122597,0.0011289845,0.67231476,0.99624485,1.440628e-05,0.99984884
hard_negative_wag,results/model_checkpoints/20260721_200947_seed1337_bda60282_best_step1500.pt,1500,ice_id_people_200,all_pairs,False,"census_year, full_name, first_name, middle_name, patronym, birthyear, sex, status, farm, county, parish",250,0.3059642,0.047382705,0.00023575359,0.0027801862,0.68925196,0.9972567,3.3719016e-07,0.9998559
hard_negative_wag,results/model_checkpoints/20260721_200947_seed1337_bda60282_best_step1500.pt,1500,ice_id_people_200,all_pairs,False,"full_name, first_name, patronym, birthyear, sex, status, marriagestatus, farm, county, parish",203,0.38093448,0.17749977,0.0031579058,0.01786696,0.81116915,0.9949572,1.2671292e-06,0.9997701
hard_negative_wag,results/model_checkpoints/20260721_200947_seed1337_bda60282_best_step1500.pt,1500,ice_id_people_200,all_pairs,False,"census_year, full_name, first_name, patronym, birthyear, status, marriagestatus, farm, parish",199,0.62623656,0.84344757,0.014562866,0.19939874,0.97340107,0.9946357,1.23289765e-05,0.9996971
hard_negative_wag,results/model_checkpoints/20260721_200947_seed1337_bda60282_best_step1500.pt,1500,ice_id_people_200,all_pairs,False,"full_name, first_name, patronym, birthyear, status, marriagestatus, farm, county, parish",196,0.46220282,0.355716,0.0016068494,0.0208484,0.9593795,0.99837184,5.848356e-06,0.9998447
hard_negative_wag,results/model_checkpoints/20260721_200947_seed1337_bda60282_best_step1500.pt,1500,ice_id_people_200,all_pairs,False,"census_year, full_name, middle_name, patronym, birthyear, status, farm, county, parish, district",190,0.24218318,0.009937765,3.8605758e-05,0.00038385595,0.36589313,0.99845374,3.137768e-07,0.9998841
hard_negative_wag,results/model_checkpoints/20260721_200947_seed1337_bda60282_best_step1500.pt,1500,ice_id_people_200,all_pairs,False,"full_name, first_name, patronym, birthyear, sex, status, farm, county, parish",177,0.59124434,0.89622724,0.004340992,0.053480625,0.9939825,0.9993917,8.9516914e-05,0.99982077
hard_negative_wag,results/model_checkpoints/20260721_200947_seed1337_bda60282_best_step1500.pt,1500,ice_id_people_200,all_pairs,False,"full_name, patronym, birthyear, status, marriagestatus, farm, county, parish, district",146,0.36669302,0.21356012,0.00070537254,0.0068613365,0.7068808,0.94192827,1.9908752e-05,0.9984054
hard_negative_wag,results/model_checkpoints/20260721_200947_seed1337_bda60282_best_step1500.pt,1500,ice_id_people_200,all_pairs,False,"census_year, full_name, first_name, patronym, birthyear, status, farm, parish",136,0.538147,0.643522,0.00951203,0.14660685,0.97326064,0.99738336,1.1856775e-06,0.99990904
hard_negative_wag,results/model_checkpoints/20260721_200947_seed1337_bda60282_best_step1500.pt,1500,ice_id_people_200,all_pairs,False,"census_year, full_name, first_name, patronym, birthyear, sex, status, marriagestatus, farm, parish",134,0.384931,0.26671982,0.00065781566,0.02866928,0.6946099,0.93724835,7.3360825e-05,0.9998136
hard_negative_wag,results/model_checkpoints/20260721_200947_seed1337_bda60282_best_step1500.pt,1500,ice_id_people_200,all_pairs,False,"full_name, first_name, patronym, birthyear, sex, farm, county, parish, district",130,0.53214186,0.57872987,0.0038513383,0.050547462,0.9767535,0.99155354,6.5545055e-06,0.999635
hard_negative_wag,results/model_checkpoints/20260721_200947_seed1337_bda60282_best_step1500.pt,1500,ice_id_people_200,all_pairs,False,"full_name, first_name, patronym, birthyear, status, farm, county, parish",122,0.68799406,0.928939,0.023188287,0.43224162,0.996994,0.99971235,0.0012024954,0.9999114
hard_negative_wag,results/model_checkpoints/20260721_200947_seed1337_bda60282_best_step1500.pt,1500,ice_id_people_200,all_pairs,False,"census_year, full_name, first_name, patronym, birthyear, status, farm",121,0.8529969,0.99664366,0.19766718,0.8978969,0.9996197,0.9998203,0.0005104929,0.9999567
hard_negative_wag,results/model_checkpoints/20260721_200947_seed1337_bda60282_best_step1500.pt,1500,ice_id_people_200,all_pairs,False,"census_year, full_name, first_name, patronym, birthyear, status, marriagestatus, farm",118,0.7133636,0.94365853,0.001090497,0.40628123,0.9950454,0.99882257,1.6767689e-06,0.9999418
hard_negative_wag,results/model_checkpoints/20260721_200947_seed1337_bda60282_best_step1500.pt,1500,ice_id_people_200,all_pairs,False,"full_name, first_name, birthyear, status, marriagestatus, farm, county, parish, district",112,0.31369513,0.13013332,0.00022302508,0.012272313,0.58537686,0.98337996,7.849615e-06,0.99950016
hard_negative_wag,results/model_checkpoints/20260721_200947_seed1337_bda60282_best_step1500.pt,1500,ice_id_people_200,all_pairs,False,"full_name, first_name, middle_name, patronym, surname, birthyear, status, marriagestatus, farm, county, parish, district",105,0.82394916,0.9780036,0.08127607,0.85015535,0.99270976,0.99857014,3.162849e-05,0.99984884
hard_negative_wag,results/model_checkpoints/20260721_200947_seed1337_bda60282_best_step1500.pt,1500,ice_id_people_200,all_pairs,False,"census_year, full_name, first_name, patronym, birthyear, farm, county, parish",97,0.49073973,0.4232013,0.0015761579,0.05077367,0.9713094,0.99562174,0.0001461647,0.99987984
hard_negative_wag,results/model_checkpoints/20260721_200947_seed1337_bda60282_best_step1500.pt,1500,ice_id_people_200,all_pairs,False,"census_year, full_name, first_name, patronym, birthyear, sex, status, farm, parish",94,0.46488973,0.4934401,0.00030822685,0.025918873,0.9137004,0.98833865,0.00011468202,0.9989792
hard_negative_wag,results/model_checkpoints/20260721_200947_seed1337_bda60282_best_step1500.pt,1500,ice_id_people_200,all_pairs,False,"full_name, first_name, patronym, birthyear, marriagestatus, farm, county, parish, district",92,0.37918717,0.090653315,5.1092582e-05,0.00074594934,0.85103816,0.9960042,2.0170198e-07,0.9998437
hard_negative_wag,results/model_checkpoints/20260721_200947_seed1337_bda60282_best_step1500.pt,1500,ice_id_people_200,all_pairs,False,"census_year, full_name, patronym, birthyear, farm, county, parish, district",89,0.3107109,0.1112866,0.0019046175,0.012802236,0.64237523,0.96623456,1.6949672e-07,0.9970092
hard_negative_wag,results/model_checkpoints/20260721_200947_seed1337_bda60282_best_step1500.pt,1500,ice_id_people_200,all_pairs,False,"census_year, full_name, first_name, middle_name, patronym, birthyear, sex, farm, county, parish, district",88,0.34262532,0.13893601,0.0025189945,0.014937342,0.6986258,0.9679653,8.926909e-06,0.999775
hard_negative_wag,results/model_checkpoints/20260721_200947_seed1337_bda60282_best_step1500.pt,1500,ice_id_people_200,all_pairs,False,"full_name, first_name, middle_name, patronym, birthyear, farm, county, parish, district",88,0.88239306,0.99872315,0.40231112,0.984154,0.99963915,0.99981207,0.0014774933,0.9999058
hard_negative_wag,results/model_checkpoints/20260721_200947_seed1337_bda60282_best_step1500.pt,1500,ice_id_people_200,all_pairs,False,"full_name, patronym, birthyear, status, farm, county, parish, district",86,0.51145107,0.556198,0.0022049285,0.076261826,0.9538207,0.9979503,0.0001192566,0.9997638
hard_negative_wag,results/model_checkpoints/20260721_200947_seed1337_bda60282_best_step1500.pt,1500,ice_id_people_200,all_pairs,False,"full_name, first_name, patronym, status, farm, county, parish, district",80,0.6267229,0.828442,0.009641366,0.20350355,0.99647677,0.9997577,2.823324e-05,0.9999038
hard_negative_wag,results/model_checkpoints/20260721_200947_seed1337_bda60282_best_step1500.pt,1500,ice_id_people_200,all_pairs,False,"full_name, first_name, middle_name, patronym, surname, birthyear, sex, status, marriagestatus, farm, county, parish, district",79,0.77749443,0.9474587,0.044437412,0.74590886,0.9849433,0.99675137,0.00012432822,0.9990189
hard_negative_wag,results/model_checkpoints/20260721_200947_seed1337_bda60282_best_step1500.pt,1500,ice_id_people_200,all_pairs,False,"full_name, first_name, birthyear, status, farm, county, parish, district",78,0.49979356,0.50275505,0.0036155658,0.046367433,0.95055676,0.99412006,3.3566655e-05,0.99987495
hard_negative_wag,results/model_checkpoints/20260721_200947_seed1337_bda60282_best_step1500.pt,1500,ice_id_people_200,all_pairs,False,"census_year, full_name, first_name, birthyear, farm, county, parish, district",77,0.4225787,0.43973318,0.0042995466,0.05092353,0.6778611,0.9354221,2.5651087e-05,0.996983
hard_negative_wag,results/model_checkpoints/20260721_200947_seed1337_bda60282_best_step1500.pt,1500,ice_id_people_200,all_pairs,False,"full_name, first_name, patronym, sex, status, farm, county, parish, district",77,0.6619788,0.92484176,0.014078994,0.2667416,0.9986066,0.9995179,0.000116038784,0.9997372
hard_negative_wag,results/model_checkpoints/20260721_200947_seed1337_bda60282_best_step1500.pt,1500,ice_id_people_200,all_pairs,False,"census_year, full_name, first_name, patronym, birthyear, sex, status, farm",76,0.8310503,0.99675524,0.19631551,0.8295034,0.9993144,0.9997793,0.003697486,0.99992645
hard_negative_wag,results/model_checkpoints/20260721_200947_seed1337_bda60282_best_step1500.pt,1500,ice_id_people_200,all_pairs,False,"census_year, full_name, first_name, birthyear, status, marriagestatus, farm, county, parish",73,0.172235,0.028185014,0.0007966075,0.0041955886,0.15990922,0.73547775,0.00016738728,0.9784364
hard_negative_wag,results/model_checkpoints/20260721_200947_seed1337_bda60282_best_step1500.pt,1500,ice_id_people_200,all_pairs,False,"census_year, full_name, patronym, birthyear, status, marriagestatus, farm, county, parish",71,0.30283758,0.15586178,0.010718096,0.04989019,0.52305925,0.82702476,8.962325e-05,0.9685838
hard_negative_wag,results/model_checkpoints/20260721_200947_seed1337_bda60282_best_step1500.pt,1500,ice_id_people_200,all_pairs,False,"census_year, full_name, first_name, middle_name, patronym, surname, birthyear, farm, county, parish, district",68,0.4708993,0.37844265,3.0922097e-06,0.00011283684,0.981391,0.9935964,4.3154422e-08,0.998497
hard_negative_wag,results/model_checkpoints/20260721_200947_seed1337_bda60282_best_step1500.pt,1500,ice_id_people_200,all_pairs,False,"census_year, birthyear, status, marriagestatus, farm, county, parish, district",63,0.26074764,0.05803339,0.025557669,0.034022097,0.37334263,0.8650849,0.003479884,0.9455285
hard_negative_wag,results/model_checkpoints/20260721_200947_seed1337_bda60282_best_step1500.pt,1500,ice_id_people_200,all_pairs,False,"census_year, full_name, first_name, birthyear, status, farm, county, parish",63,0.22852175,0.079044186,0.0010866974,0.0065082274,0.20837528,0.9929746,0.0005143775,0.99982506
hard_negative_wag,results/model_checkpoints/20260721_200947_seed1337_bda60282_best_step1500.pt,1500,ice_id_people_200,all_pairs,False,"census_year, full_name, first_name, middle_name, patronym, birthyear, sex, status, farm",49,0.6937269,0.99916375,0.004066015,0.21678771,0.9997452,0.99983907,0.0016890969,0.9999182
hard_negative_wag,results/model_checkpoints/20260721_200947_seed1337_bda60282_best_step1500.pt,1500,ice_id_people_200,all_pairs,False,"census_year, full_name, first_name, patronym, birthyear, sex, status, marriagestatus, farm",48,0.6610238,0.88334525,0.017424036,0.18053749,0.9978112,0.9996525,8.5929496e-05,0.99988794
hard_negative_wag,results/model_checkpoints/20260721_200947_seed1337_bda60282_best_step1500.pt,1500,ice_id_people_200,all_pairs,False,"census_year, birthyear, status, farm, county, parish, district",44,0.07861013,0.005119767,0.00044110988,0.0041735587,0.05645854,0.40116727,7.539905e-05,0.50710046
hard_negative_wag,results/model_checkpoints/20260721_200947_seed1337_bda60282_best_step1500.pt,1500,ice_id_people_200,all_pairs,False,"census_year, full_name, first_name, middle_name, patronym, status, marriagestatus, farm, county, parish, district",44,0.47205183,0.35477546,0.008052154,0.02258746,0.9614853,0.99816185,0.0010289223,0.9995121
hard_negative_wag,results/model_checkpoints/20260721_200947_seed1337_bda60282_best_step1500.pt,1500,ice_id_people_200,all_pairs,True,"census_year, status",145,0.999875,0.99996245,0.9999213,0.9999542,0.99996424,0.9999653,0.9954661,0.9999683
hard_negative_wag,results/model_checkpoints/20260721_200947_seed1337_bda60282_best_step1500.pt,1500,ice_id_people_200,all_pairs,True,"census_year, birthyear, status",123,0.99982846,0.9999616,0.99992925,0.99995583,0.9999639,0.99996495,0.98845196,0.9999678
hard_negative_wag,results/model_checkpoints/20260721_200947_seed1337_bda60282_best_step1500.pt,1500,ice_id_people_200,all_pairs,True,"census_year, status, marriagestatus, farm, county, parish, district",82,0.45538166,0.42314738,0.0052133007,0.03530075,0.8143235,0.9804367,2.8658893e-05,0.99928373
hard_negative_wag,results/model_checkpoints/20260721_200947_seed1337_bda60282_best_step1500.pt,1500,ice_id_people_200,all_pairs,True,"census_year, status, farm",59,0.9174132,0.99985397,0.9701144,0.9990133,0.99992496,0.9999424,0.0020795541,0.99995446
hard_negative_wag,results/model_checkpoints/20260721_200947_seed1337_bda60282_best_step1500.pt,1500,ice_id_people_200,all_pairs,True,"census_year, status, marriagestatus, farm",57,0.96579415,0.99742836,0.9569028,0.9895644,0.99951494,0.99981016,0.33926147,0.99995625
hard_negative_wag,results/model_checkpoints/20260721_200947_seed1337_bda60282_best_step1500.pt,1500,ice_id_people_200,all_pairs,True,"census_year, birthyear, status, marriagestatus",56,0.9821588,0.99981475,0.9955857,0.9994992,0.9999189,0.9999472,0.28656238,0.9999603
hard_negative_wag,results/model_checkpoints/20260721_200947_seed1337_bda60282_best_step1500.pt,1500,ice_id_people_200,all_pairs,True,"census_year, status, marriagestatus, farm, county, parish",53,0.6693216,0.90014964,0.10706517,0.29103836,0.9918703,0.9985291,1.528722e-05,0.9997297
hard_negative_wag,results/model_checkpoints/20260721_200947_seed1337_bda60282_best_step1500.pt,1500,ice_id_people_200,all_pairs,True,"census_year, status, farm, county, parish",52,0.8049292,0.99454284,0.32365736,0.61470157,0.9994005,0.99977714,0.08963477,0.9999145
hard_negative_wag,results/model_checkpoints/20260721_200947_seed1337_bda60282_best_step1500.pt,1500,ice_id_people_200,all_pairs,True,"census_year, status, marriagestatus",51,0.96797657,0.9998253,0.99146944,0.9995872,0.9999269,0.99995387,0.4630916,0.9999645
hard_negative_wag,results/model_checkpoints/20260721_200947_seed1337_bda60282_best_step1500.pt,1500,ice_id_people_200,all_pairs,True,"census_year, status, farm, county, parish, district",50,0.6937534,0.9395155,0.014177371,0.24144801,0.9945067,0.9991608,0.00012049707,0.9996569
hard_negative_wag,results/model_checkpoints/20260721_200947_seed1337_bda60282_best_step1500.pt,1500,ice_id_people_200,all_pairs,True,census_year,41,0.9999471,0.999964,0.99995315,0.99995947,0.9999646,0.9999653,0.99938583,0.999966
hard_negative_wag,results/model_checkpoints/20260721_200947_seed1337_bda60282_best_step1500.pt,1500,ice_id_people_200,all_pairs,True,"census_year, birthyear, status, marriagestatus, farm, county, parish",38,0.6917031,0.91043377,0.02074937,0.40846708,0.97033423,0.99183494,1.5445617e-05,0.9988918
hard_negative_wag,results/model_checkpoints/20260721_200947_seed1337_bda60282_best_step1500.pt,1500,ice_id_people_200,all_pairs,True,"census_year, birthyear, status, marriagestatus, farm, county, parish, district",36,0.35176384,0.24873127,0.020782929,0.09532583,0.5431691,0.82249343,0.0011169146,0.966338
hard_negative_wag,results/model_checkpoints/20260721_200947_seed1337_bda60282_best_step1500.pt,1500,ice_id_people_200,all_pairs,True,"census_year, status, marriagestatus, farm, parish",35,0.75625753,0.877512,0.15247872,0.71834433,0.9918668,0.9981818,0.025336798,0.99972504
hard_negative_wag,results/model_checkpoints/20260721_200947_seed1337_bda60282_best_step1500.pt,1500,ice_id_people_200,all_pairs,True,"census_year, birthyear",30,0.9999516,0.99996376,0.99994236,0.9999554,0.99996436,0.9999647,0.9997477,0.9999658
hard_negative_wag,results/model_checkpoints/20260721_200947_seed1337_bda60282_best_step1500.pt,1500,ice_id_people_200,all_pairs,True,"census_year, birthyear, status, farm",30,0.85611165,0.999801,0.19141737,0.9980947,0.99987817,0.99989927,0.0017057355,0.99990714
hard_negative_wag,results/model_checkpoints/20260721_200947_seed1337_bda60282_best_step1500.pt,1500,ice_id_people_200,all_pairs,True,"census_year, birthyear, status, marriagestatus, farm",22,0.84603524,0.9907131,0.4151019,0.83607155,0.9995877,0.9996811,0.014354446,0.9998343
hard_negative_wag,results/model_checkpoints/20260721_200947_seed1337_bda60282_best_step1500.pt,1500,ice_id_people_200,all_pairs,True,"census_year, status, farm, parish",22,0.77632296,0.9993854,0.028949084,0.90711224,0.9997489,0.99981284,0.00313438,0.9999393
hard_negative_wag,results/model_checkpoints/20260721_200947_seed1337_bda60282_best_step1500.pt,1500,ice_id_people_200,all_pairs,True,"census_year, birthyear, status, farm, county, parish",21,0.6172363,0.751354,0.03504462,0.33974877,0.9613106,0.99708444,0.01984078,0.9997801
hard_negative_wag,results/model_checkpoints/20260721_200947_seed1337_bda60282_best_step1500.pt,1500,ice_id_people_200,all_pairs,True,"census_year, birthyear, status, farm, county, parish, district",21,0.4961096,0.50751,0.0015982145,0.024260059,0.9889234,0.99668026,0.00025439882,0.9991007
hard_negative_wag,results/model_checkpoints/20260721_200947_seed1337_bda60282_best_step1500.pt,1500,ice_id_people_200,all_pairs,True,"census_year, birthyear, status, marriagestatus, farm, parish",20,0.6178292,0.8931788,0.050050534,0.10442482,0.9688475,0.98952055,0.03234473,0.9986614
hard_negative_wag,results/model_checkpoints/20260721_200947_seed1337_bda60282_best_step1500.pt,1500,ice_id_people_200,all_pairs,True,"census_year, status, county",15,0.99944144,0.9998254,0.99821836,0.99960625,0.99990785,0.99995565,0.9968264,0.99996316
hard_negative_wag,results/model_checkpoints/20260721_200947_seed1337_bda60282_best_step1500.pt,1500,ice_id_people_200,all_pairs,True,"census_year, farm",14,0.8958251,0.99946594,0.6710701,0.9806186,0.99985605,0.9999336,0.10323236,0.99994767
hard_negative_wag,results/model_checkpoints/20260721_200947_seed1337_bda60282_best_step1500.pt,1500,ice_id_people_200,all_pairs,True,"census_year, birthyear, farm, county, parish",13,0.55569255,0.7152799,0.01646252,0.030041557,0.9459471,0.98650146,0.011025273,0.9928993
hard_negative_wag,results/model_checkpoints/20260721_200947_seed1337_bda60282_best_step1500.pt,1500,ice_id_people_200,all_pairs,True,"census_year, birthyear, status, marriagestatus, county, parish",13,0.5927566,0.76196426,0.13385078,0.24642202,0.91380656,0.9882317,0.034241326,0.9917183
hard_negative_wag,results/model_checkpoints/20260721_200947_seed1337_bda60282_best_step1500.pt,1500,ice_id_people_200,all_pairs,True,"census_year, farm, county, parish",13,0.6843148,0.6350123,0.24743654,0.5854433,0.9986827,0.9997173,0.06781684,0.99975723
hard_negative_wag,results/model_checkpoints/20260721_200947_seed1337_bda60282_best_step1500.pt,1500,ice_id_people_200,all_pairs,True,"census_year, status, farm, county",13,0.9980494,0.9998466,0.99845606,0.9994148,0.9998914,0.99994445,0.97901523,0.9999511
hard_negative_wag,results/model_checkpoints/20260721_200947_seed1337_bda60282_best_step1500.pt,1500,ice_id_people_200,all_pairs,True,"census_year, farm, county, parish, district",11,0.625391,0.9613948,0.0013567215,0.014623669,0.98593426,0.99819845,0.0012375265,0.9996136
hard_negative_wag,results/model_checkpoints/20260721_200947_seed1337_bda60282_best_step1500.pt,1500,ice_id_people_200,all_pairs,True,"census_year, status, marriagestatus, farm, county",11,0.7853386,0.9649314,0.29990366,0.61514026,0.9815624,0.99123657,0.26893547,0.99803084
hard_negative_wag,results/model_checkpoints/20260721_200947_seed1337_bda60282_best_step1500.pt,1500,ice_id_people_200,all_pairs,True,"census_year, birthyear, status, marriagestatus, parish",10,0.7876401,0.88414454,0.29195517,0.8199054,0.96546626,0.9966825,0.25149733,0.9987214
hard_negative_wag,results/model_checkpoints/20260721_200947_seed1337_bda60282_best_step1500.pt,1500,ice_id_people_200,all_pairs,True,"census_year, birthyear, farm",6,0.93596953,0.9937911,0.8142879,0.98578674,0.9997302,0.9998294,0.6435044,0.9999018
hard_negative_wag,results/model_checkpoints/20260721_200947_seed1337_bda60282_best_step1500.pt,1500,ice_id_people_200,all_pairs,True,"census_year, status, marriagestatus, farm, district",6,0.9967521,0.99900186,0.9916843,0.9980316,0.9993248,0.99957013,0.98562986,0.9997384
hard_negative_wag,results/model_checkpoints/20260721_200947_seed1337_bda60282_best_step1500.pt,1500,ice_id_people_200,all_pairs,True,"census_year, status, marriagestatus, parish",6,0.53537166,0.40788174,0.28927332,0.33874267,0.78660935,0.9089599,0.24279083,0.92512745
hard_negative_wag,results/model_checkpoints/20260721_200947_seed1337_bda60282_best_step1500.pt,1500,ice_id_people_200,all_pairs,True,"census_year, status, parish",6,0.99959946,0.99986345,0.9990021,0.9993316,0.99989486,0.99993277,0.99884903,0.999961
hard_negative_wag,results/model_checkpoints/20260721_200947_seed1337_bda60282_best_step1500.pt,1500,ice_id_people_200,all_pairs,True,"census_year, birthyear, status, farm, parish",5,0.78264076,0.9976902,0.36865538,0.9150507,0.9978326,0.9980761,0.004391886,0.99823844
hard_negative_wag,results/model_checkpoints/20260721_200947_seed1337_bda60282_best_step1500.pt,1500,ice_id_people_200,all_pairs,True,"census_year, full_name, middle_name, status",5,0.9999396,0.99996364,0.9998971,0.9999249,0.9999654,0.9999655,0.99987864,0.99996555
hard_negative_wag,results/model_checkpoints/20260721_200947_seed1337_bda60282_best_step1500.pt,1500,ice_id_people_200,all_pairs,True,"census_year, status, marriagestatus, county, parish",5,0.22572942,0.078250505,0.01679967,0.017255437,0.09710565,0.59056604,0.016495824,0.91953963
hard_negative_wag,results/model_checkpoints/20260721_200947_seed1337_bda60282_best_step1500.pt,1500,ice_id_people_200,all_pairs,True,"census_year, birthyear, farm, county, parish, district",4,0.24889249,0.0016253896,0.0011673796,0.0013701294,0.24914774,0.69443125,0.0010322129,0.99128693
hard_negative_wag,results/model_checkpoints/20260721_200947_seed1337_bda60282_best_step1500.pt,1500,ice_id_people_200,all_pairs,True,"census_year, birthyear, status, county",4,0.997741,0.99796045,0.99583775,0.9962331,0.99946827,0.9994687,0.9955741,0.999469
hard_negative_wag,results/model_checkpoints/20260721_200947_seed1337_bda60282_best_step1500.pt,1500,ice_id_people_200,all_pairs,True,"census_year, birthyear, status, marriagestatus, county",4,0.9887433,0.99347687,0.9748349,0.9845344,0.9976859,0.99886495,0.9683686,0.99965096
hard_negative_wag,results/model_checkpoints/20260721_200947_seed1337_bda60282_best_step1500.pt,1500,ice_id_people_200,all_pairs,True,"census_year, birthyear, status, marriagestatus, farm, district",4,0.9688127,0.9606521,0.9551975,0.9561165,0.97334826,0.98895633,0.95458484,0.9993617
hard_negative_wag,results/model_checkpoints/20260721_200947_seed1337_bda60282_best_step1500.pt,1500,ice_id_people_200,all_pairs,True,"census_year, county",4,0.9995378,0.9996245,0.9990778,0.9992797,0.9998827,0.99992853,0.99894327,0.9999591
hard_negative_wag,results/model_checkpoints/20260721_200947_seed1337_bda60282_best_step1500.pt,1500,ice_id_people_200,all_pairs,True,"census_year, farm, parish",4,0.29847443,0.08888015,0.017042635,0.017915444,0.36943915,0.74758166,0.016460763,0.9996767
hard_negative_wag,results/model_checkpoints/20260721_200947_seed1337_bda60282_best_step1500.pt,1500,ice_id_people_200,all_pairs,True,"census_year, full_name, middle_name, status, marriagestatus, farm",4,0.94010603,0.9783476,0.8507701,0.9201893,0.99826425,0.99884856,0.8044907,0.99923813
hard_negative_wag,results/model_checkpoints/20260721_200947_seed1337_bda60282_best_step1500.pt,1500,ice_id_people_200,all_pairs,True,"census_year, full_name, patronym, status, farm",4,0.1627523,0.16303745,0.15444325,0.15612055,0.1696692,0.17083324,0.15332504,0.17160928
hard_negative_wag,results/model_checkpoints/20260721_200947_seed1337_bda60282_best_step1500.pt,1500,ice_id_people_200,all_pairs,True,"census_year, full_name, patronym, status, marriagestatus",4,0.99992305,0.9999276,0.99990946,0.9999199,0.99993074,0.999933,0.9999025,0.99993455
hard_negative_wag,results/model_checkpoints/20260721_200947_seed1337_bda60282_best_step1500.pt,1500,ice_id_people_200,all_pairs,True,"census_year, status, marriagestatus, county",4,0.97797626,0.9759122,0.96503043,0.96670043,0.98718804,0.9925734,0.9639171,0.9961636
hard_negative_wag,results/model_checkpoints/20260721_200947_seed1337_bda60282_best_step1500.pt,1500,ice_id_people_200,all_pairs,True,"census_year, birthyear, status, parish",3,0.86461145,0.9997634,0.67529386,0.79696995,0.99982905,0.9998684,0.5941765,0.9998946
hard_negative_wag,results/model_checkpoints/20260721_200947_seed1337_bda60282_best_step1500.pt,1500,ice_id_people_200,all_pairs,True,"census_year, farm, county",3,0.99956757,0.9997497,0.99927634,0.9994539,0.99977237,0.99978596,0.999158,0.999795
hard_negative_wag,results/model_checkpoints/20260721_200947_seed1337_bda60282_best_step1500.pt,1500,ice_id_people_200,all_pairs,True,"census_year, full_name, middle_name, status, farm",3,0.9998669,0.99993026,0.99976856,0.9998292,0.9999363,0.9999399,0.99972814,0.9999423
hard_negative_wag,results/model_checkpoints/20260721_200947_seed1337_bda60282_best_step1500.pt,1500,ice_id_people_200,all_pairs,True,"census_year, full_name, patronym",3,0.9999607,0.9999615,0.9999569,0.99995863,0.9999632,0.99996424,0.9999558,0.99996495
hard_negative_wag,results/model_checkpoints/20260721_200947_seed1337_bda60282_best_step1500.pt,1500,ice_id_people_200,all_pairs,True,"census_year, full_name, patronym, status",3,0.9999585,0.99996173,0.9999538,0.9999568,0.9999619,0.99996203,0.99995184,0.9999621
hard_negative_wag,results/model_checkpoints/20260721_200947_seed1337_bda60282_best_step1500.pt,1500,ice_id_people_200,all_pairs,True,"census_year, status, district",3,0.99986583,0.99994636,0.9997445,0.9998202,0.99995184,0.9999551,0.999694,0.9999573
hard_negative_wag,results/model_checkpoints/20260721_200947_seed1337_bda60282_best_step1500.pt,1500,ice_id_people_200,all_pairs,True,"census_year, birthyear, farm, district",2,0.99472827,0.99472827,0.9910881,0.99245316,0.9970034,0.99836844,0.99017805,0.9992785
hard_negative_wag,results/model_checkpoints/20260721_200947_seed1337_bda60282_best_step1500.pt,1500,ice_id_people_200,all_pairs,True,"census_year, birthyear, farm, parish",2,0.9973438,0.9973438,0.9966132,0.9968872,0.99780035,0.99807435,0.9964306,0.998257
hard_negative_wag,results/model_checkpoints/20260721_200947_seed1337_bda60282_best_step1500.pt,1500,ice_id_people_200,all_pairs,True,"census_year, birthyear, status, farm, parish, district",2,0.9748117,0.9748117,0.97430634,0.9744958,0.97512746,0.97531694,0.97418004,0.97544324
hard_negative_wag,results/model_checkpoints/20260721_200947_seed1337_bda60282_best_step1500.pt,1500,ice_id_people_200,all_pairs,True,"census_year, full_name, middle_name, birthyear, status",2,0.9999569,0.9999569,0.99995464,0.99995553,0.9999583,0.9999592,0.9999541,0.9999597
hard_negative_wag,results/model_checkpoints/20260721_200947_seed1337_bda60282_best_step1500.pt,1500,ice_id_people_200,all_pairs,True,"census_year, full_name, middle_name, status, farm, county",2,0.9999042,0.9999042,0.9998676,0.9998814,0.99992704,0.9999408,0.9998585,0.99994993
hard_negative_wag,results/model_checkpoints/20260721_200947_seed1337_bda60282_best_step1500.pt,1500,ice_id_people_200,all_pairs,True,"census_year, full_name, middle_name, status, farm, county, parish, district",2,0.99965096,0.99965096,0.99961334,0.9996274,0.99967444,0.9996885,0.9996039,0.9996979
hard_negative_wag,results/model_checkpoints/20260721_200947_seed1337_bda60282_best_step1500.pt,1500,ice_id_people_200,all_pairs,True,"census_year, full_name, patronym, status, marriagestatus, farm",2,0.99775577,0.99775577,0.9977051,0.9977241,0.9977874,0.99780643,0.99769247,0.99781907
hard_negative_wag,results/model_checkpoints/20260721_200947_seed1337_bda60282_best_step1500.pt,1500,ice_id_people_200,all_pairs,True,"census_year, marriagestatus, farm",2,0.5118324,0.5118324,0.12505764,0.27009818,0.7535666,0.8986072,0.028363936,0.9953009
hard_negative_wag,results/model_checkpoints/20260721_200947_seed1337_bda60282_best_step1500.pt,1500,ice_id_people_200,all_pairs,True,"census_year, parish",2,0.999846,0.999846,0.9998241,0.9998323,0.99985963,0.9998678,0.9998186,0.9998733
hard_negative_wag,results/model_checkpoints/20260721_200947_seed1337_bda60282_best_step1500.pt,1500,ice_id_people_200,all_pairs,True,"status, farm, county, parish, district",2,0.91558874,0.91558874,0.8573842,0.8792109,0.9519665,0.9737932,0.8428331,0.9883443
hard_negative_wag,results/model_checkpoints/20260721_200947_seed1337_bda60282_best_step1500.pt,1500,ice_id_people_200,all_pairs,True,"status, marriagestatus, farm, county, parish",2,0.97688437,0.97688437,0.96193093,0.9675385,0.98623025,0.9918378,0.9581926,0.99557614
hard_negative_wag,results/model_checkpoints/20260721_200947_seed1337_bda60282_best_step1500.pt,1500,ice_id_people_200,all_pairs,True,"birthyear, farm, county, parish",1,0.6136203,0.6136203,0.6136203,0.6136203,0.6136203,0.6136203,0.6136203,0.6136203
hard_negative_wag,results/model_checkpoints/20260721_200947_seed1337_bda60282_best_step1500.pt,1500,ice_id_people_200,all_pairs,True,"birthyear, status, farm, county, parish",1,0.9965109,0.9965109,0.9965109,0.9965109,0.9965109,0.9965109,0.9965109,0.9965109
hard_negative_wag,results/model_checkpoints/20260721_200947_seed1337_bda60282_best_step1500.pt,1500,ice_id_people_200,all_pairs,True,"birthyear, status, marriagestatus, farm, county, parish, district",1,0.80053234,0.80053234,0.80053234,0.80053234,0.80053234,0.80053234,0.80053234,0.80053234
hard_negative_wag,results/model_checkpoints/20260721_200947_seed1337_bda60282_best_step1500.pt,1500,ice_id_people_200,all_pairs,True,"census_year, birthyear, county",1,0.99983275,0.99983275,0.99983275,0.99983275,0.99983275,0.99983275,0.99983275,0.99983275
hard_negative_wag,results/model_checkpoints/20260721_200947_seed1337_bda60282_best_step1500.pt,1500,ice_id_people_200,all_pairs,True,"census_year, birthyear, district",1,0.9996574,0.9996574,0.9996574,0.9996574,0.9996574,0.9996574,0.9996574,0.9996574
hard_negative_wag,results/model_checkpoints/20260721_200947_seed1337_bda60282_best_step1500.pt,1500,ice_id_people_200,all_pairs,True,"census_year, birthyear, farm, parish, district",1,0.9885217,0.9885217,0.9885217,0.9885217,0.9885217,0.9885217,0.9885217,0.9885217
hard_negative_wag,results/model_checkpoints/20260721_200947_seed1337_bda60282_best_step1500.pt,1500,ice_id_people_200,all_pairs,True,"census_year, birthyear, marriagestatus",1,0.9999044,0.9999044,0.9999044,0.9999044,0.9999044,0.9999044,0.9999044,0.9999044
hard_negative_wag,results/model_checkpoints/20260721_200947_seed1337_bda60282_best_step1500.pt,1500,ice_id_people_200,all_pairs,True,"census_year, birthyear, parish",1,0.9992441,0.9992441,0.9992441,0.9992441,0.9992441,0.9992441,0.9992441,0.9992441
hard_negative_wag,results/model_checkpoints/20260721_200947_seed1337_bda60282_best_step1500.pt,1500,ice_id_people_200,all_pairs,True,"census_year, birthyear, status, farm, district",1,0.99850816,0.99850816,0.99850816,0.99850816,0.99850816,0.99850816,0.99850816,0.99850816
hard_negative_wag,results/model_checkpoints/20260721_200947_seed1337_bda60282_best_step1500.pt,1500,ice_id_people_200,all_pairs,True,"census_year, birthyear, status, marriagestatus, farm, parish, district",1,0.75189096,0.75189096,0.75189096,0.75189096,0.75189096,0.75189096,0.75189096,0.75189096
hard_negative_wag,results/model_checkpoints/20260721_200947_seed1337_bda60282_best_step1500.pt,1500,ice_id_people_200,all_pairs,True,"census_year, full_name, middle_name",1,0.99995446,0.99995446,0.99995446,0.99995446,0.99995446,0.99995446,0.99995446,0.99995446
hard_negative_wag,results/model_checkpoints/20260721_200947_seed1337_bda60282_best_step1500.pt,1500,ice_id_people_200,all_pairs,True,"census_year, full_name, middle_name, birthyear, status, farm, county, parish",1,0.9582854,0.9582854,0.9582854,0.9582854,0.9582854,0.9582854,0.9582854,0.9582854
hard_negative_wag,results/model_checkpoints/20260721_200947_seed1337_bda60282_best_step1500.pt,1500,ice_id_people_200,all_pairs,True,"census_year, full_name, middle_name, birthyear, status, marriagestatus, farm",1,0.952277,0.952277,0.952277,0.952277,0.952277,0.952277,0.952277,0.952277
hard_negative_wag,results/model_checkpoints/20260721_200947_seed1337_bda60282_best_step1500.pt,1500,ice_id_people_200,all_pairs,True,"census_year, full_name, middle_name, birthyear, status, marriagestatus, farm, county, parish",1,0.95286804,0.95286804,0.95286804,0.95286804,0.95286804,0.95286804,0.95286804,0.95286804
hard_negative_wag,results/model_checkpoints/20260721_200947_seed1337_bda60282_best_step1500.pt,1500,ice_id_people_200,all_pairs,True,"census_year, full_name, patronym, birthyear",1,0.9999635,0.9999635,0.9999635,0.9999635,0.9999635,0.9999635,0.9999635,0.9999635
hard_negative_wag,results/model_checkpoints/20260721_200947_seed1337_bda60282_best_step1500.pt,1500,ice_id_people_200,all_pairs,True,"census_year, full_name, patronym, birthyear, status",1,0.9999628,0.9999628,0.9999628,0.9999628,0.9999628,0.9999628,0.9999628,0.9999628
hard_negative_wag,results/model_checkpoints/20260721_200947_seed1337_bda60282_best_step1500.pt,1500,dblp_acm,cross_source,False,"title, authors, venue, year",194420,0.02312633,0.0012781763,2.9990855e-05,0.00017607806,0.009004761,0.048564404,3.8721746e-09,0.9898816
hard_negative_wag,results/model_checkpoints/20260721_200947_seed1337_bda60282_best_step1500.pt,1500,dblp_acm,cross_source,False,"title, authors, year",29146,0.03726688,0.0027531474,7.587994e-05,0.00040273945,0.018880008,0.09147007,5.744761e-09,0.9649878
hard_negative_wag,results/model_checkpoints/20260721_200947_seed1337_bda60282_best_step1500.pt,1500,dblp_acm,cross_source,False,"title, authors, venue",22347,0.64199877,0.7788416,0.0728819,0.33236462,0.95450556,0.98900086,0.00014021981,0.99984527
hard_negative_wag,results/model_checkpoints/20260721_200947_seed1337_bda60282_best_step1500.pt,1500,dblp_acm,cross_source,False,"title, authors",3557,0.7667357,0.91504467,0.24207714,0.6375763,0.9826294,0.9955541,0.0005976454,0.9999615
hard_negative_wag,results/model_checkpoints/20260721_200947_seed1337_bda60282_best_step1500.pt,1500,dblp_acm,cross_source,False,"title, venue, year",19,0.1275094,0.034460396,0.0063013993,0.016049247,0.13543421,0.36472324,0.0015126221,0.7378349
hard_negative_wag,results/model_checkpoints/20260721_200947_seed1337_bda60282_best_step1500.pt,1500,dblp_acm,cross_source,False,"title, year",4,0.26795995,0.2659366,0.10444997,0.11737506,0.41652152,0.43308863,0.09583325,0.44413337
hard_negative_wag,results/model_checkpoints/20260721_200947_seed1337_bda60282_best_step1500.pt,1500,dblp_acm,cross_source,False,title,3,0.9997981,0.9997154,0.9997148,0.99971503,0.9998398,0.99991447,0.9997147,0.99996424
hard_negative_wag,results/model_checkpoints/20260721_200947_seed1337_bda60282_best_step1500.pt,1500,dblp_acm,cross_source,False,year,2,0.38048747,0.38048747,0.31203508,0.33770472,0.42327023,0.44893986,0.294922,0.46605295
hard_negative_wag,results/model_checkpoints/20260721_200947_seed1337_bda60282_best_step1500.pt,1500,dblp_acm,cross_source,False,"title, venue",1,0.9998018,0.9998018,0.9998018,0.9998018,0.9998018,0.9998018,0.9998018,0.9998018
hard_negative_wag,results/model_checkpoints/20260721_200947_seed1337_bda60282_best_step1500.pt,1500,dblp_acm,cross_source,False,"venue, year",1,0.9272227,0.9272227,0.9272227,0.9272227,0.9272227,0.9272227,0.9272227,0.9272227
hard_negative_wag,results/model_checkpoints/20260721_200947_seed1337_bda60282_best_step1500.pt,1500,dblp_acm,cross_source,True,"title, authors, venue",228,0.9991983,0.9999286,0.9997075,0.99987876,0.9999431,0.999953,0.92661965,0.9999621
hard_negative_wag,results/model_checkpoints/20260721_200947_seed1337_bda60282_best_step1500.pt,1500,dblp_acm,cross_source,True,"authors, venue",126,0.9998508,0.9998733,0.9997203,0.9998275,0.99991494,0.99993914,0.9994586,0.99995637
hard_negative_wag,results/model_checkpoints/20260721_200947_seed1337_bda60282_best_step1500.pt,1500,dblp_acm,cross_source,True,"title, venue",81,0.9999315,0.9999422,0.9999193,0.99993396,0.99995005,0.99995446,0.9994616,0.99995875
hard_negative_wag,results/model_checkpoints/20260721_200947_seed1337_bda60282_best_step1500.pt,1500,dblp_acm,cross_source,True,venue,65,0.99988085,0.9998946,0.99979717,0.9998555,0.9999175,0.9999473,0.9996698,0.9999542
hard_negative_wag,results/model_checkpoints/20260721_200947_seed1337_bda60282_best_step1500.pt,1500,dblp_google_scholar,cross_source,False,"title, authors, venue, year",453344,0.52214634,0.5570676,0.025812687,0.14627157,0.88815653,0.9726609,3.5994108e-07,0.9998741
hard_negative_wag,results/model_checkpoints/20260721_200947_seed1337_bda60282_best_step1500.pt,1500,dblp_google_scholar,cross_source,False,"title, authors, venue",78303,0.5880246,0.68267953,0.051731076,0.24012223,0.92741144,0.9825598,5.5710925e-06,0.9998832
hard_negative_wag,results/model_checkpoints/20260721_200947_seed1337_bda60282_best_step1500.pt,1500,dblp_google_scholar,cross_source,False,"title, authors, year",25012,0.6296293,0.7600261,0.06834635,0.30667484,0.9516741,0.9885068,1.1748881e-05,0.99985766
hard_negative_wag,results/model_checkpoints/20260721_200947_seed1337_bda60282_best_step1500.pt,1500,dblp_google_scholar,cross_source,False,"title, authors",6455,0.67420584,0.82108045,0.1108395,0.39561716,0.9651375,0.99182767,0.00017687966,0.9998779
hard_negative_wag,results/model_checkpoints/20260721_200947_seed1337_bda60282_best_step1500.pt,1500,dblp_google_scholar,cross_source,False,"title, year",66,0.79722095,0.9514335,0.2606988,0.6784251,0.99094087,0.99833727,0.042680163,0.999841
hard_negative_wag,results/model_checkpoints/20260721_200947_seed1337_bda60282_best_step1500.pt,1500,dblp_google_scholar,cross_source,False,"title, venue, year",33,0.891886,0.99065465,0.8006175,0.92210907,0.99753594,0.99852943,0.012667455,0.9998952
hard_negative_wag,results/model_checkpoints/20260721_200947_seed1337_bda60282_best_step1500.pt,1500,dblp_google_scholar,cross_source,False,title,30,0.9421992,0.99841225,0.9145897,0.9844293,0.99954516,0.9996798,0.074012004,0.9999045
hard_negative_wag,results/model_checkpoints/20260721_200947_seed1337_bda60282_best_step1500.pt,1500,dblp_google_scholar,cross_source,False,"title, venue",3,0.8651573,0.9384212,0.7541364,0.8232432,0.9437033,0.9468726,0.7080652,0.94898546
hard_negative_wag,results/model_checkpoints/20260721_200947_seed1337_bda60282_best_step1500.pt,1500,dblp_google_scholar,cross_source,True,"title, authors, venue, year",334,0.9773702,0.9987543,0.95500815,0.99522984,0.99953,0.99979067,0.016484719,0.9999368
hard_negative_wag,results/model_checkpoints/20260721_200947_seed1337_bda60282_best_step1500.pt,1500,dblp_google_scholar,cross_source,True,"title, authors, venue",254,0.9746013,0.9992595,0.96797436,0.9957149,0.99979556,0.9999105,0.15829061,0.9999628
hard_negative_wag,results/model_checkpoints/20260721_200947_seed1337_bda60282_best_step1500.pt,1500,dblp_google_scholar,cross_source,True,"authors, venue",158,0.9966658,0.99984175,0.999153,0.99961674,0.99994475,0.99995786,0.57761693,0.9999651
hard_negative_wag,results/model_checkpoints/20260721_200947_seed1337_bda60282_best_step1500.pt,1500,dblp_google_scholar,cross_source,True,"title, venue, year",116,0.9979967,0.9996434,0.99606895,0.99884945,0.99983317,0.99989796,0.97360456,0.99993753
hard_negative_wag,results/model_checkpoints/20260721_200947_seed1337_bda60282_best_step1500.pt,1500,dblp_google_scholar,cross_source,True,"title, venue",91,0.9886841,0.999895,0.99845755,0.9995038,0.99993354,0.99995124,0.69561845,0.99996495
hard_negative_wag,results/model_checkpoints/20260721_200947_seed1337_bda60282_best_step1500.pt,1500,dblp_google_scholar,cross_source,True,"authors, venue, year",75,0.9953684,0.9992901,0.99394566,0.997615,0.9996816,0.99979717,0.87940156,0.9998839
hard_negative_wag,results/model_checkpoints/20260721_200947_seed1337_bda60282_best_step1500.pt,1500,dblp_google_scholar,cross_source,True,venue,67,0.9999098,0.9999634,0.9997702,0.9998671,0.99996394,0.9999641,0.9996082,0.9999647
hard_negative_wag,results/model_checkpoints/20260721_200947_seed1337_bda60282_best_step1500.pt,1500,dblp_google_scholar,cross_source,True,"title, authors",15,0.9313735,0.9993806,0.87955844,0.98259425,0.9996169,0.9999157,0.22866474,0.9999385
hard_negative_wag,results/model_checkpoints/20260721_200947_seed1337_bda60282_best_step1500.pt,1500,dblp_google_scholar,cross_source,True,"venue, year",15,0.99955946,0.9996345,0.9992352,0.9994737,0.9996973,0.9997667,0.9991002,0.9999583
hard_negative_wag,results/model_checkpoints/20260721_200947_seed1337_bda60282_best_step1500.pt,1500,dblp_google_scholar,cross_source,True,"title, authors, year",8,0.99937046,0.9997109,0.9986657,0.99947774,0.9998349,0.9998637,0.9970739,0.99992895
hard_negative_wag,results/model_checkpoints/20260721_200947_seed1337_bda60282_best_step1500.pt,1500,dblp_google_scholar,cross_source,True,authors,3,0.99993515,0.9999453,0.9999068,0.9999212,0.99995416,0.99995947,0.9998971,0.99996305
hard_negative_wag,results/model_checkpoints/20260721_200947_seed1337_bda60282_best_step1500.pt,1500,dblp_google_scholar,cross_source,True,title,3,0.9999195,0.99993634,0.9998801,0.9999012,0.99994624,0.9999522,0.999866,0.99995613
hard_negative_wag,results/model_checkpoints/20260721_200947_seed1337_bda60282_best_step1500.pt,1500,dblp_google_scholar,cross_source,True,"title, year",2,0.99992,0.99992,0.9998954,0.99990463,0.9999354,0.9999446,0.99988925,0.99995077
hard_negative_wag,results/model_checkpoints/20260721_200947_seed1337_bda60282_best_step1500.pt,1500,dblp_google_scholar,cross_source,True,"authors, year",1,0.9996383,0.9996383,0.9996383,0.9996383,0.9996383,0.9996383,0.9996383,0.9996383
hard_negative_wag,results/model_checkpoints/20260721_200947_seed1337_bda60282_best_step1500.pt,1500,fodors_zagats,cross_source,False,"name, addr, city, phone, type",10208,0.032722548,0.0005683516,7.854729e-06,6.0830684e-05,0.005812577,0.050095994,1.1382451e-08,0.9915581
hard_negative_wag,results/model_checkpoints/20260721_200947_seed1337_bda60282_best_step1500.pt,1500,fodors_zagats,cross_source,False,"name, addr, phone, type",1530,0.32156175,0.15454917,0.0025863587,0.022993663,0.6102377,0.9136828,4.432243e-07,0.9974589
hard_negative_wag,results/model_checkpoints/20260721_200947_seed1337_bda60282_best_step1500.pt,1500,fodors_zagats,cross_source,False,"name, addr, city, phone",511,0.06693087,0.0023851967,5.9170838e-05,0.0003156315,0.035086595,0.20500116,8.5812235e-07,0.98467284
hard_negative_wag,results/model_checkpoints/20260721_200947_seed1337_bda60282_best_step1500.pt,1500,fodors_zagats,cross_source,False,"name, addr, phone",181,0.56456155,0.60927445,0.03747756,0.23610754,0.9218495,0.98668694,0.00061985257,0.9990915
hard_negative_wag,results/model_checkpoints/20260721_200947_seed1337_bda60282_best_step1500.pt,1500,fodors_zagats,cross_source,False,name,1,0.99993503,0.99993503,0.99993503,0.99993503,0.99993503,0.99993503,0.99993503,0.99993503
hard_negative_wag,results/model_checkpoints/20260721_200947_seed1337_bda60282_best_step1500.pt,1500,fodors_zagats,cross_source,False,"name, type",1,0.9998827,0.9998827,0.9998827,0.9998827,0.9998827,0.9998827,0.9998827,0.9998827
hard_negative_wag,results/model_checkpoints/20260721_200947_seed1337_bda60282_best_step1500.pt,1500,fodors_zagats,cross_source,True,"city, phone, type",20,0.99841344,0.99897563,0.9965489,0.99759734,0.9996518,0.999807,0.994239,0.9998853
hard_negative_wag,results/model_checkpoints/20260721_200947_seed1337_bda60282_best_step1500.pt,1500,fodors_zagats,cross_source,True,"phone, type",18,0.99914575,0.9999062,0.9970377,0.99887115,0.9999293,0.99994063,0.99583447,0.9999521
hard_negative_wag,results/model_checkpoints/20260721_200947_seed1337_bda60282_best_step1500.pt,1500,fodors_zagats,cross_source,True,"addr, phone, type",14,0.99641526,0.99854255,0.9891666,0.9952353,0.9997685,0.9998459,0.9864927,0.9998889
hard_negative_wag,results/model_checkpoints/20260721_200947_seed1337_bda60282_best_step1500.pt,1500,fodors_zagats,cross_source,True,"addr, city, phone, type",12,0.8926545,0.9875484,0.6375541,0.9034514,0.99930274,0.9997224,0.42357662,0.999754
hard_negative_wag,results/model_checkpoints/20260721_200947_seed1337_bda60282_best_step1500.pt,1500,fodors_zagats,cross_source,True,"name, phone, type",9,0.9941487,0.99954444,0.98757887,0.99893945,0.999887,0.9999235,0.9546119,0.99992466
hard_negative_wag,results/model_checkpoints/20260721_200947_seed1337_bda60282_best_step1500.pt,1500,fodors_zagats,cross_source,True,"name, city, phone, type",8,0.9861876,0.9863728,0.973296,0.9764277,0.9981933,0.9991729,0.9678982,0.9996407
hard_negative_wag,results/model_checkpoints/20260721_200947_seed1337_bda60282_best_step1500.pt,1500,fodors_zagats,cross_source,True,"name, addr, phone, type",6,0.9842655,0.9992846,0.95377773,0.9782711,0.9995552,0.9997339,0.9362115,0.99989986
hard_negative_wag,results/model_checkpoints/20260721_200947_seed1337_bda60282_best_step1500.pt,1500,fodors_zagats,cross_source,True,phone,6,0.99993277,0.9999446,0.9998983,0.9999305,0.9999522,0.9999555,0.9998697,0.9999573
hard_negative_wag,results/model_checkpoints/20260721_200947_seed1337_bda60282_best_step1500.pt,1500,fodors_zagats,cross_source,True,"addr, city, phone",4,0.9997855,0.9997813,0.9997223,0.9997361,0.9998307,0.99985206,0.9997131,0.99986625
hard_negative_wag,results/model_checkpoints/20260721_200947_seed1337_bda60282_best_step1500.pt,1500,fodors_zagats,cross_source,True,"addr, phone",4,0.99965256,0.9997392,0.9992908,0.999452,0.9999398,0.99994504,0.99918336,0.9999485
hard_negative_wag,results/model_checkpoints/20260721_200947_seed1337_bda60282_best_step1500.pt,1500,fodors_zagats,cross_source,True,"city, phone",4,0.9995618,0.9997891,0.9991269,0.9995473,0.9998036,0.99981475,0.99884665,0.9998222
hard_negative_wag,results/model_checkpoints/20260721_200947_seed1337_bda60282_best_step1500.pt,1500,fodors_zagats,cross_source,True,"name, addr, city, phone, type",3,0.99815685,0.99822897,0.9972049,0.99758893,0.9987608,0.99908,0.9969489,0.99929273
hard_negative_wag,results/model_checkpoints/20260721_200947_seed1337_bda60282_best_step1500.pt,1500,fodors_zagats,cross_source,True,"name, phone",2,0.9996948,0.9996948,0.9995193,0.99958515,0.99980456,0.9998704,0.9994754,0.9999143
hard_negative_wag,results/model_checkpoints/20260721_200947_seed1337_bda60282_best_step1500.pt,1500,fodors_zagats,cross_source,True,"name, addr, city, phone",1,0.796406,0.796406,0.796406,0.796406,0.796406,0.796406,0.796406,0.796406
hard_negative_wag,results/model_checkpoints/20260721_200947_seed1337_bda60282_best_step1500.pt,1500,fodors_zagats,cross_source,True,"name, addr, phone",1,0.9998932,0.9998932,0.9998932,0.9998932,0.9998932,0.9998932,0.9998932,0.9998932
hard_negative_wag,results/model_checkpoints/20260721_200947_seed1337_bda60282_best_step1500.pt,1500,walmart_amazon,cross_source,False,"title, brand, modelno, category, price, description",271911,0.7270341,0.96160936,0.008776512,0.48515958,0.9943225,0.99848783,1.1183588e-07,0.9999664
hard_negative_wag,results/model_checkpoints/20260721_200947_seed1337_bda60282_best_step1500.pt,1500,walmart_amazon,cross_source,False,"title, brand, modelno, price, description",6702,0.8291656,0.9902936,0.033408333,0.92045456,0.9978875,0.9993101,9.204369e-07,0.9999652
hard_negative_wag,results/model_checkpoints/20260721_200947_seed1337_bda60282_best_step1500.pt,1500,walmart_amazon,cross_source,False,"title, brand, category, price, description",6348,0.6241564,0.9344017,0.0047664554,0.09216801,0.997812,0.9994275,8.451617e-07,0.9999659
hard_negative_wag,results/model_checkpoints/20260721_200947_seed1337_bda60282_best_step1500.pt,1500,walmart_amazon,cross_source,False,"title, modelno, category, price, description",1671,0.87247705,0.99685365,0.32921806,0.96260154,0.99930453,0.9997509,9.5035136e-07,0.99996436
hard_negative_wag,results/model_checkpoints/20260721_200947_seed1337_bda60282_best_step1500.pt,1500,walmart_amazon,cross_source,False,"title, brand, modelno, category, description",1148,0.4657843,0.392406,0.0044304086,0.043527454,0.93045276,0.9922501,7.863161e-06,0.9999603
hard_negative_wag,results/model_checkpoints/20260721_200947_seed1337_bda60282_best_step1500.pt,1500,walmart_amazon,cross_source,False,"title, modelno, price, description",384,0.9198567,0.9994546,0.8487434,0.99596006,0.9998164,0.9999093,2.3559328e-06,0.9999658
hard_negative_wag,results/model_checkpoints/20260721_200947_seed1337_bda60282_best_step1500.pt,1500,walmart_amazon,cross_source,False,"title, brand, category, description",350,0.69685584,0.8394933,0.12769906,0.49193713,0.95031315,0.9917378,9.74292e-05,0.9991775
hard_negative_wag,results/model_checkpoints/20260721_200947_seed1337_bda60282_best_step1500.pt,1500,walmart_amazon,cross_source,False,"title, brand, price, description",122,0.55374086,0.66435826,0.0045660976,0.07081635,0.99792564,0.9996601,0.0001357453,0.9999068
hard_negative_wag,results/model_checkpoints/20260721_200947_seed1337_bda60282_best_step1500.pt,1500,walmart_amazon,cross_source,False,"title, brand, modelno, description",35,0.94784176,0.99386334,0.9182694,0.98415107,0.9983775,0.9993311,0.0023738015,0.99995565
hard_negative_wag,results/model_checkpoints/20260721_200947_seed1337_bda60282_best_step1500.pt,1500,walmart_amazon,cross_source,False,"title, category, price, description",32,0.64986736,0.8937328,0.005441173,0.16584414,0.99941057,0.9997582,7.3237775e-06,0.9999522
hard_negative_wag,results/model_checkpoints/20260721_200947_seed1337_bda60282_best_step1500.pt,1500,walmart_amazon,cross_source,False,"title, price, description",27,0.93784386,0.99992406,0.91396916,0.99982584,0.99994296,0.9999507,0.00069968915,0.99995625
hard_negative_wag,results/model_checkpoints/20260721_200947_seed1337_bda60282_best_step1500.pt,1500,walmart_amazon,cross_source,False,"title, brand, description",20,0.7901491,0.9309548,0.3747905,0.7579329,0.97754073,0.9943941,0.12317955,0.99686617
hard_negative_wag,results/model_checkpoints/20260721_200947_seed1337_bda60282_best_step1500.pt,1500,walmart_amazon,cross_source,False,"title, modelno, category, description",14,0.88136095,0.99563456,0.6272594,0.92964053,0.99918836,0.99964744,0.116943,0.99972874
hard_negative_wag,results/model_checkpoints/20260721_200947_seed1337_bda60282_best_step1500.pt,1500,walmart_amazon,cross_source,False,"title, modelno, description",9,0.9990951,0.99967265,0.99785125,0.9985184,0.9998896,0.99990547,0.99697876,0.99996316
hard_negative_wag,results/model_checkpoints/20260721_200947_seed1337_bda60282_best_step1500.pt,1500,walmart_amazon,cross_source,False,"title, category, description",5,0.9909283,0.9997019,0.9736664,0.9976502,0.9997459,0.9998179,0.95767725,0.9998659
hard_negative_wag,results/model_checkpoints/20260721_200947_seed1337_bda60282_best_step1500.pt,1500,walmart_amazon,cross_source,False,"title, description",5,0.99747276,0.9971662,0.995149,0.9959266,0.99968874,0.9998464,0.9946306,0.9999515
hard_negative_wag,results/model_checkpoints/20260721_200947_seed1337_bda60282_best_step1500.pt,1500,walmart_amazon,cross_source,False,"title, modelno, category, price",1,0.9999231,0.9999231,0.9999231,0.9999231,0.9999231,0.9999231,0.9999231,0.9999231
hard_negative_wag,results/model_checkpoints/20260721_200947_seed1337_bda60282_best_step1500.pt,1500,walmart_amazon,cross_source,False,"title, modelno, price",1,0.999951,0.999951,0.999951,0.999951,0.999951,0.999951,0.999951,0.999951
hard_negative_wag,results/model_checkpoints/20260721_200947_seed1337_bda60282_best_step1500.pt,1500,walmart_amazon,cross_source,True,"title, modelno, category, price, description",196,0.932381,0.9998876,0.86669755,0.9994213,0.99992836,0.99995047,4.6905796e-05,0.9999682
hard_negative_wag,results/model_checkpoints/20260721_200947_seed1337_bda60282_best_step1500.pt,1500,walmart_amazon,cross_source,True,"title, category, price, description",147,0.9297913,0.9999318,0.92993647,0.9998957,0.9999444,0.9999572,0.00082019274,0.9999664
hard_negative_wag,results/model_checkpoints/20260721_200947_seed1337_bda60282_best_step1500.pt,1500,walmart_amazon,cross_source,True,"title, brand, modelno, category, price, description",77,0.9566483,0.9998828,0.9040714,0.99964464,0.9999242,0.9999415,0.07680301,0.99996424
hard_negative_wag,results/model_checkpoints/20260721_200947_seed1337_bda60282_best_step1500.pt,1500,walmart_amazon,cross_source,True,"title, brand, category, price, description",57,0.98357344,0.99993885,0.99968934,0.999899,0.9999523,0.99995655,0.18087247,0.9999609
hard_negative_wag,results/model_checkpoints/20260721_200947_seed1337_bda60282_best_step1500.pt,1500,walmart_amazon,cross_source,True,"title, price, description",24,0.9997609,0.9999539,0.999909,0.9999449,0.99995995,0.9999636,0.99548537,0.9999645
hard_negative_wag,results/model_checkpoints/20260721_200947_seed1337_bda60282_best_step1500.pt,1500,walmart_amazon,cross_source,True,"title, category, description",18,0.999932,0.9999384,0.99990726,0.9999258,0.9999423,0.99994993,0.999877,0.9999628
hard_negative_wag,results/model_checkpoints/20260721_200947_seed1337_bda60282_best_step1500.pt,1500,walmart_amazon,cross_source,True,"title, modelno, category, description",15,0.999904,0.99992716,0.99984485,0.9998825,0.99995035,0.999958,0.99969256,0.9999641
hard_negative_wag,results/model_checkpoints/20260721_200947_seed1337_bda60282_best_step1500.pt,1500,walmart_amazon,cross_source,True,"title, modelno, price, description",14,0.9288861,0.99994314,0.9997812,0.9999114,0.99995345,0.99995905,0.0054524285,0.9999664
hard_negative_wag,results/model_checkpoints/20260721_200947_seed1337_bda60282_best_step1500.pt,1500,walmart_amazon,cross_source,True,"category, price, description",4,0.94786346,0.9999536,0.85409015,0.9478537,0.9999634,0.9999646,0.79158115,0.9999654
hard_negative_wag,results/model_checkpoints/20260721_200947_seed1337_bda60282_best_step1500.pt,1500,walmart_amazon,cross_source,True,"modelno, category, description",4,0.9999398,0.9999405,0.9999276,0.9999325,0.9999478,0.99995136,0.9999243,0.99995375
hard_negative_wag,results/model_checkpoints/20260721_200947_seed1337_bda60282_best_step1500.pt,1500,walmart_amazon,cross_source,True,"modelno, category, price, description",4,0.9487321,0.9998753,0.8566101,0.9486767,0.99993074,0.99993944,0.7952324,0.9999453
hard_negative_wag,results/model_checkpoints/20260721_200947_seed1337_bda60282_best_step1500.pt,1500,walmart_amazon,cross_source,True,"brand, category, price, description",3,0.9999423,0.99994695,0.9999266,0.99993426,0.99995273,0.9999562,0.99992156,0.9999585
hard_negative_wag,results/model_checkpoints/20260721_200947_seed1337_bda60282_best_step1500.pt,1500,walmart_amazon,cross_source,True,"title, description",3,0.9999532,0.9999641,0.9999353,0.9999461,0.9999657,0.9999667,0.9999281,0.99996734
hard_negative_wag,results/model_checkpoints/20260721_200947_seed1337_bda60282_best_step1500.pt,1500,walmart_amazon,cross_source,True,"brand, modelno, category, price, description",2,0.9999341,0.9999341,0.99992853,0.9999306,0.99993753,0.9999396,0.99992716,0.999941
hard_negative_wag,results/model_checkpoints/20260721_200947_seed1337_bda60282_best_step1500.pt,1500,walmart_amazon,cross_source,True,"title, brand, category, description",2,0.9999383,0.9999383,0.9999351,0.99993634,0.9999403,0.9999415,0.9999343,0.9999423
hard_negative_wag,results/model_checkpoints/20260721_200947_seed1337_bda60282_best_step1500.pt,1500,walmart_amazon,cross_source,True,"title, brand, modelno, category, description",2,0.999944,0.999944,0.9999424,0.999943,0.9999449,0.9999455,0.99994206,0.9999459
hard_negative_wag,results/model_checkpoints/20260721_200947_seed1337_bda60282_best_step1500.pt,1500,walmart_amazon,cross_source,True,"title, brand, price, description",2,0.9999261,0.9999261,0.99991006,0.9999161,0.9999361,0.9999421,0.99990606,0.9999461
hard_negative_wag,results/model_checkpoints/20260721_200947_seed1337_bda60282_best_step1500.pt,1500,walmart_amazon,cross_source,True,"brand, modelno, category, description",1,0.9999263,0.9999263,0.9999263,0.9999263,0.9999263,0.9999263,0.9999263,0.9999263
hard_negative_wag,results/model_checkpoints/20260721_200947_seed1337_bda60282_best_step1500.pt,1500,walmart_amazon,cross_source,True,"brand, price, description",1,0.9999473,0.9999473,0.9999473,0.9999473,0.9999473,0.9999473,0.9999473,0.9999473
hard_negative_wag,results/model_checkpoints/20260721_200947_seed1337_bda60282_best_step1500.pt,1500,walmart_amazon,cross_source,True,"category, price",1,0.9674666,0.9674666,0.9674666,0.9674666,0.9674666,0.9674666,0.9674666,0.9674666
hard_negative_wag,results/model_checkpoints/20260721_200947_seed1337_bda60282_best_step1500.pt,1500,walmart_amazon,cross_source,True,"modelno, price, description",1,0.99978095,0.99978095,0.99978095,0.99978095,0.99978095,0.99978095,0.99978095,0.99978095
hard_negative_wag,results/model_checkpoints/20260721_200947_seed1337_bda60282_best_step1500.pt,1500,walmart_amazon,cross_source,True,"price, description",1,0.99996126,0.99996126,0.99996126,0.99996126,0.99996126,0.99996126,0.99996126,0.99996126
hard_negative_wag,results/model_checkpoints/20260721_200947_seed1337_bda60282_best_step1500.pt,1500,walmart_amazon,cross_source,True,"title, modelno",1,0.99996483,0.99996483,0.99996483,0.99996483,0.99996483,0.99996483,0.99996483,0.99996483
hard_negative_wag,results/model_checkpoints/20260721_200947_seed1337_bda60282_best_step1500.pt,1500,amazon_google_price_numeric,cross_source,False,"title, description, manufacturer, price",212711,0.98689705,0.99969816,0.99830353,0.9993285,0.99983954,0.9998971,2.9743928e-06,0.9999676
hard_negative_wag,results/model_checkpoints/20260721_200947_seed1337_bda60282_best_step1500.pt,1500,amazon_google_price_numeric,cross_source,False,"title, description, price",71541,0.9870759,0.9998254,0.9992949,0.99967086,0.9998926,0.9999242,5.9779854e-06,0.9999684
hard_negative_wag,results/model_checkpoints/20260721_200947_seed1337_bda60282_best_step1500.pt,1500,amazon_google_price_numeric,cross_source,False,"title, description, manufacturer",3773,0.99943227,0.9997558,0.9988071,0.99949646,0.99986255,0.99990904,0.98401874,0.99996066
hard_negative_wag,results/model_checkpoints/20260721_200947_seed1337_bda60282_best_step1500.pt,1500,amazon_google_price_numeric,cross_source,False,"title, manufacturer, price",946,0.9998681,0.9999018,0.99975586,0.9998529,0.99993175,0.99994326,0.99879104,0.9999615
hard_negative_wag,results/model_checkpoints/20260721_200947_seed1337_bda60282_best_step1500.pt,1500,amazon_google_price_numeric,cross_source,False,"title, description",514,0.99983317,0.9998884,0.999669,0.9998139,0.9999269,0.9999476,0.9986332,0.999966
hard_negative_wag,results/model_checkpoints/20260721_200947_seed1337_bda60282_best_step1500.pt,1500,amazon_google_price_numeric,cross_source,False,"title, price",106,0.99993664,0.9999405,0.9999062,0.99992764,0.99994946,0.9999576,0.999881,0.9999653
hard_negative_wag,results/model_checkpoints/20260721_200947_seed1337_bda60282_best_step1500.pt,1500,amazon_google_price_numeric,cross_source,False,"title, manufacturer",50,0.99989206,0.999907,0.9998306,0.9998733,0.9999274,0.9999401,0.999736,0.999954
hard_negative_wag,results/model_checkpoints/20260721_200947_seed1337_bda60282_best_step1500.pt,1500,amazon_google_price_numeric,cross_source,False,title,7,0.9999598,0.9999634,0.9999496,0.99995625,0.9999637,0.99996483,0.99994934,0.99996614
hard_negative_wag,results/model_checkpoints/20260721_200947_seed1337_bda60282_best_step1500.pt,1500,amazon_google_price_numeric,cross_source,False,description,1,0.9999429,0.9999429,0.9999429,0.9999429,0.9999429,0.9999429,0.9999429,0.9999429
hard_negative_wag,results/model_checkpoints/20260721_200947_seed1337_bda60282_best_step1500.pt,1500,amazon_google_price_numeric,cross_source,False,"description, manufacturer, price",1,0.9999591,0.9999591,0.9999591,0.9999591,0.9999591,0.9999591,0.9999591,0.9999591
hard_negative_wag,results/model_checkpoints/20260721_200947_seed1337_bda60282_best_step1500.pt,1500,amazon_google_price_numeric,cross_source,False,"description, price",1,0.9999645,0.9999645,0.9999645,0.9999645,0.9999645,0.9999645,0.9999645,0.9999645
hard_negative_wag,results/model_checkpoints/20260721_200947_seed1337_bda60282_best_step1500.pt,1500,amazon_google_price_numeric,cross_source,True,"title, description, manufacturer, price",456,0.9933524,0.9999477,0.99990565,0.9999305,0.9999573,0.9999616,0.00019275499,0.99996996
hard_negative_wag,results/model_checkpoints/20260721_200947_seed1337_bda60282_best_step1500.pt,1500,amazon_google_price_numeric,cross_source,True,"title, description, manufacturer",50,0.99993676,0.99994403,0.9999168,0.99993026,0.99995553,0.9999591,0.99975306,0.9999635
hard_negative_wag,results/model_checkpoints/20260721_200947_seed1337_bda60282_best_step1500.pt,1500,amazon_google_price_numeric,cross_source,True,"title, description, price",42,0.9999428,0.99994934,0.9999141,0.9999381,0.99995834,0.9999603,0.99983513,0.99996245
hard_negative_wag,results/model_checkpoints/20260721_200947_seed1337_bda60282_best_step1500.pt,1500,amazon_google_price_numeric,cross_source,True,"description, manufacturer, price",15,0.99995244,0.9999573,0.99993974,0.99995303,0.99996,0.9999625,0.9999058,0.999964
hard_negative_wag,results/model_checkpoints/20260721_200947_seed1337_bda60282_best_step1500.pt,1500,amazon_google_price_numeric,cross_source,True,"title, manufacturer, price",8,0.9999571,0.9999562,0.9999501,0.99995375,0.99996185,0.9999642,0.9999467,0.99996674
hard_negative_wag,results/model_checkpoints/20260721_200947_seed1337_bda60282_best_step1500.pt,1500,amazon_google_price_numeric,cross_source,True,<none>,3,0.99996305,0.99996305,0.99996305,0.99996305,0.99996305,0.99996305,0.99996305,0.99996305
hard_negative_wag,results/model_checkpoints/20260721_200947_seed1337_bda60282_best_step1500.pt,1500,amazon_google_price_numeric,cross_source,True,"title, description",3,0.9999605,0.9999614,0.99995565,0.9999578,0.99996364,0.999965,0.9999542,0.9999659
hard_negative_wag,results/model_checkpoints/20260721_200947_seed1337_bda60282_best_step1500.pt,1500,amazon_google_price_numeric,cross_source,True,"description, price",2,0.99996376,0.99996376,0.9999627,0.9999631,0.9999644,0.99996483,0.99996245,0.9999651
hard_negative_wag,results/model_checkpoints/20260721_200947_seed1337_bda60282_best_step1500.pt,1500,amazon_google_price_numeric,cross_source,True,"title, price",1,0.99996555,0.99996555,0.99996555,0.99996555,0.99996555,0.99996555,0.99996555,0.99996555
hard_negative_wag,results/model_checkpoints/20260721_200947_seed1337_bda60282_best_step1500.pt,1500,amazon_google_price_both,cross_source,False,"title, description, manufacturer, price_text, price_numeric",212106,0.98705214,0.99967444,0.99823165,0.9992842,0.99982774,0.99989057,7.368003e-06,0.9999665
hard_negative_wag,results/model_checkpoints/20260721_200947_seed1337_bda60282_best_step1500.pt,1500,amazon_google_price_both,cross_source,False,"title, description, price_text, price_numeric",72205,0.9866532,0.99977666,0.99895185,0.9995522,0.999869,0.99991,9.221579e-06,0.999964
hard_negative_wag,results/model_checkpoints/20260721_200947_seed1337_bda60282_best_step1500.pt,1500,amazon_google_price_both,cross_source,False,"title, description, manufacturer",3698,0.9996664,0.99982977,0.99936426,0.99968535,0.99989426,0.99992585,0.98304474,0.99996376
hard_negative_wag,results/model_checkpoints/20260721_200947_seed1337_bda60282_best_step1500.pt,1500,amazon_google_price_both,cross_source,False,"title, manufacturer, price_text, price_numeric",956,0.9998258,0.99988383,0.99969035,0.99981356,0.99991214,0.9999334,0.9975074,0.99995804
hard_negative_wag,results/model_checkpoints/20260721_200947_seed1337_bda60282_best_step1500.pt,1500,amazon_google_price_both,cross_source,False,"title, description",514,0.9998721,0.9999107,0.99975467,0.99985933,0.999939,0.9999519,0.9984425,0.9999653
hard_negative_wag,results/model_checkpoints/20260721_200947_seed1337_bda60282_best_step1500.pt,1500,amazon_google_price_both,cross_source,False,"title, price_text, price_numeric",109,0.9998937,0.9999088,0.9998321,0.99986947,0.99992955,0.9999415,0.99960965,0.9999622
hard_negative_wag,results/model_checkpoints/20260721_200947_seed1337_bda60282_best_step1500.pt,1500,amazon_google_price_both,cross_source,False,"title, manufacturer",56,0.999916,0.9999217,0.9998758,0.9999062,0.99993426,0.99994755,0.9998136,0.99995804
hard_negative_wag,results/model_checkpoints/20260721_200947_seed1337_bda60282_best_step1500.pt,1500,amazon_google_price_both,cross_source,False,title,4,0.9999645,0.9999643,0.9999638,0.9999639,0.99996495,0.99996537,0.99996376,0.99996567
hard_negative_wag,results/model_checkpoints/20260721_200947_seed1337_bda60282_best_step1500.pt,1500,amazon_google_price_both,cross_source,False,description,2,0.999952,0.999952,0.999951,0.99995136,0.9999527,0.99995303,0.99995077,0.99995327
hard_negative_wag,results/model_checkpoints/20260721_200947_seed1337_bda60282_best_step1500.pt,1500,amazon_google_price_both,cross_source,False,"description, price_text, price_numeric",1,0.9999633,0.9999633,0.9999633,0.9999633,0.9999633,0.9999633,0.9999633,0.9999633
hard_negative_wag,results/model_checkpoints/20260721_200947_seed1337_bda60282_best_step1500.pt,1500,amazon_google_price_both,cross_source,True,"title, description, manufacturer, price_text, price_numeric",458,0.9933522,0.9999295,0.99984866,0.99990416,0.9999447,0.999954,0.0002046419,0.99996746
hard_negative_wag,results/model_checkpoints/20260721_200947_seed1337_bda60282_best_step1500.pt,1500,amazon_google_price_both,cross_source,True,"title, description, manufacturer",46,0.99994344,0.99994934,0.9999301,0.9999365,0.99995756,0.99996096,0.99980193,0.99996257
hard_negative_wag,results/model_checkpoints/20260721_200947_seed1337_bda60282_best_step1500.pt,1500,amazon_google_price_both,cross_source,True,"title, description, price_text, price_numeric",46,0.99992454,0.99993396,0.99989414,0.999907,0.9999466,0.9999525,0.9997774,0.99996364
hard_negative_wag,results/model_checkpoints/20260721_200947_seed1337_bda60282_best_step1500.pt,1500,amazon_google_price_both,cross_source,True,"description, manufacturer, price_text, price_numeric",13,0.9999375,0.9999486,0.99991614,0.9999311,0.9999558,0.9999621,0.99984694,0.99996996
hard_negative_wag,results/model_checkpoints/20260721_200947_seed1337_bda60282_best_step1500.pt,1500,amazon_google_price_both,cross_source,True,"title, manufacturer, price_text, price_numeric",8,0.99993724,0.99994165,0.99992234,0.99993575,0.9999442,0.9999488,0.99990666,0.99994946
hard_negative_wag,results/model_checkpoints/20260721_200947_seed1337_bda60282_best_step1500.pt,1500,amazon_google_price_both,cross_source,True,"title, description",4,0.9999578,0.9999602,0.9999479,0.99995404,0.999964,0.99996585,0.99994385,0.9999671
hard_negative_wag,results/model_checkpoints/20260721_200947_seed1337_bda60282_best_step1500.pt,1500,amazon_google_price_both,cross_source,True,<none>,2,0.99996305,0.99996305,0.99996305,0.99996305,0.99996305,0.99996305,0.99996305,0.99996305
hard_negative_wag,results/model_checkpoints/20260721_200947_seed1337_bda60282_best_step1500.pt,1500,amazon_google_price_both,cross_source,True,"description, price_text, price_numeric",2,0.99995327,0.99995327,0.9999458,0.9999486,0.9999579,0.9999607,0.999944,0.99996257
hard_negative_wag,results/model_checkpoints/20260721_200947_seed1337_bda60282_best_step1500.pt,1500,amazon_google_price_both,cross_source,True,"title, price_text, price_numeric",1,0.9999474,0.9999474,0.9999474,0.9999474,0.9999474,0.9999474,0.9999474,0.9999474
