model,checkpoint_path,checkpoint_step,benchmark,pair_scope,target,probability,matching_fields,differing_fields,left_index,right_index,left_givenname,right_givenname,left_surname,right_surname,left_suburb,right_suburb,left_postcode,right_postcode,left_fullname,right_fullname,left_email,right_email,left_phone,right_phone,left_addr,right_addr,left_dob,right_dob,left_census_year,right_census_year,left_full_name,right_full_name,left_first_name,right_first_name,left_middle_name,right_middle_name,left_patronym,right_patronym,left_birthyear,right_birthyear,left_sex,right_sex,left_status,right_status,left_marriagestatus,right_marriagestatus,left_farm,right_farm,left_county,right_county,left_parish,right_parish,left_district,right_district,left_title,right_title,left_authors,right_authors,left_venue,right_venue,left_year,right_year,left_name,right_name,left_city,right_city,left_type,right_type,left_brand,right_brand,left_modelno,right_modelno,left_category,right_category,left_price,right_price,left_description,right_description,left_manufacturer,right_manufacturer,left_price_text,right_price_text,left_price_numeric,right_price_numeric
default_wag,results/model_checkpoints/20260715_195803_seed1337_20005214_best_step1500.pt,1500,nc_voters_shared,all_pairs,False,0.99988914,2,"surname, postcode",470,726,james,james,monson,carrothers,fayetteville,fayetteville,28304,28301,,,,,,,,,,,,,,,,,,,,,,,,,,,,,,,,,,,,,,,,,,,,,,,,,,,,,,,,,,,,,,,,,,
default_wag,results/model_checkpoints/20260715_195803_seed1337_20005214_best_step1500.pt,1500,nc_voters_shared,all_pairs,False,0.99988914,2,"surname, postcode",470,727,james,james,monson,carrothers,fayetteville,fayetteville,28304,28301,,,,,,,,,,,,,,,,,,,,,,,,,,,,,,,,,,,,,,,,,,,,,,,,,,,,,,,,,,,,,,,,,,
default_wag,results/model_checkpoints/20260715_195803_seed1337_20005214_best_step1500.pt,1500,nc_voters_shared,all_pairs,False,0.99988914,2,"surname, postcode",470,728,james,james,monson,carrothers,fayetteville,fayetteville,28304,28301,,,,,,,,,,,,,,,,,,,,,,,,,,,,,,,,,,,,,,,,,,,,,,,,,,,,,,,,,,,,,,,,,,
default_wag,results/model_checkpoints/20260715_195803_seed1337_20005214_best_step1500.pt,1500,nc_voters_shared,all_pairs,False,0.99986315,1,"surname, suburb, postcode",470,729,james,james,monson,carrothers,fayetteville,fayettevville,28304,28309,,,,,,,,,,,,,,,,,,,,,,,,,,,,,,,,,,,,,,,,,,,,,,,,,,,,,,,,,,,,,,,,,,
default_wag,results/model_checkpoints/20260715_195803_seed1337_20005214_best_step1500.pt,1500,nc_voters_shared,all_pairs,False,0.99900925,1,"givenname, surname, postcode",358,565,angela,shari,bradshaw,daye,burlington,burlington,27217,27215,,,,,,,,,,,,,,,,,,,,,,,,,,,,,,,,,,,,,,,,,,,,,,,,,,,,,,,,,,,,,,,,,,
default_wag,results/model_checkpoints/20260715_195803_seed1337_20005214_best_step1500.pt,1500,nc_voters_shared,all_pairs,False,0.99900925,1,"givenname, surname, postcode",359,565,angela,shari,bradshaw,daye,burlington,burlington,27217,27215,,,,,,,,,,,,,,,,,,,,,,,,,,,,,,,,,,,,,,,,,,,,,,,,,,,,,,,,,,,,,,,,,,
default_wag,results/model_checkpoints/20260715_195803_seed1337_20005214_best_step1500.pt,1500,nc_voters_shared,all_pairs,False,0.99900925,1,"givenname, surname, postcode",360,565,angela,shari,bradshaw,daye,burlington,burlington,27217,27215,,,,,,,,,,,,,,,,,,,,,,,,,,,,,,,,,,,,,,,,,,,,,,,,,,,,,,,,,,,,,,,,,,
default_wag,results/model_checkpoints/20260715_195803_seed1337_20005214_best_step1500.pt,1500,nc_voters_shared,all_pairs,False,0.99900925,1,"givenname, surname, postcode",361,565,angela,shari,bradshaw,daye,burlington,burlington,27217,27215,,,,,,,,,,,,,,,,,,,,,,,,,,,,,,,,,,,,,,,,,,,,,,,,,,,,,,,,,,,,,,,,,,
default_wag,results/model_checkpoints/20260715_195803_seed1337_20005214_best_step1500.pt,1500,nc_voters_shared,all_pairs,False,0.9988696,2,"givenname, surname",209,407,mar9aret,benjam:n,knowlea,woplston,hertford,hertford,27944,27944,,,,,,,,,,,,,,,,,,,,,,,,,,,,,,,,,,,,,,,,,,,,,,,,,,,,,,,,,,,,,,,,,,
default_wag,results/model_checkpoints/20260715_195803_seed1337_20005214_best_step1500.pt,1500,nc_voters_shared,all_pairs,False,0.9987447,1,"givenname, surname, postcode",145,660,hernert,na5hea,harrig,merritt,greenville,greenville,27834,278s8,,,,,,,,,,,,,,,,,,,,,,,,,,,,,,,,,,,,,,,,,,,,,,,,,,,,,,,,,,,,,,,,,,
default_wag,results/model_checkpoints/20260715_195803_seed1337_20005214_best_step1500.pt,1500,nc_voters_shared,all_pairs,False,0.99870574,2,"surname, postcode",28,752,christopher,christopher,orr,fortini,charlotte,charlotte,28226,28202,,,,,,,,,,,,,,,,,,,,,,,,,,,,,,,,,,,,,,,,,,,,,,,,,,,,,,,,,,,,,,,,,,
default_wag,results/model_checkpoints/20260715_195803_seed1337_20005214_best_step1500.pt,1500,nc_voters_shared,all_pairs,False,0.99870574,2,"surname, postcode",28,753,christopher,christopher,orr,fortini,charlotte,charlotte,28226,28202,,,,,,,,,,,,,,,,,,,,,,,,,,,,,,,,,,,,,,,,,,,,,,,,,,,,,,,,,,,,,,,,,,
default_wag,results/model_checkpoints/20260715_195803_seed1337_20005214_best_step1500.pt,1500,nc_voters_shared,all_pairs,False,0.99870574,2,"surname, postcode",28,754,christopher,christopher,orr,fortini,charlotte,charlotte,28226,28202,,,,,,,,,,,,,,,,,,,,,,,,,,,,,,,,,,,,,,,,,,,,,,,,,,,,,,,,,,,,,,,,,,
default_wag,results/model_checkpoints/20260715_195803_seed1337_20005214_best_step1500.pt,1500,nc_voters_shared,all_pairs,False,0.99870574,2,"surname, postcode",29,752,christopher,christopher,orr,fortini,charlotte,charlotte,28226,28202,,,,,,,,,,,,,,,,,,,,,,,,,,,,,,,,,,,,,,,,,,,,,,,,,,,,,,,,,,,,,,,,,,
default_wag,results/model_checkpoints/20260715_195803_seed1337_20005214_best_step1500.pt,1500,nc_voters_shared,all_pairs,False,0.99870574,2,"surname, postcode",29,753,christopher,christopher,orr,fortini,charlotte,charlotte,28226,28202,,,,,,,,,,,,,,,,,,,,,,,,,,,,,,,,,,,,,,,,,,,,,,,,,,,,,,,,,,,,,,,,,,
default_wag,results/model_checkpoints/20260715_195803_seed1337_20005214_best_step1500.pt,1500,nc_voters_shared,all_pairs,False,0.99870574,2,"surname, postcode",29,754,christopher,christopher,orr,fortini,charlotte,charlotte,28226,28202,,,,,,,,,,,,,,,,,,,,,,,,,,,,,,,,,,,,,,,,,,,,,,,,,,,,,,,,,,,,,,,,,,
default_wag,results/model_checkpoints/20260715_195803_seed1337_20005214_best_step1500.pt,1500,nc_voters_shared,all_pairs,False,0.99870574,2,"surname, postcode",30,752,christopher,christopher,orr,fortini,charlotte,charlotte,28226,28202,,,,,,,,,,,,,,,,,,,,,,,,,,,,,,,,,,,,,,,,,,,,,,,,,,,,,,,,,,,,,,,,,,
default_wag,results/model_checkpoints/20260715_195803_seed1337_20005214_best_step1500.pt,1500,nc_voters_shared,all_pairs,False,0.99870574,2,"surname, postcode",30,753,christopher,christopher,orr,fortini,charlotte,charlotte,28226,28202,,,,,,,,,,,,,,,,,,,,,,,,,,,,,,,,,,,,,,,,,,,,,,,,,,,,,,,,,,,,,,,,,,
default_wag,results/model_checkpoints/20260715_195803_seed1337_20005214_best_step1500.pt,1500,nc_voters_shared,all_pairs,False,0.99870574,2,"surname, postcode",30,754,christopher,christopher,orr,fortini,charlotte,charlotte,28226,28202,,,,,,,,,,,,,,,,,,,,,,,,,,,,,,,,,,,,,,,,,,,,,,,,,,,,,,,,,,,,,,,,,,
default_wag,results/model_checkpoints/20260715_195803_seed1337_20005214_best_step1500.pt,1500,nc_voters_shared,all_pairs,False,0.99870574,2,"surname, postcode",31,752,christopher,christopher,orr,fortini,charlotte,charlotte,28226,28202,,,,,,,,,,,,,,,,,,,,,,,,,,,,,,,,,,,,,,,,,,,,,,,,,,,,,,,,,,,,,,,,,,
default_wag,results/model_checkpoints/20260715_195803_seed1337_20005214_best_step1500.pt,1500,nc_voters_changed,all_pairs,False,0.9997559,1,"givenname, surname, postcode",490,622,maetha,gloria,pickleah,hancck,albemarle,albemarle,28001,2800|,,,,,,,,,,,,,,,,,,,,,,,,,,,,,,,,,,,,,,,,,,,,,,,,,,,,,,,,,,,,,,,,,,
default_wag,results/model_checkpoints/20260715_195803_seed1337_20005214_best_step1500.pt,1500,nc_voters_changed,all_pairs,False,0.99962556,0,"givenname, surname, suburb, postcode",622,744,gloria,alfreta,hancck,penn-coston,albemarle,elizabeth city,2800|,27109,,,,,,,,,,,,,,,,,,,,,,,,,,,,,,,,,,,,,,,,,,,,,,,,,,,,,,,,,,,,,,,,,,
default_wag,results/model_checkpoints/20260715_195803_seed1337_20005214_best_step1500.pt,1500,nc_voters_changed,all_pairs,False,0.99958545,2,"givenname, surname",422,552,lamariya,kathr7n,jennings,byred,charlotte,charlotte,28216,28216,,,,,,,,,,,,,,,,,,,,,,,,,,,,,,,,,,,,,,,,,,,,,,,,,,,,,,,,,,,,,,,,,,
default_wag,results/model_checkpoints/20260715_195803_seed1337_20005214_best_step1500.pt,1500,nc_voters_changed,all_pairs,False,0.9995419,1,"givenname, surname, postcode",394,775,tereaa,ernezt,furches,floys,winston salem,winston salem,271z7,27107,,,,,,,,,,,,,,,,,,,,,,,,,,,,,,,,,,,,,,,,,,,,,,,,,,,,,,,,,,,,,,,,,,
default_wag,results/model_checkpoints/20260715_195803_seed1337_20005214_best_step1500.pt,1500,nc_voters_changed,all_pairs,False,0.9993414,1,"givenname, surname, postcode",446,574,kwitlin,kamerelle,slavin5ky,gibbs,greenville,greenville,27858,27834,,,,,,,,,,,,,,,,,,,,,,,,,,,,,,,,,,,,,,,,,,,,,,,,,,,,,,,,,,,,,,,,,,
default_wag,results/model_checkpoints/20260715_195803_seed1337_20005214_best_step1500.pt,1500,nc_voters_changed,all_pairs,False,0.9993414,1,"givenname, surname, postcode",446,575,kwitlin,kamerelle,slavin5ky,gibbs,greenville,greenville,27858,27834,,,,,,,,,,,,,,,,,,,,,,,,,,,,,,,,,,,,,,,,,,,,,,,,,,,,,,,,,,,,,,,,,,
default_wag,results/model_checkpoints/20260715_195803_seed1337_20005214_best_step1500.pt,1500,nc_voters_changed,all_pairs,False,0.9993414,1,"givenname, surname, postcode",446,576,kwitlin,kamerelle,slavin5ky,gibbs,greenville,greenville,27858,27834,,,,,,,,,,,,,,,,,,,,,,,,,,,,,,,,,,,,,,,,,,,,,,,,,,,,,,,,,,,,,,,,,,
default_wag,results/model_checkpoints/20260715_195803_seed1337_20005214_best_step1500.pt,1500,nc_voters_changed,all_pairs,False,0.99931633,2,"givenname, surname",30,559,richard,william,safriet,childers,taylorsville,taylorsville,28681,28681,,,,,,,,,,,,,,,,,,,,,,,,,,,,,,,,,,,,,,,,,,,,,,,,,,,,,,,,,,,,,,,,,,
default_wag,results/model_checkpoints/20260715_195803_seed1337_20005214_best_step1500.pt,1500,nc_voters_changed,all_pairs,False,0.99931633,2,"givenname, surname",30,560,richard,william,safriet,childers,taylorsville,taylorsville,28681,28681,,,,,,,,,,,,,,,,,,,,,,,,,,,,,,,,,,,,,,,,,,,,,,,,,,,,,,,,,,,,,,,,,,
default_wag,results/model_checkpoints/20260715_195803_seed1337_20005214_best_step1500.pt,1500,nc_voters_changed,all_pairs,False,0.99931633,2,"givenname, surname",30,561,richard,william,safriet,childers,taylorsville,taylorsville,28681,28681,,,,,,,,,,,,,,,,,,,,,,,,,,,,,,,,,,,,,,,,,,,,,,,,,,,,,,,,,,,,,,,,,,
default_wag,results/model_checkpoints/20260715_195803_seed1337_20005214_best_step1500.pt,1500,nc_voters_changed,all_pairs,False,0.99931633,2,"givenname, surname",31,559,richard,william,safriet,childers,taylorsville,taylorsville,28681,28681,,,,,,,,,,,,,,,,,,,,,,,,,,,,,,,,,,,,,,,,,,,,,,,,,,,,,,,,,,,,,,,,,,
default_wag,results/model_checkpoints/20260715_195803_seed1337_20005214_best_step1500.pt,1500,nc_voters_changed,all_pairs,False,0.99931633,2,"givenname, surname",31,560,richard,william,safriet,childers,taylorsville,taylorsville,28681,28681,,,,,,,,,,,,,,,,,,,,,,,,,,,,,,,,,,,,,,,,,,,,,,,,,,,,,,,,,,,,,,,,,,
default_wag,results/model_checkpoints/20260715_195803_seed1337_20005214_best_step1500.pt,1500,nc_voters_changed,all_pairs,False,0.99931633,2,"givenname, surname",31,561,richard,william,safriet,childers,taylorsville,taylorsville,28681,28681,,,,,,,,,,,,,,,,,,,,,,,,,,,,,,,,,,,,,,,,,,,,,,,,,,,,,,,,,,,,,,,,,,
default_wag,results/model_checkpoints/20260715_195803_seed1337_20005214_best_step1500.pt,1500,nc_voters_changed,all_pairs,False,0.9993119,0,"givenname, surname, suburb, postcode",29,822,eberly,layn,crumlich,townsend,ralelgh,raleie,27619,27613,,,,,,,,,,,,,,,,,,,,,,,,,,,,,,,,,,,,,,,,,,,,,,,,,,,,,,,,,,,,,,,,,,
default_wag,results/model_checkpoints/20260715_195803_seed1337_20005214_best_step1500.pt,1500,nc_voters_changed,all_pairs,False,0.99930656,0,"givenname, surname, suburb, postcode",624,744,gloria,alfreta,hancock,penn-coston,albemarle,elizabeth city,28001,27109,,,,,,,,,,,,,,,,,,,,,,,,,,,,,,,,,,,,,,,,,,,,,,,,,,,,,,,,,,,,,,,,,,
default_wag,results/model_checkpoints/20260715_195803_seed1337_20005214_best_step1500.pt,1500,nc_voters_changed,all_pairs,False,0.99930656,0,"givenname, surname, suburb, postcode",625,744,gloria,alfreta,hancock,penn-coston,albemarle,elizabeth city,28001,27109,,,,,,,,,,,,,,,,,,,,,,,,,,,,,,,,,,,,,,,,,,,,,,,,,,,,,,,,,,,,,,,,,,
default_wag,results/model_checkpoints/20260715_195803_seed1337_20005214_best_step1500.pt,1500,nc_voters_changed,all_pairs,False,0.99930656,0,"givenname, surname, suburb, postcode",626,744,gloria,alfreta,hancock,penn-coston,albemarle,elizabeth city,28001,27109,,,,,,,,,,,,,,,,,,,,,,,,,,,,,,,,,,,,,,,,,,,,,,,,,,,,,,,,,,,,,,,,,,
default_wag,results/model_checkpoints/20260715_195803_seed1337_20005214_best_step1500.pt,1500,nc_voters_changed,all_pairs,False,0.99927884,1,"givenname, surname, postcode",6,821,vionna,laye,kellv,town5end,raleigh,raleigh,2761o,27613,,,,,,,,,,,,,,,,,,,,,,,,,,,,,,,,,,,,,,,,,,,,,,,,,,,,,,,,,,,,,,,,,,
default_wag,results/model_checkpoints/20260715_195803_seed1337_20005214_best_step1500.pt,1500,nc_voters_changed,all_pairs,False,0.9992023,1,"givenname, surname, postcode",26,775,rian,ernezt,lajg,floys,winston salem,winston salem,27101,27107,,,,,,,,,,,,,,,,,,,,,,,,,,,,,,,,,,,,,,,,,,,,,,,,,,,,,,,,,,,,,,,,,,
default_wag,results/model_checkpoints/20260715_195803_seed1337_20005214_best_step1500.pt,1500,nc_voters_changed,all_pairs,False,0.9991602,2,"givenname, surname",214,807,cristine,anria,mwng,jonew,raleigh,raleigh,27609,27609,,,,,,,,,,,,,,,,,,,,,,,,,,,,,,,,,,,,,,,,,,,,,,,,,,,,,,,,,,,,,,,,,,
default_wag,results/model_checkpoints/20260715_195803_seed1337_20005214_best_step1500.pt,1500,bpid_matching_balanced,all_pairs,False,0.99966085,2,"fullname, email, dob",284,285,,,,,,,,,alvarez,diego,alvarez.john@academy.edu | 4lvarez@company.com,alvarez.john@company.com,,,bass harbor me 53317,bass harbor me 53317,19660826,1966 08 26,,,,,,,,,,,,,,,,,,,,,,,,,,,,,,,,,,,,,,,,,,,,,,,,,,,,,,,,
default_wag,results/model_checkpoints/20260715_195803_seed1337_20005214_best_step1500.pt,1500,bpid_matching_balanced,all_pairs,False,0.9996563,2,"fullname, addr, dob",1334,1335,,,,,,,,,leticia gorman,maeve gorman,leticia.pena@enterprise.biz,leticia.pena@enterprise.biz,7968081428,7968081428,north dakota | ri,,2006 11 30,11 30 2006,,,,,,,,,,,,,,,,,,,,,,,,,,,,,,,,,,,,,,,,,,,,,,,,,,,,,,,,
default_wag,results/model_checkpoints/20260715_195803_seed1337_20005214_best_step1500.pt,1500,bpid_matching_balanced,all_pairs,False,0.9991497,0,"fullname, email, phone, addr, dob",1350,1351,,,,,,,,,finnegan pressley,,finnegan.pressley@learn.edu,finnegan.pressley@government.gov,71 592 030 3779,,breckenridge mi | hadley michigan,hadley maine | breckenridge mi,19880606,1988 06 06,,,,,,,,,,,,,,,,,,,,,,,,,,,,,,,,,,,,,,,,,,,,,,,,,,,,,,,,
default_wag,results/model_checkpoints/20260715_195803_seed1337_20005214_best_step1500.pt,1500,bpid_matching_balanced,all_pairs,False,0.9985415,2,"email, phone, dob",1206,1207,,,,,,,,,gerri,gerri,g.erri123@fakemail.com,g.erri123@yahoo.co.in | gerri@outlook.com | gerriwilliams@corporate.biz,1945469513,480 546 3352,wading river beaverhead 163051,wading river beaverhead 163051,1959 02,,,,,,,,,,,,,,,,,,,,,,,,,,,,,,,,,,,,,,,,,,,,,,,,,,,,,,,,,
default_wag,results/model_checkpoints/20260715_195803_seed1337_20005214_best_step1500.pt,1500,bpid_matching_balanced,all_pairs,False,0.9985273,2,"fullname, email, phone",968,969,,,,,,,,,sue eitzer jeter,furman h susan,suzanne.johnson@enterprise.co.uk | sue.johnson@techsavvy.io,sue.johnson@techsavvy.io,6 6793301600,6793301600,,,19991219,19991219,,,,,,,,,,,,,,,,,,,,,,,,,,,,,,,,,,,,,,,,,,,,,,,,,,,,,,,,
default_wag,results/model_checkpoints/20260715_195803_seed1337_20005214_best_step1500.pt,1500,bpid_matching_balanced,all_pairs,False,0.9984515,2,"email, phone, addr",1666,1667,,,,,,,,,wicker,wicker,wicker_j@privateemail.me,wicker_jones@businessmail.com,,428 508 610 6780,7414 west taro ln y397 pumpkintown roosevelt 7922 | 5566 north sunfish place 321 pumpkintown roosevelt 7922,3450 norwich road pumpkintown roosevelt | 1325 weatherbee dr roosevelt 7922,24 03 1964,24 03 1964,,,,,,,,,,,,,,,,,,,,,,,,,,,,,,,,,,,,,,,,,,,,,,,,,,,,,,,,
default_wag,results/model_checkpoints/20260715_195803_seed1337_20005214_best_step1500.pt,1500,bpid_matching_balanced,all_pairs,False,0.9982272,2,"fullname, email, phone",1072,1073,,,,,,,,,collins montague b,ran collin weather,collinsp@edu.gov,collinsp@gmail.com,1261522541,,657 8th avenue southwest brookton greenbrier 2067202 united states of america,657 8th avenue southwest brookton greenbrier 2067202 united states of america,1960,1960,,,,,,,,,,,,,,,,,,,,,,,,,,,,,,,,,,,,,,,,,,,,,,,,,,,,,,,,
default_wag,results/model_checkpoints/20260715_195803_seed1337_20005214_best_step1500.pt,1500,bpid_matching_balanced,all_pairs,False,0.9974583,0,"fullname, email, phone, addr, dob",1002,1793,,,,,,,,,butts,,butts_personal@outlook.com,dil1on@example.io,,417529,muenster 1615 whitfield st mn 43265,mclendon chisholm not stated 64494,jan,30 october,,,,,,,,,,,,,,,,,,,,,,,,,,,,,,,,,,,,,,,,,,,,,,,,,,,,,,,,
default_wag,results/model_checkpoints/20260715_195803_seed1337_20005214_best_step1500.pt,1500,bpid_matching_balanced,all_pairs,False,0.9972873,1,"fullname, email, phone, dob",202,956,,,,,,,,,busby dana,dykes corrie,b.usby@university.edu | bu5by@enterprise.net,dykes@work-email.co.uk | dykesy@cloudmail.com,07 193 009 10007200 | 3257078224,,,,21 july,02,,,,,,,,,,,,,,,,,,,,,,,,,,,,,,,,,,,,,,,,,,,,,,,,,,,,,,,,
default_wag,results/model_checkpoints/20260715_195803_seed1337_20005214_best_step1500.pt,1500,bpid_matching_balanced,all_pairs,False,0.99707544,1,"fullname, email, addr, dob",1184,1370,,,,,,,,,c alfredo,c r,cathycath@governmentorg.gov,c.catherine@governmentorg.gov,,,,2127 longfin court d hanis united states of america co 51035 | d hanis united states of america co 51035 | 8418 grand trevi drive kendall park united states of america ohio 84747,19660317,oct 8thu 1953,,,,,,,,,,,,,,,,,,,,,,,,,,,,,,,,,,,,,,,,,,,,,,,,,,,,,,,,
default_wag,results/model_checkpoints/20260715_195803_seed1337_20005214_best_step1500.pt,1500,bpid_matching_balanced,all_pairs,False,0.9968273,0,"fullname, email, phone, addr, dob",933,1941,,,,,,,,,lida,,jdoe123@university.edu,martinaalex@government.gov | martina123@exampl3.com | martinaperez99@company.biz,,8258146431,161 mcknight st beaverhead 72140,blue point tx 75109 26237 united states,13 december,12 december,,,,,,,,,,,,,,,,,,,,,,,,,,,,,,,,,,,,,,,,,,,,,,,,,,,,,,,,
default_wag,results/model_checkpoints/20260715_195803_seed1337_20005214_best_step1500.pt,1500,bpid_matching_balanced,all_pairs,False,0.9967986,0,"fullname, email, phone, addr, dob",289,933,,,,,,,,,nakia t erb,lida,janedoe.1995@university.edu,jdoe123@university.edu,00498142450 | 827844596,,24543 5 trull cir 173 tx 76641 asbury park,161 mcknight st beaverhead 72140,28 march,13 december,,,,,,,,,,,,,,,,,,,,,,,,,,,,,,,,,,,,,,,,,,,,,,,,,,,,,,,,
default_wag,results/model_checkpoints/20260715_195803_seed1337_20005214_best_step1500.pt,1500,bpid_matching_balanced,all_pairs,False,0.9966108,1,"fullname, phone, addr, dob",1227,1342,,,,,,,,,chance t,,,,7955859514 | 6807496888,4434344014,,us,20 september,14 november,,,,,,,,,,,,,,,,,,,,,,,,,,,,,,,,,,,,,,,,,,,,,,,,,,,,,,,,
default_wag,results/model_checkpoints/20260715_195803_seed1337_20005214_best_step1500.pt,1500,bpid_matching_balanced,all_pairs,False,0.99582267,1,"fullname, email, phone, addr",838,839,,,,,,,,,bartlett aja,suzi bartlett,bArtlett@academe.edu,suzismith@academe.edu,2 7028844648,7027644538,7999 bryants landing road palenville tx 75110 | 1090 morris road talpa tx 75155 | dillon 2085170 hamilton square,,16 02 1962,16 02 1962,,,,,,,,,,,,,,,,,,,,,,,,,,,,,,,,,,,,,,,,,,,,,,,,,,,,,,,,
default_wag,results/model_checkpoints/20260715_195803_seed1337_20005214_best_step1500.pt,1500,bpid_matching_balanced,all_pairs,False,0.99535584,1,"fullname, phone, addr, dob",73,1227,,,,,,,,,deidre,chance t,,,068498888,7955859514 | 6807496888,pottsboro 60964 | 125 federal row hudson falls az 26776 | hillburn tx 76648,,oct,20 september,,,,,,,,,,,,,,,,,,,,,,,,,,,,,,,,,,,,,,,,,,,,,,,,,,,,,,,,
default_wag,results/model_checkpoints/20260715_195803_seed1337_20005214_best_step1500.pt,1500,bpid_matching_balanced,all_pairs,False,0.9948179,0,"fullname, email, phone, addr, dob",1479,1921,,,,,,,,,,england lilith,thatcher.thomas45@edu.ac.uk,,3274693958,10910525,east sublette pl cole nm | 4424 looking glass lane cole nm,320 hamlet park dr 516 greenbrier 11913,november,01 february,,,,,,,,,,,,,,,,,,,,,,,,,,,,,,,,,,,,,,,,,,,,,,,,,,,,,,,,
default_wag,results/model_checkpoints/20260715_195803_seed1337_20005214_best_step1500.pt,1500,bpid_matching_balanced,all_pairs,False,0.9946732,0,"fullname, email, phone, addr, dob",749,1346,,,,,,,,,,a,johnhalverson@acme-corporation.com | marcelojones@personal-email.net,j.doe@fakemail.com | j_doe123@university.edu | john.d@email-service.edu,4147698833,,united states of america,,28 december,1965 04 10,,,,,,,,,,,,,,,,,,,,,,,,,,,,,,,,,,,,,,,,,,,,,,,,,,,,,,,,
default_wag,results/model_checkpoints/20260715_195803_seed1337_20005214_best_step1500.pt,1500,bpid_matching_balanced,all_pairs,False,0.9946524,1,"email, phone, addr, dob",1712,1713,,,,,,,,,karlie,karlie,karliesmith123@business.org,karlie.smith@university.edu,05 798 604 5694 | 7764928466 | 0811577120,7986045694 | 0811577120,6424 williamsport pike 640 hubbard road 26810 | 3072 south 55th street hubbard road 26810,136 wheaten way hubbard 26810,1957 07 22,,,,,,,,,,,,,,,,,,,,,,,,,,,,,,,,,,,,,,,,,,,,,,,,,,,,,,,,,
default_wag,results/model_checkpoints/20260715_195803_seed1337_20005214_best_step1500.pt,1500,bpid_matching_balanced,all_pairs,False,0.9942169,1,"fullname, phone, addr, dob",433,1345,,,,,,,,,bandy rivers jeane,,,,88 577 870 1217,0488937670 | 0957768977,,921 ninth street runge nh 58057 us | 1601 vanderhoof road 288 depew wv 46236 united states of america,jul 9fri 2004,1971 07 09,,,,,,,,,,,,,,,,,,,,,,,,,,,,,,,,,,,,,,,,,,,,,,,,,,,,,,,,
default_wag,results/model_checkpoints/20260715_195803_seed1337_20005214_best_step1500.pt,1500,bpid_matching_balanced,all_pairs,False,0.9942095,0,"fullname, email, phone, addr, dob",350,1995,,,,,,,,,,arleen rider,humphrey_007@biz-mail.com,r1d3r_123@fakepersonal.me,83 094 853 7048,8217859,hepler hi,,1953 4,,,,,,,,,,,,,,,,,,,,,,,,,,,,,,,,,,,,,,,,,,,,,,,,,,,,,,,,,
default_wag,results/model_checkpoints/20260715_195803_seed1337_20005214_best_step1500.pt,1500,bpid_matching_paired,paired_rows,False,0.99966085,2,"fullname, email, dob",284,285,,,,,,,,,alvarez,diego,alvarez.john@academy.edu | 4lvarez@company.com,alvarez.john@company.com,,,bass harbor me 53317,bass harbor me 53317,19660826,1966 08 26,,,,,,,,,,,,,,,,,,,,,,,,,,,,,,,,,,,,,,,,,,,,,,,,,,,,,,,,
default_wag,results/model_checkpoints/20260715_195803_seed1337_20005214_best_step1500.pt,1500,bpid_matching_paired,paired_rows,False,0.9996563,2,"fullname, addr, dob",1334,1335,,,,,,,,,leticia gorman,maeve gorman,leticia.pena@enterprise.biz,leticia.pena@enterprise.biz,7968081428,7968081428,north dakota | ri,,2006 11 30,11 30 2006,,,,,,,,,,,,,,,,,,,,,,,,,,,,,,,,,,,,,,,,,,,,,,,,,,,,,,,,
default_wag,results/model_checkpoints/20260715_195803_seed1337_20005214_best_step1500.pt,1500,bpid_matching_paired,paired_rows,False,0.9991497,0,"fullname, email, phone, addr, dob",1350,1351,,,,,,,,,finnegan pressley,,finnegan.pressley@learn.edu,finnegan.pressley@government.gov,71 592 030 3779,,breckenridge mi | hadley michigan,hadley maine | breckenridge mi,19880606,1988 06 06,,,,,,,,,,,,,,,,,,,,,,,,,,,,,,,,,,,,,,,,,,,,,,,,,,,,,,,,
default_wag,results/model_checkpoints/20260715_195803_seed1337_20005214_best_step1500.pt,1500,bpid_matching_paired,paired_rows,False,0.9985415,2,"email, phone, dob",1206,1207,,,,,,,,,gerri,gerri,g.erri123@fakemail.com,g.erri123@yahoo.co.in | gerri@outlook.com | gerriwilliams@corporate.biz,1945469513,480 546 3352,wading river beaverhead 163051,wading river beaverhead 163051,1959 02,,,,,,,,,,,,,,,,,,,,,,,,,,,,,,,,,,,,,,,,,,,,,,,,,,,,,,,,,
default_wag,results/model_checkpoints/20260715_195803_seed1337_20005214_best_step1500.pt,1500,bpid_matching_paired,paired_rows,False,0.9985273,2,"fullname, email, phone",968,969,,,,,,,,,sue eitzer jeter,furman h susan,suzanne.johnson@enterprise.co.uk | sue.johnson@techsavvy.io,sue.johnson@techsavvy.io,6 6793301600,6793301600,,,19991219,19991219,,,,,,,,,,,,,,,,,,,,,,,,,,,,,,,,,,,,,,,,,,,,,,,,,,,,,,,,
default_wag,results/model_checkpoints/20260715_195803_seed1337_20005214_best_step1500.pt,1500,bpid_matching_paired,paired_rows,False,0.9984515,2,"email, phone, addr",1666,1667,,,,,,,,,wicker,wicker,wicker_j@privateemail.me,wicker_jones@businessmail.com,,428 508 610 6780,7414 west taro ln y397 pumpkintown roosevelt 7922 | 5566 north sunfish place 321 pumpkintown roosevelt 7922,3450 norwich road pumpkintown roosevelt | 1325 weatherbee dr roosevelt 7922,24 03 1964,24 03 1964,,,,,,,,,,,,,,,,,,,,,,,,,,,,,,,,,,,,,,,,,,,,,,,,,,,,,,,,
default_wag,results/model_checkpoints/20260715_195803_seed1337_20005214_best_step1500.pt,1500,bpid_matching_paired,paired_rows,False,0.9982272,2,"fullname, email, phone",1072,1073,,,,,,,,,collins montague b,ran collin weather,collinsp@edu.gov,collinsp@gmail.com,1261522541,,657 8th avenue southwest brookton greenbrier 2067202 united states of america,657 8th avenue southwest brookton greenbrier 2067202 united states of america,1960,1960,,,,,,,,,,,,,,,,,,,,,,,,,,,,,,,,,,,,,,,,,,,,,,,,,,,,,,,,
default_wag,results/model_checkpoints/20260715_195803_seed1337_20005214_best_step1500.pt,1500,bpid_matching_paired,paired_rows,False,0.99582267,1,"fullname, email, phone, addr",838,839,,,,,,,,,bartlett aja,suzi bartlett,bArtlett@academe.edu,suzismith@academe.edu,2 7028844648,7027644538,7999 bryants landing road palenville tx 75110 | 1090 morris road talpa tx 75155 | dillon 2085170 hamilton square,,16 02 1962,16 02 1962,,,,,,,,,,,,,,,,,,,,,,,,,,,,,,,,,,,,,,,,,,,,,,,,,,,,,,,,
default_wag,results/model_checkpoints/20260715_195803_seed1337_20005214_best_step1500.pt,1500,bpid_matching_paired,paired_rows,False,0.9946524,1,"email, phone, addr, dob",1712,1713,,,,,,,,,karlie,karlie,karliesmith123@business.org,karlie.smith@university.edu,05 798 604 5694 | 7764928466 | 0811577120,7986045694 | 0811577120,6424 williamsport pike 640 hubbard road 26810 | 3072 south 55th street hubbard road 26810,136 wheaten way hubbard 26810,1957 07 22,,,,,,,,,,,,,,,,,,,,,,,,,,,,,,,,,,,,,,,,,,,,,,,,,,,,,,,,,
default_wag,results/model_checkpoints/20260715_195803_seed1337_20005214_best_step1500.pt,1500,bpid_matching_paired,paired_rows,False,0.9935533,2,"fullname, email, phone",756,757,,,,,,,,,angeline reitz,angel boudreau,angeline_doe@example.com,angeline_doe@personalaccount.net,0233506205,82 0233506205 | 7247360304 | 8204251403,87825,87825,,,,,,,,,,,,,,,,,,,,,,,,,,,,,,,,,,,,,,,,,,,,,,,,,,,,,,,,,,
default_wag,results/model_checkpoints/20260715_195803_seed1337_20005214_best_step1500.pt,1500,bpid_matching_paired,paired_rows,False,0.9927893,1,"fullname, phone, addr, dob",614,615,,,,,,,,,,cheryle tomlin mi,,,8571532547 | 8574888449,,2505 falling water drive ochelata tx 75110,,21 01 1973,01 21 1973,,,,,,,,,,,,,,,,,,,,,,,,,,,,,,,,,,,,,,,,,,,,,,,,,,,,,,,,
default_wag,results/model_checkpoints/20260715_195803_seed1337_20005214_best_step1500.pt,1500,bpid_matching_paired,paired_rows,False,0.99254566,2,"phone, addr, dob",742,743,,,,,,,,,,,,,8217810584,8217855024 | 8217810584,black eagle 1415 south clinton avenue unit D652 nh 38008,black eagle 4224 north perry street nh | cherry county oak haven street 8013 independence court 226 us | nh 6503 la violetta drive black eagle,01 28 1970,1951 01 17,,,,,,,,,,,,,,,,,,,,,,,,,,,,,,,,,,,,,,,,,,,,,,,,,,,,,,,,
default_wag,results/model_checkpoints/20260715_195803_seed1337_20005214_best_step1500.pt,1500,bpid_matching_paired,paired_rows,False,0.9923389,1,"email, phone, addr, dob",788,789,,,,,,,,,louise,louise,louise.smith@business-email.com | louise_doe@personal-email.me,louise.jane@personal-email.me,3231371839 | 3235251063,,trumansburg nh us | trumansburg us,702 minnehaha avenue east trumansburg nh,,1955 12 10,,,,,,,,,,,,,,,,,,,,,,,,,,,,,,,,,,,,,,,,,,,,,,,,,,,,,,,,
default_wag,results/model_checkpoints/20260715_195803_seed1337_20005214_best_step1500.pt,1500,bpid_matching_paired,paired_rows,False,0.9916932,1,"fullname, email, phone, addr",1510,1511,,,,,,,,,amber donovan brill,donovan tammy brill,,donovan_smith@company.biz,0504738905 x 9 | 7297350970,0504738905 x 198,2013 midland road 217 peotone mn 73056,2013 midland road 217 paducah mi 44223 united states | 20207 reasoner rd paducah mi 44223 united states | 4 bock boulevaroad 868 paducah mi 44223 united states,1966 11 28,1966 11 28,,,,,,,,,,,,,,,,,,,,,,,,,,,,,,,,,,,,,,,,,,,,,,,,,,,,,,,,
default_wag,results/model_checkpoints/20260715_195803_seed1337_20005214_best_step1500.pt,1500,bpid_matching_paired,paired_rows,False,0.991295,2,"email, phone, addr",1380,1381,,,,,,,,,parson,parson,john-smith@company.co.in | j.smith123@company.co.in,jsmith_personal@fakedomain.xyz | john-smith@gov.org,64075 | 4986 X 47,6407513068 X 6,,455 lee street apt l908 windsor sc 23341,2003,2003,,,,,,,,,,,,,,,,,,,,,,,,,,,,,,,,,,,,,,,,,,,,,,,,,,,,,,,,
default_wag,results/model_checkpoints/20260715_195803_seed1337_20005214_best_step1500.pt,1500,bpid_matching_paired,paired_rows,False,0.9911214,1,"email, phone, addr, dob",1214,1215,,,,,,,,,mcnally,mcnally,,mcnally_2023@privateemail.me | mcnally.x@gmail.com | mcnally99@outlook.co.uk,8808406109,7484439550 | 880 307 6109,tx 8872 rockland 4627 briarclift road apt M263,big stone gap 4627 briarclift road apt M263 il 82009 | 82009 10730 rosewood lane il big stone gap,24 08 1950,1950 08 24,,,,,,,,,,,,,,,,,,,,,,,,,,,,,,,,,,,,,,,,,,,,,,,,,,,,,,,,
default_wag,results/model_checkpoints/20260715_195803_seed1337_20005214_best_step1500.pt,1500,bpid_matching_paired,paired_rows,False,0.9911186,2,"fullname, phone, dob",1454,1455,,,,,,,,,dani w t,,dani@fakegov.gov,dani@fakegov.gov,7987498299 | 8423537,8423,emporia 16315,emporia 16315,,02 mar 1951,,,,,,,,,,,,,,,,,,,,,,,,,,,,,,,,,,,,,,,,,,,,,,,,,,,,,,,,
default_wag,results/model_checkpoints/20260715_195803_seed1337_20005214_best_step1500.pt,1500,bpid_matching_paired,paired_rows,False,0.9911067,0,"fullname, email, phone, addr, dob",914,915,,,,,,,,,tyler kurtz,loraine kurtz,tylersmith@outlook.com,tylersmith@businessdomain.org,4257400639,4254044659 | 4257400639,6300 bridle lane medicine lodge road 41190 cottlevill | 2602 roe ingleside drive isabella missouri,,1950 04 16,,,,,,,,,,,,,,,,,,,,,,,,,,,,,,,,,,,,,,,,,,,,,,,,,,,,,,,,,
default_wag,results/model_checkpoints/20260715_195803_seed1337_20005214_best_step1500.pt,1500,bpid_matching_paired,paired_rows,False,0.9870809,1,"fullname, email, addr, dob",1086,1087,,,,,,,,,hermann holtz kayli,kayden holtz h,hermannalex@enterprise.biz | h.hermann@gov.org | hermann_x@gov.org,h.hermann@gov.org | hermann_x@gov.org,4174592776,4174592776,6928 rouse road broeck pointe alaska 2065602 | vermillion jackson 79546 | 211 west davis avenue vermillion jackson 79546,9580 w april st english tx 76679 | 2267 binginham island occoquan la 22236,,november 1990,,,,,,,,,,,,,,,,,,,,,,,,,,,,,,,,,,,,,,,,,,,,,,,,,,,,,,,,
default_wag,results/model_checkpoints/20260715_195803_seed1337_20005214_best_step1500.pt,1500,bpid_matching_paired,paired_rows,False,0.9840189,2,"fullname, phone, addr",976,977,,,,,,,,,elisha,crutchfield edgardo hanna,,,5710785435,6205089007 | 5710785435,cypress mill mn | howardsville ohio,,1994 12 31,1994 12 31,,,,,,,,,,,,,,,,,,,,,,,,,,,,,,,,,,,,,,,,,,,,,,,,,,,,,,,,
default_wag,results/model_checkpoints/20260715_195803_seed1337_20005214_best_step1500.pt,1500,ice_id_people_200,all_pairs,False,0.99998605,6,"census_year, full_name, first_name, patronym, birthyear, sex, status, marriagestatus",334,689,,,,,,,,,,,,,,,,,,,1816,1840,Oddur Jónsson,Guðrún Jónsdóttir,Oddur,Guðrún,,,Jónsson,Jónsdóttir,1815,1781,Karl,Kona,þeirra barn,hans kona,Ó,G,5038,5038,342,342,400,400,14,14,,,,,,,,,,,,,,,,,,,,,,,,,,,,,,
default_wag,results/model_checkpoints/20260715_195803_seed1337_20005214_best_step1500.pt,1500,ice_id_people_200,all_pairs,False,0.99998593,6,"census_year, full_name, first_name, patronym, birthyear, sex, status, marriagestatus",334,692,,,,,,,,,,,,,,,,,,,1816,1845,Oddur Jónsson,Guðrún Jónsdóttir,Oddur,Guðrún,,,Jónsson,Jónsdóttir,1815,1780,Karl,Kona,þeirra barn,móðir bóndans,Ó,G,5038,5038,342,342,400,400,14,14,,,,,,,,,,,,,,,,,,,,,,,,,,,,,,
default_wag,results/model_checkpoints/20260715_195803_seed1337_20005214_best_step1500.pt,1500,ice_id_people_200,all_pairs,False,0.99998593,6,"census_year, full_name, first_name, patronym, birthyear, sex, status, marriagestatus",334,693,,,,,,,,,,,,,,,,,,,1816,1835,Oddur Jónsson,Guðrún Jónsdóttir,Oddur,Guðrún,,,Jónsson,Jónsdóttir,1815,1781,Karl,Kona,þeirra barn,hans kona,Ó,G,5038,5038,342,342,400,400,14,14,,,,,,,,,,,,,,,,,,,,,,,,,,,,,,
default_wag,results/model_checkpoints/20260715_195803_seed1337_20005214_best_step1500.pt,1500,ice_id_people_200,all_pairs,False,0.9999857,6,"census_year, full_name, first_name, patronym, birthyear, sex, status, marriagestatus",331,689,,,,,,,,,,,,,,,,,,,1835,1840,Oddur Jónsson,Guðrún Jónsdóttir,Oddur,Guðrún,,,Jónsson,Jónsdóttir,1815,1781,Karl,Kona,þeirra barn,hans kona,Ó,G,5038,5038,342,342,400,400,14,14,,,,,,,,,,,,,,,,,,,,,,,,,,,,,,
default_wag,results/model_checkpoints/20260715_195803_seed1337_20005214_best_step1500.pt,1500,ice_id_people_200,all_pairs,False,0.9999857,6,"census_year, full_name, first_name, patronym, birthyear, sex, status, marriagestatus",334,691,,,,,,,,,,,,,,,,,,,1816,1850,Oddur Jónsson,Guðrún Jónsdóttir,Oddur,Guðrún,,,Jónsson,Jónsdóttir,1815,1781,Karl,Kona,þeirra barn,hans kona,Ó,G,5038,5038,342,342,400,400,14,14,,,,,,,,,,,,,,,,,,,,,,,,,,,,,,
default_wag,results/model_checkpoints/20260715_195803_seed1337_20005214_best_step1500.pt,1500,ice_id_people_200,all_pairs,False,0.9999856,6,"census_year, full_name, first_name, patronym, birthyear, sex, status, marriagestatus",331,691,,,,,,,,,,,,,,,,,,,1835,1850,Oddur Jónsson,Guðrún Jónsdóttir,Oddur,Guðrún,,,Jónsson,Jónsdóttir,1815,1781,Karl,Kona,þeirra barn,hans kona,Ó,G,5038,5038,342,342,400,400,14,14,,,,,,,,,,,,,,,,,,,,,,,,,,,,,,
default_wag,results/model_checkpoints/20260715_195803_seed1337_20005214_best_step1500.pt,1500,ice_id_people_200,all_pairs,False,0.99998546,7,"full_name, first_name, patronym, birthyear, sex, status, marriagestatus",331,693,,,,,,,,,,,,,,,,,,,1835,1835,Oddur Jónsson,Guðrún Jónsdóttir,Oddur,Guðrún,,,Jónsson,Jónsdóttir,1815,1781,Karl,Kona,þeirra barn,hans kona,Ó,G,5038,5038,342,342,400,400,14,14,,,,,,,,,,,,,,,,,,,,,,,,,,,,,,
default_wag,results/model_checkpoints/20260715_195803_seed1337_20005214_best_step1500.pt,1500,ice_id_people_200,all_pairs,False,0.99998546,6,"census_year, full_name, first_name, patronym, birthyear, sex, status, marriagestatus",331,694,,,,,,,,,,,,,,,,,,,1835,1855,Oddur Jónsson,Guðrún Jónsdóttir,Oddur,Guðrún,,,Jónsson,Jónsdóttir,1815,1780,Karl,Kona,þeirra barn,Kona hans,Ó,G,5038,5038,342,342,400,400,14,14,,,,,,,,,,,,,,,,,,,,,,,,,,,,,,
default_wag,results/model_checkpoints/20260715_195803_seed1337_20005214_best_step1500.pt,1500,ice_id_people_200,all_pairs,False,0.99998546,7,"full_name, first_name, patronym, birthyear, sex, status, marriagestatus",334,690,,,,,,,,,,,,,,,,,,,1816,1816,Oddur Jónsson,Guðrún Jónsdóttir,Oddur,Guðrún,,,Jónsson,Jónsdóttir,1815,1781,Karl,Kona,þeirra barn,hans kona,Ó,G,5038,5038,342,342,400,400,14,14,,,,,,,,,,,,,,,,,,,,,,,,,,,,,,
default_wag,results/model_checkpoints/20260715_195803_seed1337_20005214_best_step1500.pt,1500,ice_id_people_200,all_pairs,False,0.9999852,6,"census_year, full_name, first_name, patronym, birthyear, sex, status, marriagestatus",331,692,,,,,,,,,,,,,,,,,,,1835,1845,Oddur Jónsson,Guðrún Jónsdóttir,Oddur,Guðrún,,,Jónsson,Jónsdóttir,1815,1780,Karl,Kona,þeirra barn,móðir bóndans,Ó,G,5038,5038,342,342,400,400,14,14,,,,,,,,,,,,,,,,,,,,,,,,,,,,,,
default_wag,results/model_checkpoints/20260715_195803_seed1337_20005214_best_step1500.pt,1500,ice_id_people_200,all_pairs,False,0.9999852,6,"census_year, full_name, first_name, patronym, birthyear, sex, status, marriagestatus",334,694,,,,,,,,,,,,,,,,,,,1816,1855,Oddur Jónsson,Guðrún Jónsdóttir,Oddur,Guðrún,,,Jónsson,Jónsdóttir,1815,1780,Karl,Kona,þeirra barn,Kona hans,Ó,G,5038,5038,342,342,400,400,14,14,,,,,,,,,,,,,,,,,,,,,,,,,,,,,,
default_wag,results/model_checkpoints/20260715_195803_seed1337_20005214_best_step1500.pt,1500,ice_id_people_200,all_pairs,False,0.99998343,7,"census_year, full_name, first_name, patronym, birthyear, status, farm",75,335,,,,,,,,,,,,,,,,,,,1910,1920,Guðný Stefánsdóttir,Bjarnveig Bjarnadóttir,Guðný,Bjarnveig,,,Stefánsdóttir,Bjarnadóttir,1907,1905,Kona,Kona,,barn,Ó,Ó,15841,12778,160,160,179,179,37,37,,,,,,,,,,,,,,,,,,,,,,,,,,,,,,
default_wag,results/model_checkpoints/20260715_195803_seed1337_20005214_best_step1500.pt,1500,ice_id_people_200,all_pairs,False,0.9999831,6,"census_year, full_name, first_name, patronym, birthyear, sex, status, marriagestatus",331,690,,,,,,,,,,,,,,,,,,,1835,1816,Oddur Jónsson,Guðrún Jónsdóttir,Oddur,Guðrún,,,Jónsson,Jónsdóttir,1815,1781,Karl,Kona,þeirra barn,hans kona,Ó,G,5038,5038,342,342,400,400,14,14,,,,,,,,,,,,,,,,,,,,,,,,,,,,,,
default_wag,results/model_checkpoints/20260715_195803_seed1337_20005214_best_step1500.pt,1500,ice_id_people_200,all_pairs,False,0.9999827,6,"census_year, full_name, first_name, middle_name, patronym, birthyear, status, farm",159,205,,,,,,,,,,,,,,,,,,,1910,1901,Jónína Bárðardóttir,Guðrún Valgerður Jónsdóttir,Jónína,Guðrún,,Valgerður,Bárðardóttir,Jónsdóttir,1884,1871,Kona,Kona,Húsmóðir,húsmóðir,G,G,12598,13338,160,160,179,179,37,37,,,,,,,,,,,,,,,,,,,,,,,,,,,,,,
default_wag,results/model_checkpoints/20260715_195803_seed1337_20005214_best_step1500.pt,1500,ice_id_people_200,all_pairs,False,0.9999826,7,"census_year, full_name, first_name, patronym, birthyear, status, farm",75,589,,,,,,,,,,,,,,,,,,,1910,1920,Guðný Stefánsdóttir,Ingibjörg Markúsdóttir,Guðný,Ingibjörg,,,Stefánsdóttir,Markúsdóttir,1907,1860,Kona,Kona,,bústýra,Ó,Ó,15841,13444,160,160,179,179,37,37,,,,,,,,,,,,,,,,,,,,,,,,,,,,,,
default_wag,results/model_checkpoints/20260715_195803_seed1337_20005214_best_step1500.pt,1500,ice_id_people_200,all_pairs,False,0.9999821,7,"census_year, full_name, first_name, patronym, birthyear, sex, status",325,694,,,,,,,,,,,,,,,,,,,1850,1855,Oddur Jónsson,Guðrún Jónsdóttir,Oddur,Guðrún,,,Jónsson,Jónsdóttir,1815,1780,Karl,Kona,bóndi,Kona hans,G,G,5038,5038,342,342,400,400,14,14,,,,,,,,,,,,,,,,,,,,,,,,,,,,,,
default_wag,results/model_checkpoints/20260715_195803_seed1337_20005214_best_step1500.pt,1500,ice_id_people_200,all_pairs,False,0.99998164,10,"full_name, first_name, patronym, birthyear",43,607,,,,,,,,,,,,,,,,,,,1860,1860,Jóhann Björnsson,Oddur Sverrisson,Jóhann,Oddur,,,Björnsson,Sverrisson,1825,1804,Karl,Karl,"húsbóndi, bóndi","húsbóndi, bóndi",G,G,1212,1212,73,73,76,76,22,22,,,,,,,,,,,,,,,,,,,,,,,,,,,,,,
default_wag,results/model_checkpoints/20260715_195803_seed1337_20005214_best_step1500.pt,1500,ice_id_people_200,all_pairs,False,0.9999814,8,"full_name, first_name, patronym, birthyear, sex, status",325,691,,,,,,,,,,,,,,,,,,,1850,1850,Oddur Jónsson,Guðrún Jónsdóttir,Oddur,Guðrún,,,Jónsson,Jónsdóttir,1815,1781,Karl,Kona,bóndi,hans kona,G,G,5038,5038,342,342,400,400,14,14,,,,,,,,,,,,,,,,,,,,,,,,,,,,,,
default_wag,results/model_checkpoints/20260715_195803_seed1337_20005214_best_step1500.pt,1500,ice_id_people_200,all_pairs,False,0.9999809,9,"full_name, first_name, patronym, birthyear, farm",76,335,,,,,,,,,,,,,,,,,,,1920,1920,Guðný Stefánsdóttir,Bjarnveig Bjarnadóttir,Guðný,Bjarnveig,,,Stefánsdóttir,Bjarnadóttir,1907,1905,Kona,Kona,barn,barn,Ó,Ó,12663,12778,160,160,179,179,37,37,,,,,,,,,,,,,,,,,,,,,,,,,,,,,,
default_wag,results/model_checkpoints/20260715_195803_seed1337_20005214_best_step1500.pt,1500,ice_id_people_200,all_pairs,False,0.9999809,8,"full_name, first_name, patronym, birthyear, sex, status",327,694,,,,,,,,,,,,,,,,,,,1855,1855,Oddur Jónsson,Guðrún Jónsdóttir,Oddur,Guðrún,,,Jónsson,Jónsdóttir,1814,1780,Karl,Kona,Bóndi,Kona hans,G,G,5038,5038,342,342,400,400,14,14,,,,,,,,,,,,,,,,,,,,,,,,,,,,,,
default_wag,results/model_checkpoints/20260715_195803_seed1337_20005214_best_step1500.pt,1500,dblp_acm,cross_source,False,0.9999895,3,title,328,347,,,,,,,,,,,,,,,,,,,,,,,,,,,,,,,,,,,,,,,,,,,,,DEVise: integrated querying and visual exploration of large datasets,DEVise (demo abstract): integrated querying and visual exploration of large datasets,"M. Livny, R. Ramakrishnan, K. Beyer, G. Chen, D. Donjerkovic, S. Lawande, J. Myllymaki, K. Wenger","M. Livny, R. Ramakrishnan, K. Beyer, G. Chen, D. Donjerkovic, S. Lawande, J. Myllymaki, K. Wenger",International Conference on Management of Data,International Conference on Management of Data,1997,1997,,,,,,,,,,,,,,,,,,,,,,
default_wag,results/model_checkpoints/20260715_195803_seed1337_20005214_best_step1500.pt,1500,dblp_acm,cross_source,False,0.9999889,2,"title, authors",329,346,,,,,,,,,,,,,,,,,,,,,,,,,,,,,,,,,,,,,,,,,,,,,DEVise: Integrated Querying and Visualization of Large Datasets,DEVise: Integrated Querying and Visual Exploration of Large Datasets (Demo Abstract),"Miron Livny, Raghu Ramakrishnan, Donko Donjerkovic, Shilpa Lawande, Jussi Myllymaki, Guangshun Chen, R. Kent Wenger, Kevin S. Beyer","Jussi Myllymaki, Shilpa Lawande, Donko Donjerkovic, Raghu Ramakrishnan, Guangshun Chen, Kevin S. Beyer, Miron Livny, R. Kent Wenger",SIGMOD Conference,SIGMOD Conference,1997,1997,,,,,,,,,,,,,,,,,,,,,,
default_wag,results/model_checkpoints/20260715_195803_seed1337_20005214_best_step1500.pt,1500,dblp_acm,cross_source,False,0.99997973,2,"title, venue",664,807,,,,,,,,,,,,,,,,,,,,,,,,,,,,,,,,,,,,,,,,,,,,,XMILL: An Efficient Compressor for XML Data,An extensible compressor for XML data,"Hartmut Liefke, Dan Suciu","Hartmut Liefke, Dan Suciu",SIGMOD Conference,ACM SIGMOD Record ,2000,2000,,,,,,,,,,,,,,,,,,,,,,
default_wag,results/model_checkpoints/20260715_195803_seed1337_20005214_best_step1500.pt,1500,dblp_acm,cross_source,False,0.99996674,1,"title, authors, venue",380,594,,,,,,,,,,,,,,,,,,,,,,,,,,,,,,,,,,,,,,,,,,,,,Outlier Detection for High Dimensional Data,Re-designing distance functions and distance-based applications for high dimensional data,"Charu C. Aggarwal, Philip S. Yu",Charu C. Aggarwal,SIGMOD Conference,ACM SIGMOD Record ,2001,2001,,,,,,,,,,,,,,,,,,,,,,
default_wag,results/model_checkpoints/20260715_195803_seed1337_20005214_best_step1500.pt,1500,dblp_acm,cross_source,False,0.99996436,2,"title, authors",8,684,,,,,,,,,,,,,,,,,,,,,,,,,,,,,,,,,,,,,,,,,,,,,Query Decomposition and View Maintenance for Query Languages for Unstructured Data,Optimization of Queries with User-defined Predicates,Dan Suciu,"Surajit Chaudhuri, Kyuseok Shim",VLDB,VLDB,1996,1996,,,,,,,,,,,,,,,,,,,,,,
default_wag,results/model_checkpoints/20260715_195803_seed1337_20005214_best_step1500.pt,1500,dblp_acm,cross_source,False,0.9999622,1,"title, authors, venue",594,777,,,,,,,,,,,,,,,,,,,,,,,,,,,,,,,,,,,,,,,,,,,,,Re-designing distance functions and distance-based applications for high dimensional data,Dissemination of Dynamic Data,Charu C. Aggarwal,"Pavan Deolasee, Amol Katkar, Krithi Ramamritham, Ankur Panchbudhe, Prashant J. Shenoy",ACM SIGMOD Record ,SIGMOD Conference,2001,2001,,,,,,,,,,,,,,,,,,,,,,
default_wag,results/model_checkpoints/20260715_195803_seed1337_20005214_best_step1500.pt,1500,dblp_acm,cross_source,False,0.9999609,2,"title, authors",9,685,,,,,,,,,,,,,,,,,,,,,,,,,,,,,,,,,,,,,,,,,,,,,Query Decomposition and View Maintenance for Query Languages for Unstructured Data,Optimization of Queries with User-defined Predicates,Dan Suciu,"Surajit Chaudhuri, Kyuseok Shim",Very Large Data Bases,Very Large Data Bases,1996,1996,,,,,,,,,,,,,,,,,,,,,,
default_wag,results/model_checkpoints/20260715_195803_seed1337_20005214_best_step1500.pt,1500,dblp_acm,cross_source,False,0.9999554,2,"title, authors",346,821,,,,,,,,,,,,,,,,,,,,,,,,,,,,,,,,,,,,,,,,,,,,,DEVise: Integrated Querying and Visual Exploration of Large Datasets (Demo Abstract),Range Queries in OLAP Data Cubes,"Jussi Myllymaki, Shilpa Lawande, Donko Donjerkovic, Raghu Ramakrishnan, Guangshun Chen, Kevin S. Beyer, Miron Livny, R. Kent Wenger","Ching-Tien Ho, Rakesh Agrawal, Nimrod Megiddo, Ramakrishnan Srikant",SIGMOD Conference,SIGMOD Conference,1997,1997,,,,,,,,,,,,,,,,,,,,,,
default_wag,results/model_checkpoints/20260715_195803_seed1337_20005214_best_step1500.pt,1500,dblp_acm,cross_source,False,0.99995446,2,"title, authors",347,820,,,,,,,,,,,,,,,,,,,,,,,,,,,,,,,,,,,,,,,,,,,,,DEVise (demo abstract): integrated querying and visual exploration of large datasets,Range queries in OLAP data cubes,"M. Livny, R. Ramakrishnan, K. Beyer, G. Chen, D. Donjerkovic, S. Lawande, J. Myllymaki, K. Wenger","Ching-Tien Ho, Rakesh Agrawal, Nimrod Megiddo, Ramakrishnan Srikant",International Conference on Management of Data,International Conference on Management of Data,1997,1997,,,,,,,,,,,,,,,,,,,,,,
default_wag,results/model_checkpoints/20260715_195803_seed1337_20005214_best_step1500.pt,1500,dblp_acm,cross_source,False,0.99995446,1,"title, authors, venue",587,597,,,,,,,,,,,,,,,,,,,,,,,,,,,,,,,,,,,,,,,,,,,,,Energy efficient indexing on air,Using semantic values to facilitate interoperability among heterogeneous information systems,"Tomasz Imielinski, S. Viswanathan, B. R. Badrinath","Edward Sciore, Michael Siegel, Arnon Rosenthal",International Conference on Management of Data,ACM Transactions on Database Systems (TODS) ,1994,1994,,,,,,,,,,,,,,,,,,,,,,
default_wag,results/model_checkpoints/20260715_195803_seed1337_20005214_best_step1500.pt,1500,dblp_acm,cross_source,False,0.999954,2,"title, authors",411,598,,,,,,,,,,,,,,,,,,,,,,,,,,,,,,,,,,,,,,,,,,,,,Adaptive Precision Setting for Cached Approximate Values,REVIEW: A Real Time Virtual Walkthrough System,"Boon Thau Loo, Jennifer Widom, Chris Olston","Yixin Ruan, Zhiyong Huang, Kian-Lee Tan, Jason Chionh, Lidan Shou",SIGMOD Conference,SIGMOD Conference,2001,2001,,,,,,,,,,,,,,,,,,,,,,
default_wag,results/model_checkpoints/20260715_195803_seed1337_20005214_best_step1500.pt,1500,dblp_acm,cross_source,False,0.99995375,1,"title, authors, venue",634,869,,,,,,,,,,,,,,,,,,,,,,,,,,,,,,,,,,,,,,,,,,,,,Query evaluation in deductive databases with alternating fixpoint semantics,Hypergraph based reorderings of outer join queries with complex predicates,Weidong Chen,"Gautam Bhargava, Piyush Goel, Bala Iyer",ACM Transactions on Database Systems (TODS) ,International Conference on Management of Data,1995,1995,,,,,,,,,,,,,,,,,,,,,,
default_wag,results/model_checkpoints/20260715_195803_seed1337_20005214_best_step1500.pt,1500,dblp_acm,cross_source,False,0.9999517,1,"title, authors, venue",369,869,,,,,,,,,,,,,,,,,,,,,,,,,,,,,,,,,,,,,,,,,,,,,OS Support for VLDBs: Unix Enhancements for the Teradata Data Base,Hypergraph based reorderings of outer join queries with complex predicates,"Sorana Rabinovici, John Catozzi","Gautam Bhargava, Piyush Goel, Bala Iyer",VLDB,International Conference on Management of Data,1995,1995,,,,,,,,,,,,,,,,,,,,,,
default_wag,results/model_checkpoints/20260715_195803_seed1337_20005214_best_step1500.pt,1500,dblp_acm,cross_source,False,0.9999502,2,"title, authors",21,562,,,,,,,,,,,,,,,,,,,,,,,,,,,,,,,,,,,,,,,,,,,,,Wave-indices: indexing evolving databases,Secure transaction processing in firm real-time database systems,"Narayanan Shivakumar, H&#233;ctor Garc&#237;a-Molina","Binto George, Jayant Haritsa",International Conference on Management of Data,International Conference on Management of Data,1997,1997,,,,,,,,,,,,,,,,,,,,,,
default_wag,results/model_checkpoints/20260715_195803_seed1337_20005214_best_step1500.pt,1500,dblp_acm,cross_source,False,0.9999502,2,"title, authors",338,567,,,,,,,,,,,,,,,,,,,,,,,,,,,,,,,,,,,,,,,,,,,,,Incremental computation and maintenance of temporal aggregates,Lineage tracing for general data warehouse transformations,"Jun Yang, Jennifer Widom","Jennifer Widom, Yingwei Cui",VLDB J.,VLDB J.,2003,2003,,,,,,,,,,,,,,,,,,,,,,
default_wag,results/model_checkpoints/20260715_195803_seed1337_20005214_best_step1500.pt,1500,dblp_acm,cross_source,False,0.99994934,2,"title, authors",16,970,,,,,,,,,,,,,,,,,,,,,,,,,,,,,,,,,,,,,,,,,,,,,Indexing the Distance: An Efficient Method to KNN Processing,Information Management for Genome Level Bioinformatics,"Cui Yu, Kian-Lee Tan, Beng Chin Ooi, H. V. Jagadish","Norman W. Paton, Carole A. Goble",VLDB,VLDB,2001,2001,,,,,,,,,,,,,,,,,,,,,,
default_wag,results/model_checkpoints/20260715_195803_seed1337_20005214_best_step1500.pt,1500,dblp_acm,cross_source,False,0.99994755,1,"title, authors, venue",805,979,,,,,,,,,,,,,,,,,,,,,,,,,,,,,,,,,,,,,,,,,,,,,The InfoSleuth Project,InfoSleuth: Semantic Integration of Information in Open and Dynamic Environments (Experience Paper),"R. J. Bayardo, Jr., W. Bohrer, R. Brice, A. Cichocki, J. Fowler, A. Halal, V. Kashyap, T. Ksiezyk, G. Martin, M. Nodine, M. Rashid, M. Rusinkiewicz, R. Shea, C. Unnikrishnan, A. Unruh, D. Woelk","Gale Martin, Ray Shea, Tomasz Ksiezyk, Roberto J. Bayardo Jr., Marian H. Nodine, William Bohrer, Vipul Kashyap, C. Unnikrishnan, Richard S. Brice, Mosfeq Rashid, Amy Unruh, Abdelsalam Helal, Andrzej Cichocki, Marek Rusinkiewicz, Darrell Woelk, Jerry Fowler",International Conference on Management of Data,SIGMOD Conference,1997,1997,,,,,,,,,,,,,,,,,,,,,,
default_wag,results/model_checkpoints/20260715_195803_seed1337_20005214_best_step1500.pt,1500,dblp_acm,cross_source,False,0.9999423,2,"title, authors",17,971,,,,,,,,,,,,,,,,,,,,,,,,,,,,,,,,,,,,,,,,,,,,,Indexing the Distance: An Efficient Method to KNN Processing,Information Management for Genome Level Bioinformatics,"Cui Yu, Beng Chin Ooi, Kian-Lee Tan, H. V. Jagadish","Norman W. Paton, Carole A. Goble",Very Large Data Bases,Very Large Data Bases,2001,2001,,,,,,,,,,,,,,,,,,,,,,
default_wag,results/model_checkpoints/20260715_195803_seed1337_20005214_best_step1500.pt,1500,dblp_acm,cross_source,False,0.9999418,1,"title, authors, venue",671,869,,,,,,,,,,,,,,,,,,,,,,,,,,,,,,,,,,,,,,,,,,,,,The Power of Languages for the Manipulation of Complex Values,Hypergraph based reorderings of outer join queries with complex predicates,"Serge Abiteboul, Catriel Beeri","Gautam Bhargava, Piyush Goel, Bala Iyer",VLDB J.,International Conference on Management of Data,1995,1995,,,,,,,,,,,,,,,,,,,,,,
default_wag,results/model_checkpoints/20260715_195803_seed1337_20005214_best_step1500.pt,1500,dblp_acm,cross_source,False,0.99994147,1,"title, authors, venue",27,143,,,,,,,,,,,,,,,,,,,,,,,,,,,,,,,,,,,,,,,,,,,,,State of the art in workflow management research and products,Advances in Real-Time Database Systems Research,C. Mohan,Azer Bestavros,International Conference on Management of Data,SIGMOD Record,1996,1996,,,,,,,,,,,,,,,,,,,,,,
default_wag,results/model_checkpoints/20260715_195803_seed1337_20005214_best_step1500.pt,1500,dblp_google_scholar,cross_source,False,0.99995995,2,"title, authors",685,696,,,,,,,,,,,,,,,,,,,,,,,,,,,,,,,,,,,,,,,,,,,,,Learning to match ontologies on the Semantic Web,Managing multiple and distributed ontologies on the Semantic Web,"AH Doan, J Madhavan, R Dhamankar, P Domingos, A  ","A Maedche, B Motik, L Stojanovic","The VLDB Journal The International Journal on Very Large  &hellip;,","The VLDB Journal The International Journal on Very Large  &hellip;,",2003,2003,,,,,,,,,,,,,,,,,,,,,,
default_wag,results/model_checkpoints/20260715_195803_seed1337_20005214_best_step1500.pt,1500,dblp_google_scholar,cross_source,False,0.9999548,1,"title, authors, venue",767,1020,,,,,,,,,,,,,,,,,,,,,,,,,,,,,,,,,,,,,,,,,,,,,"A Robust, Optimization-Based Approach for Approximate Answering of Aggregate Queries",Orthogonal Optimization of Subqueries and Aggregation,"S Chaudhuri, G Das, V Narasayya","C Galindo-Legaria, M Joshi","SIGMOD Conference,",SIGMOD Conference,2001,2001,,,,,,,,,,,,,,,,,,,,,,
default_wag,results/model_checkpoints/20260715_195803_seed1337_20005214_best_step1500.pt,1500,dblp_google_scholar,cross_source,False,0.9999541,2,"title, authors",685,1314,,,,,,,,,,,,,,,,,,,,,,,,,,,,,,,,,,,,,,,,,,,,,Learning to match ontologies on the Semantic Web,Composing Web services on the Semantic Web,"AH Doan, J Madhavan, R Dhamankar, P Domingos, A  ","B Medjahed, A Bouguettaya, AK Elmagarmid","The VLDB Journal The International Journal on Very Large  &hellip;,","The VLDB Journal The International Journal on Very Large  &hellip;,",2003,2003,,,,,,,,,,,,,,,,,,,,,,
default_wag,results/model_checkpoints/20260715_195803_seed1337_20005214_best_step1500.pt,1500,dblp_google_scholar,cross_source,False,0.99995387,0,"title, authors, venue, year",179,473,,,,,,,,,,,,,,,,,,,,,,,,,,,,,,,,,,,,,,,,,,,,,"A Critique of ANSI SQL Isolation Levels, published in:",The REACH active OODBMS,"H Berenson, P Bernstein, J Grayâ?¦","AP Buchmann, A Deutsch, J Zimmermann, M Higa",Proceedings of the 1995 ACM SIGMOD,"Proceedings of the 1995 ACM SIGMOD International Conference  &hellip;,",,1995,,,,,,,,,,,,,,,,,,,,,,
default_wag,results/model_checkpoints/20260715_195803_seed1337_20005214_best_step1500.pt,1500,dblp_google_scholar,cross_source,False,0.9999511,1,"title, authors, venue",654,1055,,,,,,,,,,,,,,,,,,,,,,,,,,,,,,,,,,,,,,,,,,,,,PangA (1998) Exploratory mining and pruning optimizations of constrained association rules,"Data mining using two-dimensional optimized association rules for numeric data: scheme, algorithms,  ","R Ng, LVS Lakshmanan, J Han","T Fukuda, Y Morimoto, S Morishita, T Tokuyama",Proc. ACM SIGMOD International Conference on Management of ,Proceedings of the ACM SIGMOD International Conference on ,,,,,,,,,,,,,,,,,,,,,,,,
default_wag,results/model_checkpoints/20260715_195803_seed1337_20005214_best_step1500.pt,1500,dblp_google_scholar,cross_source,False,0.9999511,2,"title, authors",769,1020,,,,,,,,,,,,,,,,,,,,,,,,,,,,,,,,,,,,,,,,,,,,,"A Robust, Optimization-Based Approach for Approximate Answering of Aggregate Queries",Orthogonal Optimization of Subqueries and Aggregation,"S Chaudhuri, G Das, V Narasayya","C Galindo-Legaria, M Joshi",SIGMOD Conference,SIGMOD Conference,2001,2001,,,,,,,,,,,,,,,,,,,,,,
default_wag,results/model_checkpoints/20260715_195803_seed1337_20005214_best_step1500.pt,1500,dblp_google_scholar,cross_source,False,0.9999479,2,"title, authors",546,852,,,,,,,,,,,,,,,,,,,,,,,,,,,,,,,,,,,,,,,,,,,,,Statistical Schema Matching across Web Query Interfaces,Robust and Efficient Fuzzy Match for Online Data Cleaning,"B He, K Chang","S Chaudhuri, K Ganjam, V Ganti, R Motwani",SIGMOD Conference,SIGMOD Conference,2003,2003,,,,,,,,,,,,,,,,,,,,,,
default_wag,results/model_checkpoints/20260715_195803_seed1337_20005214_best_step1500.pt,1500,dblp_google_scholar,cross_source,False,0.9999442,1,"title, authors, venue",697,1314,,,,,,,,,,,,,,,,,,,,,,,,,,,,,,,,,,,,,,,,,,,,,Managing multiple and distributed ontologies on the Semantic Web,Composing Web services on the Semantic Web,"A Maedche, B Motik, L Stojanovic","B Medjahed, A Bouguettaya, AK Elmagarmid",VLDB J.,"The VLDB Journal The International Journal on Very Large  &hellip;,",2003,2003,,,,,,,,,,,,,,,,,,,,,,
default_wag,results/model_checkpoints/20260715_195803_seed1337_20005214_best_step1500.pt,1500,dblp_google_scholar,cross_source,False,0.9999441,0,"title, authors, venue, year",514,647,,,,,,,,,,,,,,,,,,,,,,,,,,,,,,,,,,,,,,,,,,,,,AQR-toolkit: an adaptive query routing middleware for distributed data intensive systems,Exploratoryminingandpruningoptimizationsofconstrained association rules,"L Liu, C Pu, D Buttler, W Han, H Paques, W Tang","RT Ng, L Lakshmanan, J Han, A andPang","Proceedings of the 2000 ACM SIGMOD international conference  &hellip;,","ACM SIGMOD Intl. Conf. Management of Data,",2000,,,,,,,,,,,,,,,,,,,,,,,
default_wag,results/model_checkpoints/20260715_195803_seed1337_20005214_best_step1500.pt,1500,dblp_google_scholar,cross_source,False,0.9999436,0,"title, authors, venue, year",259,317,,,,,,,,,,,,,,,,,,,,,,,,,,,,,,,,,,,,,,,,,,,,,An Efficient Data Clustering Method for Very Large Databases,SQL/MEDâ??A Status Report,"Z Tian, R Ramakrishnan, MB Livny","J Melton, JE Michels, V Josifovski, K Kulkarni, P  ","Proceedings of the 1996 ACM SIGMOD International Conference  &hellip;,","ACM SIGMOD Record,",,2002,,,,,,,,,,,,,,,,,,,,,,
default_wag,results/model_checkpoints/20260715_195803_seed1337_20005214_best_step1500.pt,1500,dblp_google_scholar,cross_source,False,0.9999435,3,title,472,553,,,,,,,,,,,,,,,,,,,,,,,,,,,,,,,,,,,,,,,,,,,,,The REACH Active OODBMS.,The SAMOS Active DBMS Prototype.,"ACMS Anthology, P Edition","ACMS Anthology, P Edition",,,,,,,,,,,,,,,,,,,,,,,,,,
default_wag,results/model_checkpoints/20260715_195803_seed1337_20005214_best_step1500.pt,1500,dblp_google_scholar,cross_source,False,0.9999416,1,"title, authors, venue",708,1151,,,,,,,,,,,,,,,,,,,,,,,,,,,,,,,,,,,,,,,,,,,,,andC. Unnikrishnan. CarnotandInfoSleuth: Database technology and the world wide web,COUGAR: the network is the database,"D Woelk, B Bohrer, N Jacobs, K Ong, C Tomlinson","WF Fung, D Sun, J Gehrke",Proc. of ACM SIGMOD Conf. on Management of,,,,,,,,,,,,,,,,,,,,,,,,,
default_wag,results/model_checkpoints/20260715_195803_seed1337_20005214_best_step1500.pt,1500,dblp_google_scholar,cross_source,False,0.99994147,1,"title, authors, year",837,1032,,,,,,,,,,,,,,,,,,,,,,,,,,,,,,,,,,,,,,,,,,,,,Improved Query Performance with Variant Indexes,Database Issues in Telecommunications Network Management,"P O'Neil, D Quass",I Ahn,SIGMOD Conference,SIGMOD Conference,1997,1994,,,,,,,,,,,,,,,,,,,,,,
default_wag,results/model_checkpoints/20260715_195803_seed1337_20005214_best_step1500.pt,1500,dblp_google_scholar,cross_source,False,0.99993885,1,"title, authors, venue",886,1056,,,,,,,,,,,,,,,,,,,,,,,,,,,,,,,,,,,,,,,,,,,,,Parallel algorithms for mining generalized association rules with classification hierarchy,"Data mining using Two-dimensional Optimized Association Rules for Numeric Attributes: Scheme,  ","T Shintani, M Kitsuregawa","T Fukuda, Y Morimoto, S Morishita, T Tokuyama",Proceedings of 1998 ACM SIGMOD International Conference on ,"ACM SIGMOD Conference Proceedings,",,,,,,,,,,,,,,,,,,,,,,,,
default_wag,results/model_checkpoints/20260715_195803_seed1337_20005214_best_step1500.pt,1500,dblp_google_scholar,cross_source,False,0.9999367,0,"title, authors, venue, year",384,689,,,,,,,,,,,,,,,,,,,,,,,,,,,,,,,,,,,,,,,,,,,,,A TSQL2 Tutorial,Methodology for Development and Employment of Ontology based Knowledge Management Applications.  ,RT Snodgrassâ?¦,"Y Sure, S Staab, R Studer","SIGMOD Record,","SIGMOD Record (4),",1994,,,,,,,,,,,,,,,,,,,,,,,
default_wag,results/model_checkpoints/20260715_195803_seed1337_20005214_best_step1500.pt,1500,dblp_google_scholar,cross_source,False,0.9999356,2,"title, authors",322,1278,,,,,,,,,,,,,,,,,,,,,,,,,,,,,,,,,,,,,,,,,,,,,"B., Bouguettaya, A., Ngu, A. HH, and Elmagramid, AK,â??Business-to-business interactions: issues and ",On the power of languages for the manipulation of complex objects. INRIA research report n 846,BB Medjahed,"S Abiteboul, C Beeri",VLDB,VLDB,,,,,,,,,,,,,,,,,,,,,,,,
default_wag,results/model_checkpoints/20260715_195803_seed1337_20005214_best_step1500.pt,1500,dblp_google_scholar,cross_source,False,0.99993396,0,"title, authors, venue, year",852,1096,,,,,,,,,,,,,,,,,,,,,,,,,,,,,,,,,,,,,,,,,,,,,Robust and Efficient Fuzzy Match for Online Data Cleaning,NiagaraCQ: A Scalable Continuous Query System for Internet Databases,"S Chaudhuri, K Ganjam, V Ganti, R Motwani","C Jian-jun, J Dewitt David, F Tianâ?¦",SIGMOD Conference,"SIGMOD Conference,",2003,,,,,,,,,,,,,,,,,,,,,,,
default_wag,results/model_checkpoints/20260715_195803_seed1337_20005214_best_step1500.pt,1500,dblp_google_scholar,cross_source,False,0.99993217,2,"title, authors",547,851,,,,,,,,,,,,,,,,,,,,,,,,,,,,,,,,,,,,,,,,,,,,,Statistical Schema Matching across Web Query Interfaces,Robust and Efficient Fuzzy Match for Online Data Cleaning,"B He, KCC Chang","S Chaudhuri, K Ganjam, V Ganti, R Motwani","SIGMOD Conference,","SIGMOD Conference,",2003,2003,,,,,,,,,,,,,,,,,,,,,,
default_wag,results/model_checkpoints/20260715_195803_seed1337_20005214_best_step1500.pt,1500,dblp_google_scholar,cross_source,False,0.9999316,0,"title, authors, venue, year",113,1047,,,,,,,,,,,,,,,,,,,,,,,,,,,,,,,,,,,,,,,,,,,,,ASSET: A System for Supporting Extended Transactions,Architectures for Internal Web Services Deployment,"A Billiris, D Gehani, H Jagadish, K Ramamritham",O Shmueli,"Proceedings of SIGMOD,","PROCEEDINGS OF THE INTERNATIONAL CONFERENCE ON VERY LARGE  &hellip;,",,2001,,,,,,,,,,,,,,,,,,,,,,
default_wag,results/model_checkpoints/20260715_195803_seed1337_20005214_best_step1500.pt,1500,dblp_google_scholar,cross_source,False,0.9999267,0,"title, authors, venue, year",1208,1615,,,,,,,,,,,,,,,,,,,,,,,,,,,,,,,,,,,,,,,,,,,,,Improving Index Performance Through Prefetching,Metadata for Integrating Speech Documents in a Text Retrieval System,"C Shimim, PB Gibbons, TC Mowny","U Glavitsch, P Schauble, M Wechsler","ACM SIGMOD,","SIGMOD RECORD,",,1994,,,,,,,,,,,,,,,,,,,,,,
default_wag,results/model_checkpoints/20260715_195803_seed1337_20005214_best_step1500.pt,1500,fodors_zagats,cross_source,False,0.9999869,4,name,6,103,,,,,,,,,,,,,404-237-2700,404-237-2700,3434 peachtree rd. ne,3434 peachtree rd. ne,,,,,,,,,,,,,,,,,,,,,,,,,,,,,,,,,,,,,ritz-carlton dining room (buckhead),ritz-carlton cafe (buckhead),atlanta,atlanta,american (new),american (new),,,,,,,,,,,,,,,,
default_wag,results/model_checkpoints/20260715_195803_seed1337_20005214_best_step1500.pt,1500,fodors_zagats,cross_source,False,0.9999343,3,"name, type",7,102,,,,,,,,,,,,,404/237-2700,404/237-2700,3434 peachtree rd.,3434 peachtree rd.,,,,,,,,,,,,,,,,,,,,,,,,,,,,,,,,,,,,,dining room  ritz-carlton  buckhead,cafe  ritz-carlton  buckhead,atlanta,atlanta,international,ext 6108 international,,,,,,,,,,,,,,,,
default_wag,results/model_checkpoints/20260715_195803_seed1337_20005214_best_step1500.pt,1500,fodors_zagats,cross_source,False,0.9994287,0,"name, addr, city, phone, type",18,100,,,,,,,,,,,,,212-877-3500,212/688-6525,1 w. 67th st.,60 w. 55th st.  between 5th and 6th ave.,,,,,,,,,,,,,,,,,,,,,,,,,,,,,,,,,,,,,cafe des artistes,la cote basque,new york city,new york,french (classic),french,,,,,,,,,,,,,,,,
default_wag,results/model_checkpoints/20260715_195803_seed1337_20005214_best_step1500.pt,1500,fodors_zagats,cross_source,False,0.99931395,2,"name, addr, phone",72,95,,,,,,,,,,,,,212/ 319-1660,212/339-6719,34 e. 61st st.,2 e. 55th st.,,,,,,,,,,,,,,,,,,,,,,,,,,,,,,,,,,,,,aureole,lespinasse,new york,new york,american,american,,,,,,,,,,,,,,,,
default_wag,results/model_checkpoints/20260715_195803_seed1337_20005214_best_step1500.pt,1500,fodors_zagats,cross_source,False,0.99921894,2,"name, addr, phone",132,172,,,,,,,,,,,,,212-484-5113,212-752-2225,155 w. 58th st.,249 e. 50th st.,,,,,,,,,,,,,,,,,,,,,,,,,,,,,,,,,,,,,les celebrites,lutece,new york city,new york city,french (classic),french (classic),,,,,,,,,,,,,,,,
default_wag,results/model_checkpoints/20260715_195803_seed1337_20005214_best_step1500.pt,1500,fodors_zagats,cross_source,False,0.9991602,2,"name, addr, phone",68,121,,,,,,,,,,,,,415-776-5577,415-673-7779,2316 polk st.,777 sutter st.,,,,,,,,,,,,,,,,,,,,,,,,,,,,,,,,,,,,,la folie,fleur de lys,san francisco,san francisco,french (new),french (new),,,,,,,,,,,,,,,,
default_wag,results/model_checkpoints/20260715_195803_seed1337_20005214_best_step1500.pt,1500,fodors_zagats,cross_source,False,0.99904877,1,"name, addr, phone, type",64,89,,,,,,,,,,,,,415-296-7465,415-775-7036,600 stockton st.,804 north point st.,,,,,,,,,,,,,,,,,,,,,,,,,,,,,,,,,,,,,ritz-carlton dining room (san francisco),chez michel,san francisco,san francisco,french (new),californian,,,,,,,,,,,,,,,,
default_wag,results/model_checkpoints/20260715_195803_seed1337_20005214_best_step1500.pt,1500,fodors_zagats,cross_source,False,0.99903,2,"name, addr, phone",69,120,,,,,,,,,,,,,415/776-5577,415/673-7779,2316 polk st.,777 sutter st.,,,,,,,,,,,,,,,,,,,,,,,,,,,,,,,,,,,,,la folie,fleur de lys,san francisco,san francisco,french,french,,,,,,,,,,,,,,,,
default_wag,results/model_checkpoints/20260715_195803_seed1337_20005214_best_step1500.pt,1500,fodors_zagats,cross_source,False,0.99885,2,"name, addr, phone",106,150,,,,,,,,,,,,,212/245-2214,212/ 219-2777,182 w. 58th st.,239 w. broadway  between walker and white sts.,,,,,,,,,,,,,,,,,,,,,,,,,,,,,,,,,,,,,petrossian,montrachet,new york,new york,french,french,,,,,,,,,,,,,,,,
default_wag,results/model_checkpoints/20260715_195803_seed1337_20005214_best_step1500.pt,1500,fodors_zagats,cross_source,False,0.9986796,1,"name, addr, phone, type",64,170,,,,,,,,,,,,,415-296-7465,415-543-0573,600 stockton st.,570 fourth st.,,,,,,,,,,,,,,,,,,,,,,,,,,,,,,,,,,,,,ritz-carlton dining room (san francisco),fringale,san francisco,san francisco,french (new),french bistro,,,,,,,,,,,,,,,,
default_wag,results/model_checkpoints/20260715_195803_seed1337_20005214_best_step1500.pt,1500,fodors_zagats,cross_source,False,0.99829286,0,"name, addr, city, phone, type",19,101,,,,,,,,,,,,,212/877-3500,212-688-6525,1 w. 67th st.,60 w. 55th st.,,,,,,,,,,,,,,,,,,,,,,,,,,,,,,,,,,,,,cafe des artistes,la cote basque,new york,new york city,continental,french (classic),,,,,,,,,,,,,,,,
default_wag,results/model_checkpoints/20260715_195803_seed1337_20005214_best_step1500.pt,1500,fodors_zagats,cross_source,False,0.99807465,1,"name, addr, phone, type",39,64,,,,,,,,,,,,,415-776-7825,415-296-7465,545 post st.,600 stockton st.,,,,,,,,,,,,,,,,,,,,,,,,,,,,,,,,,,,,,postrio,ritz-carlton dining room (san francisco),san francisco,san francisco,californian,french (new),,,,,,,,,,,,,,,,
default_wag,results/model_checkpoints/20260715_195803_seed1337_20005214_best_step1500.pt,1500,fodors_zagats,cross_source,False,0.99788123,1,"name, addr, phone, type",178,191,,,,,,,,,,,,,212/307-7311,212/243-4020,13 w. 54th st.,21 e. 16th st.,,,,,,,,,,,,,,,,,,,,,,,,,,,,,,,,,,,,,aquavit,union square cafe,new york,new york,continental,american,,,,,,,,,,,,,,,,
default_wag,results/model_checkpoints/20260715_195803_seed1337_20005214_best_step1500.pt,1500,fodors_zagats,cross_source,False,0.9977608,2,"name, addr, phone",115,159,,,,,,,,,,,,,212/677-0606,212/757-2245,156 2nd ave. at 10th st.,854 7th ave.  between 54th and 55th sts.,,,,,,,,,,,,,,,,,,,,,,,,,,,,,,,,,,,,,second avenue deli,carnegie deli,new york,new york,delicatessen,delicatessen,,,,,,,,,,,,,,,,
default_wag,results/model_checkpoints/20260715_195803_seed1337_20005214_best_step1500.pt,1500,fodors_zagats,cross_source,False,0.9971885,1,"name, addr, phone, type",179,190,,,,,,,,,,,,,212-307-7311,212-243-4020,13 w. 54th st.,21 e. 16th st.,,,,,,,,,,,,,,,,,,,,,,,,,,,,,,,,,,,,,aquavit,union square cafe,new york city,new york city,scandinavian,american (new),,,,,,,,,,,,,,,,
default_wag,results/model_checkpoints/20260715_195803_seed1337_20005214_best_step1500.pt,1500,fodors_zagats,cross_source,False,0.99713945,2,"name, addr, phone",92,132,,,,,,,,,,,,,212-586-4252,212-484-5113,33 w. 55th st.,155 w. 58th st.,,,,,,,,,,,,,,,,,,,,,,,,,,,,,,,,,,,,,la caravelle,les celebrites,new york city,new york city,french (classic),french (classic),,,,,,,,,,,,,,,,
default_wag,results/model_checkpoints/20260715_195803_seed1337_20005214_best_step1500.pt,1500,fodors_zagats,cross_source,False,0.9966158,2,"name, addr, phone",38,65,,,,,,,,,,,,,415/776-7825,415/296-7465,545 post st.,600 stockton st.,,,,,,,,,,,,,,,,,,,,,,,,,,,,,,,,,,,,,postrio,ritz-carlton restaurant and dining room,san francisco,san francisco,american,american,,,,,,,,,,,,,,,,
default_wag,results/model_checkpoints/20260715_195803_seed1337_20005214_best_step1500.pt,1500,fodors_zagats,cross_source,False,0.9964014,0,"name, addr, city, phone, type",104,150,,,,,,,,,,,,,212-362-2200,212/ 219-2777,2450 broadway,239 w. broadway  between walker and white sts.,,,,,,,,,,,,,,,,,,,,,,,,,,,,,,,,,,,,,carmine's,montrachet,new york city,new york,italian,french,,,,,,,,,,,,,,,,
default_wag,results/model_checkpoints/20260715_195803_seed1337_20005214_best_step1500.pt,1500,fodors_zagats,cross_source,False,0.99585944,2,"name, addr, phone",24,213,,,,,,,,,,,,,415/668-6654,415/922-0337,5937 geary blvd.,1737 post st.,,,,,,,,,,,,,,,,,,,,,,,,,,,,,,,,,,,,,khan toke thai house,mifune japan center  kintetsu building,san francisco,san francisco,asian,asian,,,,,,,,,,,,,,,,
default_wag,results/model_checkpoints/20260715_195803_seed1337_20005214_best_step1500.pt,1500,fodors_zagats,cross_source,False,0.9958401,1,"name, addr, phone, type",94,179,,,,,,,,,,,,,212-339-6719,212-307-7311,2 e. 55th st.,13 w. 54th st.,,,,,,,,,,,,,,,,,,,,,,,,,,,,,,,,,,,,,lespinasse (new york city),aquavit,new york city,new york city,asian,scandinavian,,,,,,,,,,,,,,,,
default_wag,results/model_checkpoints/20260715_195803_seed1337_20005214_best_step1500.pt,1500,walmart_amazon,cross_source,False,0.9999902,0,"title, brand, modelno, category, price, description",236,338,,,,,,,,,,,,,,,,,,,,,,,,,,,,,,,,,,,,,,,,,,,,,Da-Plex Base Rear Projection Screen - 57 3 4 x 77 Video Format,VIZIO XVT553SV 55-Inch Class Full Array TruLED with Smart Dimming LCD HDTV 240 Hz SPS with VIZIO Internet Apps,,,,,,,,,,,,,Da-Lite,Vizio,,XVT553SV,Projection Screens,TVs,2608.99,1652.63,27528 Da-Lite offers a wide range of rigid rear projection screen systems for any need ranging from corporate boardrooms to home theaters. With Da-Lite rear projection screens viewers can enjoy bright high resolution images without turning the lights off. Base Factory Installed Frame -Mitered corners eliminate rear light leaks without caulking -Black anodized finish. Constructed of lightweight extruded aluminum U-channel -Frame insert size equals screen viewing area plus 2-1 2,55-inch direct type LED-backlit LCD HDTV with full 1080p HD resolution 1920 x 1080 pixels and 240Hz refresh rate Connect to the Internet via built in dual-band Wi-Fi 802.11n or Ethernet to stream video audio and news content from VIZIO Internet Apps VIA Smart Dimming intelligently controls LED blocks to produce 10 000 000 1 dynamic contrast ratio Connections 5 HDMI 1 component 1 composite 1 PC 1 RF 1 Ethernet 1 optical digital output 1 audio output and 3 USB Includes detachable base and thumbscrew and Bluetooth remote with slide-out QWERTY keyboard VIZIO s 55 Class Full Array TruLEDTM LCD HDTV with VIZIO Internet AppsTM delivers the ultimate HDTV experience. Packed with the latest technology this high performance HDTV combines advanced picture quality immersive virtual surround sound and premium wireless Internet connectivity so you can enjoy sports movies even the best of the web all right on your HDTV. Featuring Full Array TruLED backlighting with Smart Dimming 120 zones 240 Hz SPS 1080p Full HD and 10 million to 1 Dynamic Contrast Ratio this HDTV renders every image with amazing clarity color and contrast. Enjoy immersive virtual surround sound with SRS TruSurround HDTM and SRS TruVolume premium audio processing. It also includes VIZIO Internet AppsTM with built-in WiFi 802.11n dual-band giving you the convenience of on-demand movies TV shows social networking music photos and more at the push of a button on the premium Bluetooth universal remote. Full Array TruLEDTM backlighting with Smart Dimming 120 zones  VIZIO Internet AppsTM Built-in WiFi 802.11n dual-band 240 Hz SPS 10 million to 1 Dynamic Contrast Ratio Bluetooth Universal Remote Control 1080p Full HD SRS TruSurround HDTM and SRS TruVolume audio Ambient Light Sensing technology Exceeds Energy StarTM 4.0 guidelines Five HDMI ports VIZIO s XVT553SV 55 TruLED LCD HDTV with VIZIO Internet Apps delivers the ultimate HDTV experience. Packed with the latest technology this high performance HDTV combines advanced picture quality immersive virtual high definition sound and premium wireless Internet connectivity with built-in Wi-Fi 802.11n dual-band so you can enjoy the convenience of on-demand movies TV shows social networking music photos and more with just the push of a button on the premium Bluetooth QWERTY keyboard universal remote.          Backlit LED blocks turn on and off based on the real-time content.            240Hz SPS technology delivers 240 scenes per second for clarity.            Control TV and Internet Apps via remote with QWERTY keypad.            Save money as you conserve the planet s resources with ECO HD.           Featuring full array TruLED backlighting with Smart Dimming for brilliant clarity 240Hz SPS refresh rate for sharper blur free images full 1080p high definition detail and 10 000 000 to 1 Dynamic Contrast Ratio delivering deeper blacks and brighter whites through contrast and dimensions the XVT553SV renders every image with amazing precision color and contrast. Enjoy immersive virtual high definition sound with SRS TruSurround HD premium audio processing and SRS TruVolume eliminating volume inconsistencies between programming. Take pleasure in knowing this energy efficient LED LCD HDTV exceeds new ENERGY STAR 4.1 guidelines conserving our planet s resources while saving you money.    Key Features         Advanced picture quality immersive virtual high definition sound and premium wireless Internet connectivity.  View larger.            The customized Bluetooth VUR10 remote with slide out QWERTY keypad.  View larger.            Plenty of high definition inputs and connection including 4 HDMI Ethernet 3 USB and more.  View larger.        55-inch HDTV  featuring 1920 x 1080 pixels and support for 1.06 billion colors.    Features VIZIO TruLED and Smart Dimming technologies  providing backlit illumination of the screen that results in breathtaking clarity and depth of color while consuming up to 50 percent less energy than other HDTVs.    Full 1080P High Definition resolution  gives you over 2 million pixels making the clarity and detail of your picture razor sharp.    240Hz refresh rate  delivers 240 scenes per second producing enhanced frame rate and delivering sharper clarity of fast action scenes for blur free images.    178-Degree horizontal vertical viewing angle  results in a crisp and clear picture that is easily visible from just about anywhere in the room.    Two built-in 15-watt speakers  provide room-filling sound.    SRS Audio Technologies SRS TruVolume evens out dynamics to limit volume inconsistencies between programming while SRS TruSurround HD delivers immersive virtual high-definition surround sound out of the unit s two speakers.    Connect to the Internet via integrated Wireless-N Wi-Fi  or via the included Ethernet port.    VIZIO Internet Apps VIA let you easily connect to the Internet and stream movies and TV shows listen to music and get the latest news sports and weather. VIA comes with Amazon Instant Video Flickr Netflix Rhapsody Twitter VUDU and Yahoo TV Widgets pre-loaded on the TV ready to launch on-screen at the touch of a single button on the remote. You can continually discover and download more apps from other content and service providers by browsing our gallery of apps that is dynamically updated right on your VIZIO HDTV. Learn more Customized Bluetooth remote with slide out QWERTY keypad  enables you to control your TV even type on-screen from any spot in the room--all without having to point the remote at the TV. This universal remote also uses infrared to control all of the A V devices connected to their HDTV such as DVD and Blu-ray players VCRs audio devices cable and satellite set-top boxes DVRs and other components.    ECO HD  exceeds the current Energy Star Guidelines by 50 percent below Energy Star 3.0 saving you money on your utility bills while limiting the impact on our planet.    Mercury free display The display s backlight is environmentally-friendly due to the fact that LED backlights do not utilize mercury an environmentally harmful substance.    Warranty One year parts and labor and free lifetime technical support.    Connections    HDMI with HDCP 5 1 side Component 1   Composite A V 1   RF 1   PC input RGB 1   SPDIF Digital Optical Output 1   Stereo Audio Output 1   USB 3 on the side Dimensions    TV with stand 52.18 x 35.06 x 12.90  WxHxD 77.16 pounds   TV without stand 52.18 x 33.28 x 2.95  WxHxD 76.06 pounds    What size TV should you get What s in the Box    VIZIO XVT553SV HDTV VIZIO remote control VUR10 AA batteries for the remote control 2 detachable base and thumb screw power cord VIZIO cloth safety strap user manual quick setup guide registration card.    Technical Specifications    Screen size 55 inches   Tuner ATSC Clear QAM Tuner   Native Panel Resolution 1920 x 1080 pixels   Computer Support 1920x1080 1360x768 800x600 640x480 via VGA HDMI   Dynamic Contrast Ratio 10 000 000 1 w DCR   Brightness 500 nits   Response Time 5ms   Picture-in-Picture PIP Yes   Picture-outside-Picture POP Yes   Zero Bright Pixel Defect Guarantee Yes   V-Chip Yes   3D Comb Filter Yes   3 2 or 2 2 Reverse Pull-down Yes   ATSC with 8VSB and QAM demodulation Yes   ATSC with MPEG-2 decoding Yes   NTSC Video decoding via Video Yes   Progressive Scan Video Yes   Color Fine Tuning Independent Red Green and Blue   Universal Remote VIZIO Bluetooth Remote Control with Qwerty Keyboard - VUR10   Panel Lamp Life typical 50 000 hours   Voltage Range 100 240 Vac at 50 60 Hz   Power Consumption 225W AVG Wall mount hole pattern VESA standard 200mm x 200mm    Learn More       VIZIO Internet Apps          VIZIO Internet Apps VIA connects your HDTV to a variety of online entertainment and news sources.  Learn more.        This VIZIO HDTV includes the VIZIO Internet Apps feature VIA and it comes pre-loaded with Amazon Instant Video Flickr Netflix Rhapsody Twitter VUDU and Yahoo TV Widgets ready to launch on-screen at the touch of a single button on the premium Bluetooth universal remote control. A high-speed Internet connection is required to access content and receive product updates and this model enables you to connect to the Internet via integrated Wireless-N Wi-Fi or wired Ethernet.     When you press the VIA button on your remote the Apps Dock appears along the bottom of your screen with a selection of different Apps that let you watch movies TV shows listen to music or get weather and news information all on demand. In addition to the providers listed above new partners for 2010 include blip.tv Blip.tv is an online television network that hosts the best original shows on the Web from scripted sitcoms and dramas to shows about fashion technology politics and more.    CBS The CBS Widget offers easy access to CBS schedule information program metadata previews and clips cast photos and BIOS and more.    NBC View NBC s show schedule view full screen photo galleries and catch up on your favorite shows with up-to-date quick text recaps cast BIOS and more.    CNBC The CNBC widget allows you to interact with CNBC s real-time stock quotes direct from the NYSE and NASDAQ real-time watchlists to track favorite stocks and other key analytics.    iMemories Now all your old home movies photos and slides can be watched directly on your VIZIO TV with iMemories. iMemories digitally converts and preserves all your favorite memories online regardless of the original media format.    Roxio CinemaNow The Roxio CinemaNow platform enables you to instantly access a broad range of high-quality digital entertainment from your favorite consumer electronic devices.    The Weather Channel Get your weather forecast when you want it with the press of your remote. The Weather Channel Widget delivers current conditions the 5-day forecast and more for your zip code and thousands more.          VIZIO 2011 XVT Series Comparison    Series    XVT3D-0SV      XVT3D-4SV      XVT-3SV      Display Sizes    65 42  47  55 32  37  47  55 Panel Type   Edge-Lit LED    Full Array LED 47 55 Edge-Lit LED 42 LED with  Smart Dimming     3D Ready   Theater 3D    Full HD 3D    Full HD 3D     Resolution   1080p    1080p    1080p     Contrast Ratio   1 000 000 1    10 000 000 1 47 55 1 000 000 1 42 1 000 000 1 32 37 10 000 000 1 47 55 Response Time 5 ms    4 ms    5 ms     Refresh Rate   120Hz    480Hz    120Hz 32 37 240Hz 47 55 Light Sensor             --     VIZIO Internet Apps                   Wireless LAN   802.11n  Dual Band    802.11n  Dual Band    802.11n  Dual Band     Ethernet                   HDMI Inputs   5    5    4 32 37 5 47 55 PC Input                   USB 2.0 Ports   3    3    3     USB Supported Formats    MP3 JPEG MPEG may be available via future firmware update.,,,,,,
default_wag,results/model_checkpoints/20260715_195803_seed1337_20005214_best_step1500.pt,1500,walmart_amazon,cross_source,False,0.99998975,1,"title, brand, modelno, price, description",17,339,,,,,,,,,,,,,,,,,,,,,,,,,,,,,,,,,,,,,,,,,,,,,Toshiba 55  Class LCD 1080p 120Hz HDTV 55G310U,VIZIO 55  Class LCD 1080p 240Hz HDTV XVT553SV Refurbished,,,,,,,,,,,,,Toshiba,Vizio,55G310U,XVT553SV,Television,Television,899,999,55  diagonal screen size 3 HDMI inputs VESA wall mount compatible ClearFrame 120Hz Technology Featuring an all-new design this 55  Class LCD 1080p 120Hz HDTV. Contact your local cable or satellite TV provider for details on how to upgrade. Toshiba 55  screen measured diagonally from corner to corner VESA wall mount compatible VESA mounting pattern 400mm x 400mm Built-in digital tuner Watch digital broadcasts including HDTV programs where available ClearFrame 120Hz technology Increase detail and depth of the images on your screen Invisible speaker design Outputs clear natural sound that makes movies and gaming more enjoyable HDMI Inputs 3 Enjoy a superior HD experience with HDMI one cable solution,55  diagonal screen size HDMI Inputs 5 Not wall mountable Built-in 802.11n wireless Vizio s XVT553SV 55  HDTV. Contact your local cable or satellite TV provider for details on how to upgrade. VIZIO 55  screen measured diagonally from corner to corner Built-in digital tuner Watch digital broadcasts including HDTV programs where available High brightness of 500cd m2 with 5 ms response time Place your TV anywhere 10 000 000 1 dynamic contrast ratio HDMI Inputs 5 Enjoy a superior HD experience with HDMI one cable solution Built-in 802.11n wireless Connect to the Internet and stream video,,,,,,
default_wag,results/model_checkpoints/20260715_195803_seed1337_20005214_best_step1500.pt,1500,walmart_amazon,cross_source,False,0.9999896,0,"title, brand, modelno, category, price, description",338,884,,,,,,,,,,,,,,,,,,,,,,,,,,,,,,,,,,,,,,,,,,,,,VIZIO XVT553SV 55-Inch Class Full Array TruLED with Smart Dimming LCD HDTV 240 Hz SPS with VIZIO Internet Apps,Da-Lite High Power Advantage Manual with CSR - HDTV Format 133 diagonal,,,,,,,,,,,,,Vizio,Da-Lite,XVT553SV,85742,TVs,Electronics - General,1652.63,1267.99,55-inch direct type LED-backlit LCD HDTV with full 1080p HD resolution 1920 x 1080 pixels and 240Hz refresh rate Connect to the Internet via built in dual-band Wi-Fi 802.11n or Ethernet to stream video audio and news content from VIZIO Internet Apps VIA Smart Dimming intelligently controls LED blocks to produce 10 000 000 1 dynamic contrast ratio Connections 5 HDMI 1 component 1 composite 1 PC 1 RF 1 Ethernet 1 optical digital output 1 audio output and 3 USB Includes detachable base and thumbscrew and Bluetooth remote with slide-out QWERTY keyboard VIZIO s 55 Class Full Array TruLEDTM LCD HDTV with VIZIO Internet AppsTM delivers the ultimate HDTV experience. Packed with the latest technology this high performance HDTV combines advanced picture quality immersive virtual surround sound and premium wireless Internet connectivity so you can enjoy sports movies even the best of the web all right on your HDTV. Featuring Full Array TruLED backlighting with Smart Dimming 120 zones 240 Hz SPS 1080p Full HD and 10 million to 1 Dynamic Contrast Ratio this HDTV renders every image with amazing clarity color and contrast. Enjoy immersive virtual surround sound with SRS TruSurround HDTM and SRS TruVolume premium audio processing. It also includes VIZIO Internet AppsTM with built-in WiFi 802.11n dual-band giving you the convenience of on-demand movies TV shows social networking music photos and more at the push of a button on the premium Bluetooth universal remote. Full Array TruLEDTM backlighting with Smart Dimming 120 zones  VIZIO Internet AppsTM Built-in WiFi 802.11n dual-band 240 Hz SPS 10 million to 1 Dynamic Contrast Ratio Bluetooth Universal Remote Control 1080p Full HD SRS TruSurround HDTM and SRS TruVolume audio Ambient Light Sensing technology Exceeds Energy StarTM 4.0 guidelines Five HDMI ports VIZIO s XVT553SV 55 TruLED LCD HDTV with VIZIO Internet Apps delivers the ultimate HDTV experience. Packed with the latest technology this high performance HDTV combines advanced picture quality immersive virtual high definition sound and premium wireless Internet connectivity with built-in Wi-Fi 802.11n dual-band so you can enjoy the convenience of on-demand movies TV shows social networking music photos and more with just the push of a button on the premium Bluetooth QWERTY keyboard universal remote.          Backlit LED blocks turn on and off based on the real-time content.            240Hz SPS technology delivers 240 scenes per second for clarity.            Control TV and Internet Apps via remote with QWERTY keypad.            Save money as you conserve the planet s resources with ECO HD.           Featuring full array TruLED backlighting with Smart Dimming for brilliant clarity 240Hz SPS refresh rate for sharper blur free images full 1080p high definition detail and 10 000 000 to 1 Dynamic Contrast Ratio delivering deeper blacks and brighter whites through contrast and dimensions the XVT553SV renders every image with amazing precision color and contrast. Enjoy immersive virtual high definition sound with SRS TruSurround HD premium audio processing and SRS TruVolume eliminating volume inconsistencies between programming. Take pleasure in knowing this energy efficient LED LCD HDTV exceeds new ENERGY STAR 4.1 guidelines conserving our planet s resources while saving you money.    Key Features         Advanced picture quality immersive virtual high definition sound and premium wireless Internet connectivity.  View larger.            The customized Bluetooth VUR10 remote with slide out QWERTY keypad.  View larger.            Plenty of high definition inputs and connection including 4 HDMI Ethernet 3 USB and more.  View larger.        55-inch HDTV  featuring 1920 x 1080 pixels and support for 1.06 billion colors.    Features VIZIO TruLED and Smart Dimming technologies  providing backlit illumination of the screen that results in breathtaking clarity and depth of color while consuming up to 50 percent less energy than other HDTVs.    Full 1080P High Definition resolution  gives you over 2 million pixels making the clarity and detail of your picture razor sharp.    240Hz refresh rate  delivers 240 scenes per second producing enhanced frame rate and delivering sharper clarity of fast action scenes for blur free images.    178-Degree horizontal vertical viewing angle  results in a crisp and clear picture that is easily visible from just about anywhere in the room.    Two built-in 15-watt speakers  provide room-filling sound.    SRS Audio Technologies SRS TruVolume evens out dynamics to limit volume inconsistencies between programming while SRS TruSurround HD delivers immersive virtual high-definition surround sound out of the unit s two speakers.    Connect to the Internet via integrated Wireless-N Wi-Fi  or via the included Ethernet port.    VIZIO Internet Apps VIA let you easily connect to the Internet and stream movies and TV shows listen to music and get the latest news sports and weather. VIA comes with Amazon Instant Video Flickr Netflix Rhapsody Twitter VUDU and Yahoo TV Widgets pre-loaded on the TV ready to launch on-screen at the touch of a single button on the remote. You can continually discover and download more apps from other content and service providers by browsing our gallery of apps that is dynamically updated right on your VIZIO HDTV. Learn more Customized Bluetooth remote with slide out QWERTY keypad  enables you to control your TV even type on-screen from any spot in the room--all without having to point the remote at the TV. This universal remote also uses infrared to control all of the A V devices connected to their HDTV such as DVD and Blu-ray players VCRs audio devices cable and satellite set-top boxes DVRs and other components.    ECO HD  exceeds the current Energy Star Guidelines by 50 percent below Energy Star 3.0 saving you money on your utility bills while limiting the impact on our planet.    Mercury free display The display s backlight is environmentally-friendly due to the fact that LED backlights do not utilize mercury an environmentally harmful substance.    Warranty One year parts and labor and free lifetime technical support.    Connections    HDMI with HDCP 5 1 side Component 1   Composite A V 1   RF 1   PC input RGB 1   SPDIF Digital Optical Output 1   Stereo Audio Output 1   USB 3 on the side Dimensions    TV with stand 52.18 x 35.06 x 12.90  WxHxD 77.16 pounds   TV without stand 52.18 x 33.28 x 2.95  WxHxD 76.06 pounds    What size TV should you get What s in the Box    VIZIO XVT553SV HDTV VIZIO remote control VUR10 AA batteries for the remote control 2 detachable base and thumb screw power cord VIZIO cloth safety strap user manual quick setup guide registration card.    Technical Specifications    Screen size 55 inches   Tuner ATSC Clear QAM Tuner   Native Panel Resolution 1920 x 1080 pixels   Computer Support 1920x1080 1360x768 800x600 640x480 via VGA HDMI   Dynamic Contrast Ratio 10 000 000 1 w DCR   Brightness 500 nits   Response Time 5ms   Picture-in-Picture PIP Yes   Picture-outside-Picture POP Yes   Zero Bright Pixel Defect Guarantee Yes   V-Chip Yes   3D Comb Filter Yes   3 2 or 2 2 Reverse Pull-down Yes   ATSC with 8VSB and QAM demodulation Yes   ATSC with MPEG-2 decoding Yes   NTSC Video decoding via Video Yes   Progressive Scan Video Yes   Color Fine Tuning Independent Red Green and Blue   Universal Remote VIZIO Bluetooth Remote Control with Qwerty Keyboard - VUR10   Panel Lamp Life typical 50 000 hours   Voltage Range 100 240 Vac at 50 60 Hz   Power Consumption 225W AVG Wall mount hole pattern VESA standard 200mm x 200mm    Learn More       VIZIO Internet Apps          VIZIO Internet Apps VIA connects your HDTV to a variety of online entertainment and news sources.  Learn more.        This VIZIO HDTV includes the VIZIO Internet Apps feature VIA and it comes pre-loaded with Amazon Instant Video Flickr Netflix Rhapsody Twitter VUDU and Yahoo TV Widgets ready to launch on-screen at the touch of a single button on the premium Bluetooth universal remote control. A high-speed Internet connection is required to access content and receive product updates and this model enables you to connect to the Internet via integrated Wireless-N Wi-Fi or wired Ethernet.     When you press the VIA button on your remote the Apps Dock appears along the bottom of your screen with a selection of different Apps that let you watch movies TV shows listen to music or get weather and news information all on demand. In addition to the providers listed above new partners for 2010 include blip.tv Blip.tv is an online television network that hosts the best original shows on the Web from scripted sitcoms and dramas to shows about fashion technology politics and more.    CBS The CBS Widget offers easy access to CBS schedule information program metadata previews and clips cast photos and BIOS and more.    NBC View NBC s show schedule view full screen photo galleries and catch up on your favorite shows with up-to-date quick text recaps cast BIOS and more.    CNBC The CNBC widget allows you to interact with CNBC s real-time stock quotes direct from the NYSE and NASDAQ real-time watchlists to track favorite stocks and other key analytics.    iMemories Now all your old home movies photos and slides can be watched directly on your VIZIO TV with iMemories. iMemories digitally converts and preserves all your favorite memories online regardless of the original media format.    Roxio CinemaNow The Roxio CinemaNow platform enables you to instantly access a broad range of high-quality digital entertainment from your favorite consumer electronic devices.    The Weather Channel Get your weather forecast when you want it with the press of your remote. The Weather Channel Widget delivers current conditions the 5-day forecast and more for your zip code and thousands more.          VIZIO 2011 XVT Series Comparison    Series    XVT3D-0SV      XVT3D-4SV      XVT-3SV      Display Sizes    65 42  47  55 32  37  47  55 Panel Type   Edge-Lit LED    Full Array LED 47 55 Edge-Lit LED 42 LED with  Smart Dimming     3D Ready   Theater 3D    Full HD 3D    Full HD 3D     Resolution   1080p    1080p    1080p     Contrast Ratio   1 000 000 1    10 000 000 1 47 55 1 000 000 1 42 1 000 000 1 32 37 10 000 000 1 47 55 Response Time 5 ms    4 ms    5 ms     Refresh Rate   120Hz    480Hz    120Hz 32 37 240Hz 47 55 Light Sensor             --     VIZIO Internet Apps                   Wireless LAN   802.11n  Dual Band    802.11n  Dual Band    802.11n  Dual Band     Ethernet                   HDMI Inputs   5    5    4 32 37 5 47 55 PC Input                   USB 2.0 Ports   3    3    3     USB Supported Formats    MP3 JPEG MPEG may be available via future firmware update.,Features -Ceiling recessed manually operated screen..-Developed with the installation process in mind the Advantage  Manual Screen with Controlled Screen Return CSR provides the convenience and flexibility of installing the case and fabric roller assemblies at separate stages of construction..-A floating mounting method utilizing adjustable roller brackets is designed into the lightweight extruded aluminum case allowing the centering or offsetting of the screen..-Finished case edges provide a clean look and comfortable build-in of ceiling tiles..-The CSR system ensures the quiet controlled return of the screen into the case providing optimal performance and smooth consistent operation..-Screens with the CSR feature must be fully extended. There are not intermediate stopping positions..-Pull cord included.. Screen Material High Power A technological breakthrough providing the reflectivity and optical characteristics of a traditional glass beaded surface with the ability to clean the surface when necessary. Its smooth textured surface provides the highest gain of all front projection screen surfaces with no resolution loss. The moderate viewing angle and its ability to reflect light back along the projection axis make this surface the best choice for situations where there is a moderate amount of ambient light and the projector is placed on a table-top or in the same horizontal viewing plane as the audience. Flame retardant and mildew resistant. Viewing Angle 30  Gain 2.4 DL6124 Features Ceiling recessed manually operated screen. Developed with the installation process in mind the Advantage Manual Screen with Controlled Screen Return CSR provides the convenience and flexibility of installing the case and fabric roller assemblies at separate stages of construction. A floating mounting method utilizing adjustable roller brackets is designed into the lightweight extruded aluminum case allowing the centering or offsetting of the screen. Finished case edges provide a clean look and comfortable build-in of ceiling tiles. The CSR system ensures the quiet controlled return of the screen into the case providing optimal performance and smooth consistent operation. Screens with the CSR feature must be fully extended. There are not intermediate stopping positions. Pull cord included.    Screen Material High Power  A technological breakthrough providing the reflectivity and optical characteristics of a traditional glass beaded surface with the ability to clean the surface when necessary. Its smooth textured surface provides the highest gain of all front projection screen surfaces with no resolution loss. The moderate viewing angle and its ability to reflect light back along the projection axis make this surface the best choice for situations where there is a moderate amount of ambient light and the projector is placed on a table-top or in the same horizontal viewing plane as the audience. Flame retardant and mildew resistant. Viewing Angle 30 Gain 2.4,,,,,,
default_wag,results/model_checkpoints/20260715_195803_seed1337_20005214_best_step1500.pt,1500,walmart_amazon,cross_source,False,0.9999895,1,"title, modelno, category, price, description",236,304,,,,,,,,,,,,,,,,,,,,,,,,,,,,,,,,,,,,,,,,,,,,,Da-Plex Base Rear Projection Screen - 57 3 4 x 77 Video Format,Da-Lite Da-Glas Standard Rear Projection Screen 72 x 96 Video Format,,,,,,,,,,,,,Da-Lite,Da-Lite,,27639,Projection Screens,Electronics - General,2608.99,4448.99,27528 Da-Lite offers a wide range of rigid rear projection screen systems for any need ranging from corporate boardrooms to home theaters. With Da-Lite rear projection screens viewers can enjoy bright high resolution images without turning the lights off. Base Factory Installed Frame -Mitered corners eliminate rear light leaks without caulking -Black anodized finish. Constructed of lightweight extruded aluminum U-channel -Frame insert size equals screen viewing area plus 2-1 2,A Da-Lite Polacoat rear projection screen consists of a specially formulated optical coating designed to provide the highest resolution and most accurate color fidelity. This coating is deposited on a transparent glass Da-Glas or acrylic Da-Plex substrate. Da-Lite utilizes a special coating process which chemically bonds the optical layer to the substrate creating a very high degree of adhesion guaranteed not to peel or strip off. Standard Frame Features -Impressive architectural design adds sophistication to any installation -1 x 1-3 4 rectangular tube base -Dovetail frame eliminates light leakage -For screen panels 1 4 and 3 8 thick -Black anodized finish -Frame insert size equals screen viewing area plus 4 DL8256A Da-Lite Polacoat rear projection screen consists of a specially formulated optical coating designed to provide the highest resolution and most accurate color fidelity. This coating is deposited on a transparent glass Da-Glas or acrylic Da-Plex substrate. Da-Lite utilizes a special coating process which chemically bonds the optical layer to the substrate creating a very high degree of adhesion guaranteed not to peel or strip off.  Standard Frame Features Impressive architectural design adds sophistication to any installation 1 x 1-3 4 rectangular tube base Dovetail frame eliminates light leakage For screen panels 1 4 and 3 8 thick Black anodized finish Frame insert size equals screen viewing area plus 4,,,,,,
default_wag,results/model_checkpoints/20260715_195803_seed1337_20005214_best_step1500.pt,1500,walmart_amazon,cross_source,False,0.9999895,0,"title, brand, modelno, category, price, description",339,885,,,,,,,,,,,,,,,,,,,,,,,,,,,,,,,,,,,,,,,,,,,,,VIZIO 55  Class LCD 1080p 240Hz HDTV XVT553SV Refurbished,Da-Lite Advantage Manual With CSR - Projection screen - 133 in - 16 9 - High Power,,,,,,,,,,,,,Vizio,Da-Lite,XVT553SV,,Television,Home Audio Theater,999,904.95,55  diagonal screen size HDMI Inputs 5 Not wall mountable Built-in 802.11n wireless Vizio s XVT553SV 55  HDTV. Contact your local cable or satellite TV provider for details on how to upgrade. VIZIO 55  screen measured diagonally from corner to corner Built-in digital tuner Watch digital broadcasts including HDTV programs where available High brightness of 500cd m2 with 5 ms response time Place your TV anywhere 10 000 000 1 dynamic contrast ratio HDMI Inputs 5 Enjoy a superior HD experience with HDMI one cable solution Built-in 802.11n wireless Connect to the Internet and stream video,Provides Optimal Performance and Smooth Consistent Operation Designed for ceiling recessed installation. Surface with black masking borders standard on flame retardant and mildew resistant fiberglass fabric mounted on a ball bearing rigid steel spring roller. A floating mounting method utilizing adjustable roller brackets is designed into a lightweight extruded aluminum case allowing the centering or offsetting of the screen. Equipped with Controlled Screen Return CSR to control the return speed of the screen surface back into the case. The Advantage Manual is a ceiling recessed manually operated screen. Developed with the installation process in mind the Advantage Manual Screen with Controlled Screen Return CSR provides the convenience and flexibility of installing the case and fabric roller assemblies at separate stages of construction. A floating mounting method utilizing adjustable roller brackets is designed into the lightweight extruded aluminum case allowing the centering or offsetting of the screen. Finished case edges provide a clean look and comfortable build-in of ceiling tiles. Offered exclusively by Da-Lite the Controlled Screen Return CSR system adds an impressive feature to the Advantage design. The CSR system ensures the quiet controlled return of the screen into the case providing optimal performance and smooth consistent operation Screens with the CSR feature must be fully extended. There are no intermediate stopping positions. Matte White fabric up to and including 10 high will be seamless. Video Spectra 1.5 and High Contrast Matte White fabric up to and including 8 high will be seamless. High Power fabric up to and including 6 high will be seamless. High Power A technological breakthrough providing the reflectivity and optical characteristics of a traditional glass beaded surface with the ability to clean the surface when necessary. Its smooth textured surface provides the highest gain of all front projection scree,,,,,,
default_wag,results/model_checkpoints/20260715_195803_seed1337_20005214_best_step1500.pt,1500,walmart_amazon,cross_source,False,0.9999894,2,"title, modelno, price, description",235,884,,,,,,,,,,,,,,,,,,,,,,,,,,,,,,,,,,,,,,,,,,,,,Da-Lite Da-Plex Base Rear Projection Screen - 57 3 4 x 77 Video Format,Da-Lite High Power Advantage Manual with CSR - HDTV Format 133 diagonal,,,,,,,,,,,,,Da-Lite,Da-Lite,27528,85742,Electronics - General,Electronics - General,2608.99,1267.99,Da-Lite offers a wide range of rigid rear projection screen systems for any need ranging from corporate boardrooms to home theaters. With Da-Lite rear projection screens viewers can enjoy bright high resolution images without turning the lights off. Base Factory Installed Frame -Mitered corners eliminate rear light leaks without caulking -Black anodized finish. Constructed of lightweight extruded aluminum U-channel -Frame insert size equals screen viewing area plus 2-1 2 DL8140Da-Lite offers a wide range of rigid rear projection screen systems for any need ranging from corporate boardrooms to home theaters. With Da-Lite rear projection screens viewers can enjoy bright high resolution images without turning the lights off.  Base Factory Installed Frame Mitered corners eliminate rear light leaks without caulking Black anodized finish. Constructed of lightweight extruded aluminum U-channel Frame insert size equals screen viewing area plus 2-1 2,Features -Ceiling recessed manually operated screen..-Developed with the installation process in mind the Advantage  Manual Screen with Controlled Screen Return CSR provides the convenience and flexibility of installing the case and fabric roller assemblies at separate stages of construction..-A floating mounting method utilizing adjustable roller brackets is designed into the lightweight extruded aluminum case allowing the centering or offsetting of the screen..-Finished case edges provide a clean look and comfortable build-in of ceiling tiles..-The CSR system ensures the quiet controlled return of the screen into the case providing optimal performance and smooth consistent operation..-Screens with the CSR feature must be fully extended. There are not intermediate stopping positions..-Pull cord included.. Screen Material High Power A technological breakthrough providing the reflectivity and optical characteristics of a traditional glass beaded surface with the ability to clean the surface when necessary. Its smooth textured surface provides the highest gain of all front projection screen surfaces with no resolution loss. The moderate viewing angle and its ability to reflect light back along the projection axis make this surface the best choice for situations where there is a moderate amount of ambient light and the projector is placed on a table-top or in the same horizontal viewing plane as the audience. Flame retardant and mildew resistant. Viewing Angle 30  Gain 2.4 DL6124 Features Ceiling recessed manually operated screen. Developed with the installation process in mind the Advantage Manual Screen with Controlled Screen Return CSR provides the convenience and flexibility of installing the case and fabric roller assemblies at separate stages of construction. A floating mounting method utilizing adjustable roller brackets is designed into the lightweight extruded aluminum case allowing the centering or offsetting of the screen. Finished case edges provide a clean look and comfortable build-in of ceiling tiles. The CSR system ensures the quiet controlled return of the screen into the case providing optimal performance and smooth consistent operation. Screens with the CSR feature must be fully extended. There are not intermediate stopping positions. Pull cord included.    Screen Material High Power  A technological breakthrough providing the reflectivity and optical characteristics of a traditional glass beaded surface with the ability to clean the surface when necessary. Its smooth textured surface provides the highest gain of all front projection screen surfaces with no resolution loss. The moderate viewing angle and its ability to reflect light back along the projection axis make this surface the best choice for situations where there is a moderate amount of ambient light and the projector is placed on a table-top or in the same horizontal viewing plane as the audience. Flame retardant and mildew resistant. Viewing Angle 30 Gain 2.4,,,,,,
default_wag,results/model_checkpoints/20260715_195803_seed1337_20005214_best_step1500.pt,1500,walmart_amazon,cross_source,False,0.9999893,1,"title, modelno, category, price, description",128,236,,,,,,,,,,,,,,,,,,,,,,,,,,,,,,,,,,,,,,,,,,,,,Da-Lite Da-Plex Self Trimming Rear Projection Screen - 96 x 120 AV Format,Da-Plex Base Rear Projection Screen - 57 3 4 x 77 Video Format,,,,,,,,,,,,,Da-Lite,Da-Lite,27903,,Electronics - General,Projection Screens,7799.99,2608.99,Da-Lite offers a wide range of rigid rear projection screen systems for any need ranging from corporate boardrooms to home theaters designed to provide the highest resolution and most accurate color fidelity. With Da-Lite rear projection screens viewers can enjoy bright high resolution images without turning the lights off. A Da-Lite Polacoat rear projection screen consists of a specially formulated optical coating which is deposited on a transparent glass Da-Glas or acrylic Da-Plex substrate. Da-Lite utilizes a special coating process which chemically bonds the optical layer to the substrate creating a very high degree of adhesion guaranteed not to peel or strip off. Self Trimming Factory Installed Frame Features -Eliminates the need for finish trim for fast easy installation -Built-in 1-1 2 wide molding to hide opening -Black anodized finish. Frame insert size equals screen viewing area plus 2-7 8 DL8232Da-Lite offers a wide range of rigid rear projection screen systems for any need ranging from corporate boardrooms to home theaters designed to provide the highest resolution and most accurate color fidelity. With Da-Lite rear projection screens viewers can enjoy bright high resolution images without turning the lights off.  A Da-Lite Polacoat rear projection screen consists of a specially formulated optical coating which is deposited on a transparent glass Da-Glas or acrylic Da-Plex substrate. Da-Lite utilizes a special coating process which chemically bonds the optical layer to the substrate creating a very high degree of adhesion guaranteed not to peel or strip off.  Self Trimming Factory Installed Frame Features Eliminates the need for finish trim for fast easy installation Built-in 1-1 2 wide molding to hide opening Black anodized finish. Frame insert size equals screen viewing area plus 2-7 8,27528 Da-Lite offers a wide range of rigid rear projection screen systems for any need ranging from corporate boardrooms to home theaters. With Da-Lite rear projection screens viewers can enjoy bright high resolution images without turning the lights off. Base Factory Installed Frame -Mitered corners eliminate rear light leaks without caulking -Black anodized finish. Constructed of lightweight extruded aluminum U-channel -Frame insert size equals screen viewing area plus 2-1 2,,,,,,
default_wag,results/model_checkpoints/20260715_195803_seed1337_20005214_best_step1500.pt,1500,walmart_amazon,cross_source,False,0.9999893,1,"title, brand, category, price, description",855,885,,,,,,,,,,,,,,,,,,,,,,,,,,,,,,,,,,,,,,,,,,,,,CineGray Prime Vision Series Fixed Frame Screen - 135 Diagonal,Da-Lite Advantage Manual With CSR - Projection screen - 133 in - 16 9 - High Power,,,,,,,,,,,,,Elite,Da-Lite,,,Projection Screens,Home Audio Theater,1069.00,904.95,PVR135H1 Tension Screen Material is best for those using low contrast ratio LCD projectors in a home theater environment and need to improve picture black levels. Features -Standard Ultra-Wide 3.5 Black Velvet Trim Frame. -Screen Material Elite Screens CineGray. -Frame Trim Pro-Trim Black Velour Surfacing to absorb light overshoot. -Wall installation only. -Flat tension screen surface- -Black backed material eliminates light penetration. -Available in CineGrey 1.0 gain gray . -Easy to assemble and install in minutes. -Sliding wall mounts to ensure the installation is properly centered. -Wide projection angle. -Sizes available from 84 to 200 . -Split frame design for added protection during shipment and storage. Specifications -16 9 format. -135 diagonal. -Screen Gain 1.0. -Overall Dimensions 73 H x 124 W x 1.5 D. -3-year parts and labor manufacturer warranty. Brochure,Provides Optimal Performance and Smooth Consistent Operation Designed for ceiling recessed installation. Surface with black masking borders standard on flame retardant and mildew resistant fiberglass fabric mounted on a ball bearing rigid steel spring roller. A floating mounting method utilizing adjustable roller brackets is designed into a lightweight extruded aluminum case allowing the centering or offsetting of the screen. Equipped with Controlled Screen Return CSR to control the return speed of the screen surface back into the case. The Advantage Manual is a ceiling recessed manually operated screen. Developed with the installation process in mind the Advantage Manual Screen with Controlled Screen Return CSR provides the convenience and flexibility of installing the case and fabric roller assemblies at separate stages of construction. A floating mounting method utilizing adjustable roller brackets is designed into the lightweight extruded aluminum case allowing the centering or offsetting of the screen. Finished case edges provide a clean look and comfortable build-in of ceiling tiles. Offered exclusively by Da-Lite the Controlled Screen Return CSR system adds an impressive feature to the Advantage design. The CSR system ensures the quiet controlled return of the screen into the case providing optimal performance and smooth consistent operation Screens with the CSR feature must be fully extended. There are no intermediate stopping positions. Matte White fabric up to and including 10 high will be seamless. Video Spectra 1.5 and High Contrast Matte White fabric up to and including 8 high will be seamless. High Power fabric up to and including 6 high will be seamless. High Power A technological breakthrough providing the reflectivity and optical characteristics of a traditional glass beaded surface with the ability to clean the surface when necessary. Its smooth textured surface provides the highest gain of all front projection scree,,,,,,
default_wag,results/model_checkpoints/20260715_195803_seed1337_20005214_best_step1500.pt,1500,walmart_amazon,cross_source,False,0.99998915,0,"title, brand, modelno, category, price, description",338,855,,,,,,,,,,,,,,,,,,,,,,,,,,,,,,,,,,,,,,,,,,,,,VIZIO XVT553SV 55-Inch Class Full Array TruLED with Smart Dimming LCD HDTV 240 Hz SPS with VIZIO Internet Apps,CineGray Prime Vision Series Fixed Frame Screen - 135 Diagonal,,,,,,,,,,,,,Vizio,Elite,XVT553SV,,TVs,Projection Screens,1652.63,1069.00,55-inch direct type LED-backlit LCD HDTV with full 1080p HD resolution 1920 x 1080 pixels and 240Hz refresh rate Connect to the Internet via built in dual-band Wi-Fi 802.11n or Ethernet to stream video audio and news content from VIZIO Internet Apps VIA Smart Dimming intelligently controls LED blocks to produce 10 000 000 1 dynamic contrast ratio Connections 5 HDMI 1 component 1 composite 1 PC 1 RF 1 Ethernet 1 optical digital output 1 audio output and 3 USB Includes detachable base and thumbscrew and Bluetooth remote with slide-out QWERTY keyboard VIZIO s 55 Class Full Array TruLEDTM LCD HDTV with VIZIO Internet AppsTM delivers the ultimate HDTV experience. Packed with the latest technology this high performance HDTV combines advanced picture quality immersive virtual surround sound and premium wireless Internet connectivity so you can enjoy sports movies even the best of the web all right on your HDTV. Featuring Full Array TruLED backlighting with Smart Dimming 120 zones 240 Hz SPS 1080p Full HD and 10 million to 1 Dynamic Contrast Ratio this HDTV renders every image with amazing clarity color and contrast. Enjoy immersive virtual surround sound with SRS TruSurround HDTM and SRS TruVolume premium audio processing. It also includes VIZIO Internet AppsTM with built-in WiFi 802.11n dual-band giving you the convenience of on-demand movies TV shows social networking music photos and more at the push of a button on the premium Bluetooth universal remote. Full Array TruLEDTM backlighting with Smart Dimming 120 zones  VIZIO Internet AppsTM Built-in WiFi 802.11n dual-band 240 Hz SPS 10 million to 1 Dynamic Contrast Ratio Bluetooth Universal Remote Control 1080p Full HD SRS TruSurround HDTM and SRS TruVolume audio Ambient Light Sensing technology Exceeds Energy StarTM 4.0 guidelines Five HDMI ports VIZIO s XVT553SV 55 TruLED LCD HDTV with VIZIO Internet Apps delivers the ultimate HDTV experience. Packed with the latest technology this high performance HDTV combines advanced picture quality immersive virtual high definition sound and premium wireless Internet connectivity with built-in Wi-Fi 802.11n dual-band so you can enjoy the convenience of on-demand movies TV shows social networking music photos and more with just the push of a button on the premium Bluetooth QWERTY keyboard universal remote.          Backlit LED blocks turn on and off based on the real-time content.            240Hz SPS technology delivers 240 scenes per second for clarity.            Control TV and Internet Apps via remote with QWERTY keypad.            Save money as you conserve the planet s resources with ECO HD.           Featuring full array TruLED backlighting with Smart Dimming for brilliant clarity 240Hz SPS refresh rate for sharper blur free images full 1080p high definition detail and 10 000 000 to 1 Dynamic Contrast Ratio delivering deeper blacks and brighter whites through contrast and dimensions the XVT553SV renders every image with amazing precision color and contrast. Enjoy immersive virtual high definition sound with SRS TruSurround HD premium audio processing and SRS TruVolume eliminating volume inconsistencies between programming. Take pleasure in knowing this energy efficient LED LCD HDTV exceeds new ENERGY STAR 4.1 guidelines conserving our planet s resources while saving you money.    Key Features         Advanced picture quality immersive virtual high definition sound and premium wireless Internet connectivity.  View larger.            The customized Bluetooth VUR10 remote with slide out QWERTY keypad.  View larger.            Plenty of high definition inputs and connection including 4 HDMI Ethernet 3 USB and more.  View larger.        55-inch HDTV  featuring 1920 x 1080 pixels and support for 1.06 billion colors.    Features VIZIO TruLED and Smart Dimming technologies  providing backlit illumination of the screen that results in breathtaking clarity and depth of color while consuming up to 50 percent less energy than other HDTVs.    Full 1080P High Definition resolution  gives you over 2 million pixels making the clarity and detail of your picture razor sharp.    240Hz refresh rate  delivers 240 scenes per second producing enhanced frame rate and delivering sharper clarity of fast action scenes for blur free images.    178-Degree horizontal vertical viewing angle  results in a crisp and clear picture that is easily visible from just about anywhere in the room.    Two built-in 15-watt speakers  provide room-filling sound.    SRS Audio Technologies SRS TruVolume evens out dynamics to limit volume inconsistencies between programming while SRS TruSurround HD delivers immersive virtual high-definition surround sound out of the unit s two speakers.    Connect to the Internet via integrated Wireless-N Wi-Fi  or via the included Ethernet port.    VIZIO Internet Apps VIA let you easily connect to the Internet and stream movies and TV shows listen to music and get the latest news sports and weather. VIA comes with Amazon Instant Video Flickr Netflix Rhapsody Twitter VUDU and Yahoo TV Widgets pre-loaded on the TV ready to launch on-screen at the touch of a single button on the remote. You can continually discover and download more apps from other content and service providers by browsing our gallery of apps that is dynamically updated right on your VIZIO HDTV. Learn more Customized Bluetooth remote with slide out QWERTY keypad  enables you to control your TV even type on-screen from any spot in the room--all without having to point the remote at the TV. This universal remote also uses infrared to control all of the A V devices connected to their HDTV such as DVD and Blu-ray players VCRs audio devices cable and satellite set-top boxes DVRs and other components.    ECO HD  exceeds the current Energy Star Guidelines by 50 percent below Energy Star 3.0 saving you money on your utility bills while limiting the impact on our planet.    Mercury free display The display s backlight is environmentally-friendly due to the fact that LED backlights do not utilize mercury an environmentally harmful substance.    Warranty One year parts and labor and free lifetime technical support.    Connections    HDMI with HDCP 5 1 side Component 1   Composite A V 1   RF 1   PC input RGB 1   SPDIF Digital Optical Output 1   Stereo Audio Output 1   USB 3 on the side Dimensions    TV with stand 52.18 x 35.06 x 12.90  WxHxD 77.16 pounds   TV without stand 52.18 x 33.28 x 2.95  WxHxD 76.06 pounds    What size TV should you get What s in the Box    VIZIO XVT553SV HDTV VIZIO remote control VUR10 AA batteries for the remote control 2 detachable base and thumb screw power cord VIZIO cloth safety strap user manual quick setup guide registration card.    Technical Specifications    Screen size 55 inches   Tuner ATSC Clear QAM Tuner   Native Panel Resolution 1920 x 1080 pixels   Computer Support 1920x1080 1360x768 800x600 640x480 via VGA HDMI   Dynamic Contrast Ratio 10 000 000 1 w DCR   Brightness 500 nits   Response Time 5ms   Picture-in-Picture PIP Yes   Picture-outside-Picture POP Yes   Zero Bright Pixel Defect Guarantee Yes   V-Chip Yes   3D Comb Filter Yes   3 2 or 2 2 Reverse Pull-down Yes   ATSC with 8VSB and QAM demodulation Yes   ATSC with MPEG-2 decoding Yes   NTSC Video decoding via Video Yes   Progressive Scan Video Yes   Color Fine Tuning Independent Red Green and Blue   Universal Remote VIZIO Bluetooth Remote Control with Qwerty Keyboard - VUR10   Panel Lamp Life typical 50 000 hours   Voltage Range 100 240 Vac at 50 60 Hz   Power Consumption 225W AVG Wall mount hole pattern VESA standard 200mm x 200mm    Learn More       VIZIO Internet Apps          VIZIO Internet Apps VIA connects your HDTV to a variety of online entertainment and news sources.  Learn more.        This VIZIO HDTV includes the VIZIO Internet Apps feature VIA and it comes pre-loaded with Amazon Instant Video Flickr Netflix Rhapsody Twitter VUDU and Yahoo TV Widgets ready to launch on-screen at the touch of a single button on the premium Bluetooth universal remote control. A high-speed Internet connection is required to access content and receive product updates and this model enables you to connect to the Internet via integrated Wireless-N Wi-Fi or wired Ethernet.     When you press the VIA button on your remote the Apps Dock appears along the bottom of your screen with a selection of different Apps that let you watch movies TV shows listen to music or get weather and news information all on demand. In addition to the providers listed above new partners for 2010 include blip.tv Blip.tv is an online television network that hosts the best original shows on the Web from scripted sitcoms and dramas to shows about fashion technology politics and more.    CBS The CBS Widget offers easy access to CBS schedule information program metadata previews and clips cast photos and BIOS and more.    NBC View NBC s show schedule view full screen photo galleries and catch up on your favorite shows with up-to-date quick text recaps cast BIOS and more.    CNBC The CNBC widget allows you to interact with CNBC s real-time stock quotes direct from the NYSE and NASDAQ real-time watchlists to track favorite stocks and other key analytics.    iMemories Now all your old home movies photos and slides can be watched directly on your VIZIO TV with iMemories. iMemories digitally converts and preserves all your favorite memories online regardless of the original media format.    Roxio CinemaNow The Roxio CinemaNow platform enables you to instantly access a broad range of high-quality digital entertainment from your favorite consumer electronic devices.    The Weather Channel Get your weather forecast when you want it with the press of your remote. The Weather Channel Widget delivers current conditions the 5-day forecast and more for your zip code and thousands more.          VIZIO 2011 XVT Series Comparison    Series    XVT3D-0SV      XVT3D-4SV      XVT-3SV      Display Sizes    65 42  47  55 32  37  47  55 Panel Type   Edge-Lit LED    Full Array LED 47 55 Edge-Lit LED 42 LED with  Smart Dimming     3D Ready   Theater 3D    Full HD 3D    Full HD 3D     Resolution   1080p    1080p    1080p     Contrast Ratio   1 000 000 1    10 000 000 1 47 55 1 000 000 1 42 1 000 000 1 32 37 10 000 000 1 47 55 Response Time 5 ms    4 ms    5 ms     Refresh Rate   120Hz    480Hz    120Hz 32 37 240Hz 47 55 Light Sensor             --     VIZIO Internet Apps                   Wireless LAN   802.11n  Dual Band    802.11n  Dual Band    802.11n  Dual Band     Ethernet                   HDMI Inputs   5    5    4 32 37 5 47 55 PC Input                   USB 2.0 Ports   3    3    3     USB Supported Formats    MP3 JPEG MPEG may be available via future firmware update.,PVR135H1 Tension Screen Material is best for those using low contrast ratio LCD projectors in a home theater environment and need to improve picture black levels. Features -Standard Ultra-Wide 3.5 Black Velvet Trim Frame. -Screen Material Elite Screens CineGray. -Frame Trim Pro-Trim Black Velour Surfacing to absorb light overshoot. -Wall installation only. -Flat tension screen surface- -Black backed material eliminates light penetration. -Available in CineGrey 1.0 gain gray . -Easy to assemble and install in minutes. -Sliding wall mounts to ensure the installation is properly centered. -Wide projection angle. -Sizes available from 84 to 200 . -Split frame design for added protection during shipment and storage. Specifications -16 9 format. -135 diagonal. -Screen Gain 1.0. -Overall Dimensions 73 H x 124 W x 1.5 D. -3-year parts and labor manufacturer warranty. Brochure,,,,,,
default_wag,results/model_checkpoints/20260715_195803_seed1337_20005214_best_step1500.pt,1500,walmart_amazon,cross_source,False,0.99998915,0,"title, brand, modelno, category, price, description",452,884,,,,,,,,,,,,,,,,,,,,,,,,,,,,,,,,,,,,,,,,,,,,,42LV5500 42 Class 1080P 120Hz LED TV with SmartTV,Da-Lite High Power Advantage Manual with CSR - HDTV Format 133 diagonal,,,,,,,,,,,,,LG,Da-Lite,,85742,TVs,Electronics - General,1029.99,1267.99,LG Smart TV LED Backlighting TruMotion 120Hz Wi-Fi Ready Adapter Included Magic Motion Remote Included Full HD 1080p Resolution DLNA Certified ENERGY STAR Qualified Picture Wizard II Intelligent Sensor Smart Energy Saving ISFccc Ready The LV5500 delivers LED picture quality that along with a whole lot more You can tap directly into instant entertainment with Smart TV and with TruMotion 120Hz refresh rate sports and faction movies never looked better,Features -Ceiling recessed manually operated screen..-Developed with the installation process in mind the Advantage  Manual Screen with Controlled Screen Return CSR provides the convenience and flexibility of installing the case and fabric roller assemblies at separate stages of construction..-A floating mounting method utilizing adjustable roller brackets is designed into the lightweight extruded aluminum case allowing the centering or offsetting of the screen..-Finished case edges provide a clean look and comfortable build-in of ceiling tiles..-The CSR system ensures the quiet controlled return of the screen into the case providing optimal performance and smooth consistent operation..-Screens with the CSR feature must be fully extended. There are not intermediate stopping positions..-Pull cord included.. Screen Material High Power A technological breakthrough providing the reflectivity and optical characteristics of a traditional glass beaded surface with the ability to clean the surface when necessary. Its smooth textured surface provides the highest gain of all front projection screen surfaces with no resolution loss. The moderate viewing angle and its ability to reflect light back along the projection axis make this surface the best choice for situations where there is a moderate amount of ambient light and the projector is placed on a table-top or in the same horizontal viewing plane as the audience. Flame retardant and mildew resistant. Viewing Angle 30  Gain 2.4 DL6124 Features Ceiling recessed manually operated screen. Developed with the installation process in mind the Advantage Manual Screen with Controlled Screen Return CSR provides the convenience and flexibility of installing the case and fabric roller assemblies at separate stages of construction. A floating mounting method utilizing adjustable roller brackets is designed into the lightweight extruded aluminum case allowing the centering or offsetting of the screen. Finished case edges provide a clean look and comfortable build-in of ceiling tiles. The CSR system ensures the quiet controlled return of the screen into the case providing optimal performance and smooth consistent operation. Screens with the CSR feature must be fully extended. There are not intermediate stopping positions. Pull cord included.    Screen Material High Power  A technological breakthrough providing the reflectivity and optical characteristics of a traditional glass beaded surface with the ability to clean the surface when necessary. Its smooth textured surface provides the highest gain of all front projection screen surfaces with no resolution loss. The moderate viewing angle and its ability to reflect light back along the projection axis make this surface the best choice for situations where there is a moderate amount of ambient light and the projector is placed on a table-top or in the same horizontal viewing plane as the audience. Flame retardant and mildew resistant. Viewing Angle 30 Gain 2.4,,,,,,
default_wag,results/model_checkpoints/20260715_195803_seed1337_20005214_best_step1500.pt,1500,walmart_amazon,cross_source,False,0.9999889,0,"title, brand, modelno, category, price, description",339,387,,,,,,,,,,,,,,,,,,,,,,,,,,,,,,,,,,,,,,,,,,,,,VIZIO 55  Class LCD 1080p 240Hz HDTV XVT553SV Refurbished,New-1500VA UPS SYSTEM SMARTONLINE RACK - SU1500RTXL2UA,,,,,,,,,,,,,Vizio,Tripp Lite,XVT553SV,,Television,Power Supplies,999,762.60,55  diagonal screen size HDMI Inputs 5 Not wall mountable Built-in 802.11n wireless Vizio s XVT553SV 55  HDTV. Contact your local cable or satellite TV provider for details on how to upgrade. VIZIO 55  screen measured diagonally from corner to corner Built-in digital tuner Watch digital broadcasts including HDTV programs where available High brightness of 500cd m2 with 5 ms response time Place your TV anywhere 10 000 000 1 dynamic contrast ratio HDMI Inputs 5 Enjoy a superior HD experience with HDMI one cable solution Built-in 802.11n wireless Connect to the Internet and stream video,T R I P P   L I T E   S U 1 5 0 0 R T X L 2 U A   6 - O U T L E T   U P S   S M A R T   O N L I N E   R A C K T O W E R 1 5 0 0 V A 1 2 0 0 W Tripp Lite SmartOnline SU1500RTXL2Ua 1500VA Tower Rack-mountable UPS - 1500VA 1200W - 5 Minute Full Load - 6 x NEMA 5-15R,,,,,,
default_wag,results/model_checkpoints/20260715_195803_seed1337_20005214_best_step1500.pt,1500,walmart_amazon,cross_source,False,0.9999888,0,"title, brand, modelno, category, price, description",339,349,,,,,,,,,,,,,,,,,,,,,,,,,,,,,,,,,,,,,,,,,,,,,VIZIO 55  Class LCD 1080p 240Hz HDTV XVT553SV Refurbished,Da-Lite Matte White Concord Designer Manual Screen - 70 x 70 AV Format,,,,,,,,,,,,,Vizio,Da-Lite,XVT553SV,76454,Television,Electronics - General,999,923.99,55  diagonal screen size HDMI Inputs 5 Not wall mountable Built-in 802.11n wireless Vizio s XVT553SV 55  HDTV. Contact your local cable or satellite TV provider for details on how to upgrade. VIZIO 55  screen measured diagonally from corner to corner Built-in digital tuner Watch digital broadcasts including HDTV programs where available High brightness of 500cd m2 with 5 ms response time Place your TV anywhere 10 000 000 1 dynamic contrast ratio HDMI Inputs 5 Enjoy a superior HD experience with HDMI one cable solution Built-in 802.11n wireless Connect to the Internet and stream video,Features -Great for any room especially boardrooms where aesthetics are important..-Mounts either to wall or ceiling. Patented in-the-roller motor mounting system for quiet operation..-Standard with a Decora style three position wall switch..-Available with a silent motor option.. Screen Material Matte White One of the most versatile screen surfaces and a good choice for situations when presentation material is being projected and ambient light is controllable. Its surface evenly distributes light over a wide viewing area. Colors remain bright and life-like with no shifts in hue. Flame retardant and mildew resistant. Viewing Angle 60  Gain 1.0 DL6714 Features Great for any room especially boardrooms where aesthetics are important. Mounts either to wall or ceiling. Patented in-the-roller motor mounting system for quiet operation. Standard with a Decora style three position wall switch. Available with a silent motor option.    Screen Material Matte White  One of the most versatile screen surfaces and a good choice for situations when presentation material is being projected and ambient light is controllable. Its surface evenly distributes light over a wide viewing area. Colors remain bright and life-like with no shifts in hue. Flame retardant and mildew resistant. Viewing Angle 60 Gain 1.0,,,,,,
default_wag,results/model_checkpoints/20260715_195803_seed1337_20005214_best_step1500.pt,1500,walmart_amazon,cross_source,False,0.99998856,0,"title, brand, modelno, category, price, description",339,854,,,,,,,,,,,,,,,,,,,,,,,,,,,,,,,,,,,,,,,,,,,,,VIZIO 55  Class LCD 1080p 240Hz HDTV XVT553SV Refurbished,Elite Screens CineGray Prime Vision Series Fixed Frame Screen - 135 Diagonal,,,,,,,,,,,,,Vizio,Elite Screens,XVT553SV,PVR135H1,Television,Electronics - General,999,1069,55  diagonal screen size HDMI Inputs 5 Not wall mountable Built-in 802.11n wireless Vizio s XVT553SV 55  HDTV. Contact your local cable or satellite TV provider for details on how to upgrade. VIZIO 55  screen measured diagonally from corner to corner Built-in digital tuner Watch digital broadcasts including HDTV programs where available High brightness of 500cd m2 with 5 ms response time Place your TV anywhere 10 000 000 1 dynamic contrast ratio HDMI Inputs 5 Enjoy a superior HD experience with HDMI one cable solution Built-in 802.11n wireless Connect to the Internet and stream video,Tension Screen Material is best for those using low contrast ratio LCD projectors in a home theater environment and need to improve picture black levels. Features -Standard Ultra-Wide 3.5 Black Velvet Trim Frame. -Screen Material Elite Screens CineGray. -Frame Trim Pro-Trim Black Velour Surfacing to absorb light overshoot. -Wall installation only. -Flat tension screen surface- -Black backed material eliminates light penetration. -Available in CineGrey 1.0 gain gray . -Easy to assemble and install in minutes. -Sliding wall mounts to ensure the installation is properly centered. -Wide projection angle. -Sizes available from 84 to 200 . -Split frame design for added protection during shipment and storage. Specifications -16 9 format. -135 diagonal. -Screen Gain 1.0. -Overall Dimensions 73 H x 124 W x 1.5 D. -3-year parts and labor manufacturer warranty. Brochure ELI1052 Tension Screen Material is best for those using low contrast ratio LCD projectors in a home theater environment and need to improve picture black levels.   Features Standard Ultra-Wide 3.5 Black Velvet Trim Frame Screen Material Elite Screens CineGray Frame Trim Pro-Trim Black Velour Surfacing to absorb light overshoot Wall installation only Flat tension screen surface  Black backed material eliminates light penetration Available in CineGrey 1.0 gain gray Easy to assemble and install in minutes Sliding wall mounts to ensure the installation is properly centered Wide projection angle Sizes available from 84 to 200 Split frame design for added protection during shipment and storage  Specifications 16 9 format 135 diagonal Screen Gain 1.0 Overall Dimensions 73 H x 124 W x 1.5 D 3-year parts and labor manufacturer warranty,,,,,,
default_wag,results/model_checkpoints/20260715_195803_seed1337_20005214_best_step1500.pt,1500,walmart_amazon,cross_source,False,0.99998844,2,"title, modelno, price, description",304,884,,,,,,,,,,,,,,,,,,,,,,,,,,,,,,,,,,,,,,,,,,,,,Da-Lite Da-Glas Standard Rear Projection Screen 72 x 96 Video Format,Da-Lite High Power Advantage Manual with CSR - HDTV Format 133 diagonal,,,,,,,,,,,,,Da-Lite,Da-Lite,27639,85742,Electronics - General,Electronics - General,4448.99,1267.99,A Da-Lite Polacoat rear projection screen consists of a specially formulated optical coating designed to provide the highest resolution and most accurate color fidelity. This coating is deposited on a transparent glass Da-Glas or acrylic Da-Plex substrate. Da-Lite utilizes a special coating process which chemically bonds the optical layer to the substrate creating a very high degree of adhesion guaranteed not to peel or strip off. Standard Frame Features -Impressive architectural design adds sophistication to any installation -1 x 1-3 4 rectangular tube base -Dovetail frame eliminates light leakage -For screen panels 1 4 and 3 8 thick -Black anodized finish -Frame insert size equals screen viewing area plus 4 DL8256A Da-Lite Polacoat rear projection screen consists of a specially formulated optical coating designed to provide the highest resolution and most accurate color fidelity. This coating is deposited on a transparent glass Da-Glas or acrylic Da-Plex substrate. Da-Lite utilizes a special coating process which chemically bonds the optical layer to the substrate creating a very high degree of adhesion guaranteed not to peel or strip off.  Standard Frame Features Impressive architectural design adds sophistication to any installation 1 x 1-3 4 rectangular tube base Dovetail frame eliminates light leakage For screen panels 1 4 and 3 8 thick Black anodized finish Frame insert size equals screen viewing area plus 4,Features -Ceiling recessed manually operated screen..-Developed with the installation process in mind the Advantage  Manual Screen with Controlled Screen Return CSR provides the convenience and flexibility of installing the case and fabric roller assemblies at separate stages of construction..-A floating mounting method utilizing adjustable roller brackets is designed into the lightweight extruded aluminum case allowing the centering or offsetting of the screen..-Finished case edges provide a clean look and comfortable build-in of ceiling tiles..-The CSR system ensures the quiet controlled return of the screen into the case providing optimal performance and smooth consistent operation..-Screens with the CSR feature must be fully extended. There are not intermediate stopping positions..-Pull cord included.. Screen Material High Power A technological breakthrough providing the reflectivity and optical characteristics of a traditional glass beaded surface with the ability to clean the surface when necessary. Its smooth textured surface provides the highest gain of all front projection screen surfaces with no resolution loss. The moderate viewing angle and its ability to reflect light back along the projection axis make this surface the best choice for situations where there is a moderate amount of ambient light and the projector is placed on a table-top or in the same horizontal viewing plane as the audience. Flame retardant and mildew resistant. Viewing Angle 30  Gain 2.4 DL6124 Features Ceiling recessed manually operated screen. Developed with the installation process in mind the Advantage Manual Screen with Controlled Screen Return CSR provides the convenience and flexibility of installing the case and fabric roller assemblies at separate stages of construction. A floating mounting method utilizing adjustable roller brackets is designed into the lightweight extruded aluminum case allowing the centering or offsetting of the screen. Finished case edges provide a clean look and comfortable build-in of ceiling tiles. The CSR system ensures the quiet controlled return of the screen into the case providing optimal performance and smooth consistent operation. Screens with the CSR feature must be fully extended. There are not intermediate stopping positions. Pull cord included.    Screen Material High Power  A technological breakthrough providing the reflectivity and optical characteristics of a traditional glass beaded surface with the ability to clean the surface when necessary. Its smooth textured surface provides the highest gain of all front projection screen surfaces with no resolution loss. The moderate viewing angle and its ability to reflect light back along the projection axis make this surface the best choice for situations where there is a moderate amount of ambient light and the projector is placed on a table-top or in the same horizontal viewing plane as the audience. Flame retardant and mildew resistant. Viewing Angle 30 Gain 2.4,,,,,,
default_wag,results/model_checkpoints/20260715_195803_seed1337_20005214_best_step1500.pt,1500,walmart_amazon,cross_source,False,0.99998844,0,"title, brand, modelno, category, price, description",339,452,,,,,,,,,,,,,,,,,,,,,,,,,,,,,,,,,,,,,,,,,,,,,VIZIO 55  Class LCD 1080p 240Hz HDTV XVT553SV Refurbished,42LV5500 42 Class 1080P 120Hz LED TV with SmartTV,,,,,,,,,,,,,Vizio,LG,XVT553SV,,Television,TVs,999,1029.99,55  diagonal screen size HDMI Inputs 5 Not wall mountable Built-in 802.11n wireless Vizio s XVT553SV 55  HDTV. Contact your local cable or satellite TV provider for details on how to upgrade. VIZIO 55  screen measured diagonally from corner to corner Built-in digital tuner Watch digital broadcasts including HDTV programs where available High brightness of 500cd m2 with 5 ms response time Place your TV anywhere 10 000 000 1 dynamic contrast ratio HDMI Inputs 5 Enjoy a superior HD experience with HDMI one cable solution Built-in 802.11n wireless Connect to the Internet and stream video,LG Smart TV LED Backlighting TruMotion 120Hz Wi-Fi Ready Adapter Included Magic Motion Remote Included Full HD 1080p Resolution DLNA Certified ENERGY STAR Qualified Picture Wizard II Intelligent Sensor Smart Energy Saving ISFccc Ready The LV5500 delivers LED picture quality that along with a whole lot more You can tap directly into instant entertainment with Smart TV and with TruMotion 120Hz refresh rate sports and faction movies never looked better,,,,,,
default_wag,results/model_checkpoints/20260715_195803_seed1337_20005214_best_step1500.pt,1500,walmart_amazon,cross_source,False,0.99998844,2,"title, modelno, price, description",349,884,,,,,,,,,,,,,,,,,,,,,,,,,,,,,,,,,,,,,,,,,,,,,Da-Lite Matte White Concord Designer Manual Screen - 70 x 70 AV Format,Da-Lite High Power Advantage Manual with CSR - HDTV Format 133 diagonal,,,,,,,,,,,,,Da-Lite,Da-Lite,76454,85742,Electronics - General,Electronics - General,923.99,1267.99,Features -Great for any room especially boardrooms where aesthetics are important..-Mounts either to wall or ceiling. Patented in-the-roller motor mounting system for quiet operation..-Standard with a Decora style three position wall switch..-Available with a silent motor option.. Screen Material Matte White One of the most versatile screen surfaces and a good choice for situations when presentation material is being projected and ambient light is controllable. Its surface evenly distributes light over a wide viewing area. Colors remain bright and life-like with no shifts in hue. Flame retardant and mildew resistant. Viewing Angle 60  Gain 1.0 DL6714 Features Great for any room especially boardrooms where aesthetics are important. Mounts either to wall or ceiling. Patented in-the-roller motor mounting system for quiet operation. Standard with a Decora style three position wall switch. Available with a silent motor option.    Screen Material Matte White  One of the most versatile screen surfaces and a good choice for situations when presentation material is being projected and ambient light is controllable. Its surface evenly distributes light over a wide viewing area. Colors remain bright and life-like with no shifts in hue. Flame retardant and mildew resistant. Viewing Angle 60 Gain 1.0,Features -Ceiling recessed manually operated screen..-Developed with the installation process in mind the Advantage  Manual Screen with Controlled Screen Return CSR provides the convenience and flexibility of installing the case and fabric roller assemblies at separate stages of construction..-A floating mounting method utilizing adjustable roller brackets is designed into the lightweight extruded aluminum case allowing the centering or offsetting of the screen..-Finished case edges provide a clean look and comfortable build-in of ceiling tiles..-The CSR system ensures the quiet controlled return of the screen into the case providing optimal performance and smooth consistent operation..-Screens with the CSR feature must be fully extended. There are not intermediate stopping positions..-Pull cord included.. Screen Material High Power A technological breakthrough providing the reflectivity and optical characteristics of a traditional glass beaded surface with the ability to clean the surface when necessary. Its smooth textured surface provides the highest gain of all front projection screen surfaces with no resolution loss. The moderate viewing angle and its ability to reflect light back along the projection axis make this surface the best choice for situations where there is a moderate amount of ambient light and the projector is placed on a table-top or in the same horizontal viewing plane as the audience. Flame retardant and mildew resistant. Viewing Angle 30  Gain 2.4 DL6124 Features Ceiling recessed manually operated screen. Developed with the installation process in mind the Advantage Manual Screen with Controlled Screen Return CSR provides the convenience and flexibility of installing the case and fabric roller assemblies at separate stages of construction. A floating mounting method utilizing adjustable roller brackets is designed into the lightweight extruded aluminum case allowing the centering or offsetting of the screen. Finished case edges provide a clean look and comfortable build-in of ceiling tiles. The CSR system ensures the quiet controlled return of the screen into the case providing optimal performance and smooth consistent operation. Screens with the CSR feature must be fully extended. There are not intermediate stopping positions. Pull cord included.    Screen Material High Power  A technological breakthrough providing the reflectivity and optical characteristics of a traditional glass beaded surface with the ability to clean the surface when necessary. Its smooth textured surface provides the highest gain of all front projection screen surfaces with no resolution loss. The moderate viewing angle and its ability to reflect light back along the projection axis make this surface the best choice for situations where there is a moderate amount of ambient light and the projector is placed on a table-top or in the same horizontal viewing plane as the audience. Flame retardant and mildew resistant. Viewing Angle 30 Gain 2.4,,,,,,
default_wag,results/model_checkpoints/20260715_195803_seed1337_20005214_best_step1500.pt,1500,walmart_amazon,cross_source,False,0.99998844,1,"title, brand, category, price, description",452,855,,,,,,,,,,,,,,,,,,,,,,,,,,,,,,,,,,,,,,,,,,,,,42LV5500 42 Class 1080P 120Hz LED TV with SmartTV,CineGray Prime Vision Series Fixed Frame Screen - 135 Diagonal,,,,,,,,,,,,,LG,Elite,,,TVs,Projection Screens,1029.99,1069.00,LG Smart TV LED Backlighting TruMotion 120Hz Wi-Fi Ready Adapter Included Magic Motion Remote Included Full HD 1080p Resolution DLNA Certified ENERGY STAR Qualified Picture Wizard II Intelligent Sensor Smart Energy Saving ISFccc Ready The LV5500 delivers LED picture quality that along with a whole lot more You can tap directly into instant entertainment with Smart TV and with TruMotion 120Hz refresh rate sports and faction movies never looked better,PVR135H1 Tension Screen Material is best for those using low contrast ratio LCD projectors in a home theater environment and need to improve picture black levels. Features -Standard Ultra-Wide 3.5 Black Velvet Trim Frame. -Screen Material Elite Screens CineGray. -Frame Trim Pro-Trim Black Velour Surfacing to absorb light overshoot. -Wall installation only. -Flat tension screen surface- -Black backed material eliminates light penetration. -Available in CineGrey 1.0 gain gray . -Easy to assemble and install in minutes. -Sliding wall mounts to ensure the installation is properly centered. -Wide projection angle. -Sizes available from 84 to 200 . -Split frame design for added protection during shipment and storage. Specifications -16 9 format. -135 diagonal. -Screen Gain 1.0. -Overall Dimensions 73 H x 124 W x 1.5 D. -3-year parts and labor manufacturer warranty. Brochure,,,,,,
default_wag,results/model_checkpoints/20260715_195803_seed1337_20005214_best_step1500.pt,1500,walmart_amazon,cross_source,False,0.9999883,1,"title, brand, modelno, price, description",854,884,,,,,,,,,,,,,,,,,,,,,,,,,,,,,,,,,,,,,,,,,,,,,Elite Screens CineGray Prime Vision Series Fixed Frame Screen - 135 Diagonal,Da-Lite High Power Advantage Manual with CSR - HDTV Format 133 diagonal,,,,,,,,,,,,,Elite Screens,Da-Lite,PVR135H1,85742,Electronics - General,Electronics - General,1069,1267.99,Tension Screen Material is best for those using low contrast ratio LCD projectors in a home theater environment and need to improve picture black levels. Features -Standard Ultra-Wide 3.5 Black Velvet Trim Frame. -Screen Material Elite Screens CineGray. -Frame Trim Pro-Trim Black Velour Surfacing to absorb light overshoot. -Wall installation only. -Flat tension screen surface- -Black backed material eliminates light penetration. -Available in CineGrey 1.0 gain gray . -Easy to assemble and install in minutes. -Sliding wall mounts to ensure the installation is properly centered. -Wide projection angle. -Sizes available from 84 to 200 . -Split frame design for added protection during shipment and storage. Specifications -16 9 format. -135 diagonal. -Screen Gain 1.0. -Overall Dimensions 73 H x 124 W x 1.5 D. -3-year parts and labor manufacturer warranty. Brochure ELI1052 Tension Screen Material is best for those using low contrast ratio LCD projectors in a home theater environment and need to improve picture black levels.   Features Standard Ultra-Wide 3.5 Black Velvet Trim Frame Screen Material Elite Screens CineGray Frame Trim Pro-Trim Black Velour Surfacing to absorb light overshoot Wall installation only Flat tension screen surface  Black backed material eliminates light penetration Available in CineGrey 1.0 gain gray Easy to assemble and install in minutes Sliding wall mounts to ensure the installation is properly centered Wide projection angle Sizes available from 84 to 200 Split frame design for added protection during shipment and storage  Specifications 16 9 format 135 diagonal Screen Gain 1.0 Overall Dimensions 73 H x 124 W x 1.5 D 3-year parts and labor manufacturer warranty,Features -Ceiling recessed manually operated screen..-Developed with the installation process in mind the Advantage  Manual Screen with Controlled Screen Return CSR provides the convenience and flexibility of installing the case and fabric roller assemblies at separate stages of construction..-A floating mounting method utilizing adjustable roller brackets is designed into the lightweight extruded aluminum case allowing the centering or offsetting of the screen..-Finished case edges provide a clean look and comfortable build-in of ceiling tiles..-The CSR system ensures the quiet controlled return of the screen into the case providing optimal performance and smooth consistent operation..-Screens with the CSR feature must be fully extended. There are not intermediate stopping positions..-Pull cord included.. Screen Material High Power A technological breakthrough providing the reflectivity and optical characteristics of a traditional glass beaded surface with the ability to clean the surface when necessary. Its smooth textured surface provides the highest gain of all front projection screen surfaces with no resolution loss. The moderate viewing angle and its ability to reflect light back along the projection axis make this surface the best choice for situations where there is a moderate amount of ambient light and the projector is placed on a table-top or in the same horizontal viewing plane as the audience. Flame retardant and mildew resistant. Viewing Angle 30  Gain 2.4 DL6124 Features Ceiling recessed manually operated screen. Developed with the installation process in mind the Advantage Manual Screen with Controlled Screen Return CSR provides the convenience and flexibility of installing the case and fabric roller assemblies at separate stages of construction. A floating mounting method utilizing adjustable roller brackets is designed into the lightweight extruded aluminum case allowing the centering or offsetting of the screen. Finished case edges provide a clean look and comfortable build-in of ceiling tiles. The CSR system ensures the quiet controlled return of the screen into the case providing optimal performance and smooth consistent operation. Screens with the CSR feature must be fully extended. There are not intermediate stopping positions. Pull cord included.    Screen Material High Power  A technological breakthrough providing the reflectivity and optical characteristics of a traditional glass beaded surface with the ability to clean the surface when necessary. Its smooth textured surface provides the highest gain of all front projection screen surfaces with no resolution loss. The moderate viewing angle and its ability to reflect light back along the projection axis make this surface the best choice for situations where there is a moderate amount of ambient light and the projector is placed on a table-top or in the same horizontal viewing plane as the audience. Flame retardant and mildew resistant. Viewing Angle 30 Gain 2.4,,,,,,
default_wag,results/model_checkpoints/20260715_195803_seed1337_20005214_best_step1500.pt,1500,walmart_amazon,cross_source,False,0.9999882,0,"title, brand, modelno, category, price, description",349,359,,,,,,,,,,,,,,,,,,,,,,,,,,,,,,,,,,,,,,,,,,,,,Da-Lite Matte White Concord Designer Manual Screen - 70 x 70 AV Format,Swann Alpha D5 - AIO 19  H.264 4 Channel Security Camera DVR,,,,,,,,,,,,,Da-Lite,Swann,76454,SWA49-D5,Electronics - General,Computers,923.99,749.54,Features -Great for any room especially boardrooms where aesthetics are important..-Mounts either to wall or ceiling. Patented in-the-roller motor mounting system for quiet operation..-Standard with a Decora style three position wall switch..-Available with a silent motor option.. Screen Material Matte White One of the most versatile screen surfaces and a good choice for situations when presentation material is being projected and ambient light is controllable. Its surface evenly distributes light over a wide viewing area. Colors remain bright and life-like with no shifts in hue. Flame retardant and mildew resistant. Viewing Angle 60  Gain 1.0 DL6714 Features Great for any room especially boardrooms where aesthetics are important. Mounts either to wall or ceiling. Patented in-the-roller motor mounting system for quiet operation. Standard with a Decora style three position wall switch. Available with a silent motor option.    Screen Material Matte White  One of the most versatile screen surfaces and a good choice for situations when presentation material is being projected and ambient light is controllable. Its surface evenly distributes light over a wide viewing area. Colors remain bright and life-like with no shifts in hue. Flame retardant and mildew resistant. Viewing Angle 60 Gain 1.0,In this day and age you can never be too safe or too prepared. The good news is that it has never been easier or more convenient to protect your business your home and your family with a comprehensive security solution.With the D05 19  LCD All-in-One DVR Security System from Swann s Alpha Series. It all adds up to one of the most comprehensive and convenient security solutions around. Includes 4 channel DVR   LCD monitor  Remote web viewing capabilities let you keep an eye out even when you re away  Add up to 4 cameras at once for a total comprehensive security solution  Split screen viewing capabilities let you keep an eye on multiple locations at once  Plug and play technology with highly-intuitive menus and simple point-and-click mouse controls  Easily connects to your PC for additional viewing capabilities  Cutting-edge H.264 recording technology provides crystal-clear image quality  Lets you   by recording continuously from 4 cameras for over 60 days  USB connection makes it easy to back up video to a flash drive memory stick  Professional security solution for home or business at a fraction of the price with no ongoing monthly fees Video Video Format NTSC Video Inputs 4 Composite BNC Inputs Video Outputs N A Display Resolution NTSC 720 x 480Display Frame Rate NTSC 120fps Audio Audio Input 1 CH Audio Output N A Speaker Yes  Recording Compression Format H.264 Recording Resolution NTSC 720 x 480 D1 352 x 240 CIF Global Recording Frame Rate NTSC 120fps CIF 30fps D1 Recording Modes Manual Timer Motion Remote Multiplex Operation Pentaplex HDD Interface Memory Type SATA Hard Drive Support Up to 1TB  Network LAN Connection Yes Network Interface RJ45 Network Protocol TCP IP DHCP and DDNS Remote Operation Yes  General Mouse Support No Back-up Method USB 2.0 Flash Drive Network Remote Control Yes Remote Control Battery Type x Qty AAA x 2 Operating Power DC 19V Dimensions 17.4 442mm x 195mm x 380mm Weight 12.2lbs 5.5kg Display Display Size 19  Aspect Ratio 16 10 Contrast Ratio 1000 1 Brightness 300cd m Response Time 5ms Inputs 1,,,,,,
default_wag,results/model_checkpoints/20260715_195803_seed1337_20005214_best_step1500.pt,1500,walmart_amazon,cross_source,False,0.9999882,1,"title, brand, category, price, description",387,855,,,,,,,,,,,,,,,,,,,,,,,,,,,,,,,,,,,,,,,,,,,,,New-1500VA UPS SYSTEM SMARTONLINE RACK - SU1500RTXL2UA,CineGray Prime Vision Series Fixed Frame Screen - 135 Diagonal,,,,,,,,,,,,,Tripp Lite,Elite,,,Power Supplies,Projection Screens,762.60,1069.00,T R I P P   L I T E   S U 1 5 0 0 R T X L 2 U A   6 - O U T L E T   U P S   S M A R T   O N L I N E   R A C K T O W E R 1 5 0 0 V A 1 2 0 0 W Tripp Lite SmartOnline SU1500RTXL2Ua 1500VA Tower Rack-mountable UPS - 1500VA 1200W - 5 Minute Full Load - 6 x NEMA 5-15R,PVR135H1 Tension Screen Material is best for those using low contrast ratio LCD projectors in a home theater environment and need to improve picture black levels. Features -Standard Ultra-Wide 3.5 Black Velvet Trim Frame. -Screen Material Elite Screens CineGray. -Frame Trim Pro-Trim Black Velour Surfacing to absorb light overshoot. -Wall installation only. -Flat tension screen surface- -Black backed material eliminates light penetration. -Available in CineGrey 1.0 gain gray . -Easy to assemble and install in minutes. -Sliding wall mounts to ensure the installation is properly centered. -Wide projection angle. -Sizes available from 84 to 200 . -Split frame design for added protection during shipment and storage. Specifications -16 9 format. -135 diagonal. -Screen Gain 1.0. -Overall Dimensions 73 H x 124 W x 1.5 D. -3-year parts and labor manufacturer warranty. Brochure,,,,,,
default_wag,results/model_checkpoints/20260715_195803_seed1337_20005214_best_step1500.pt,1500,amazon_google_price_numeric,cross_source,False,0.9999901,2,"title, price",756,1070,,,,,,,,,,,,,,,,,,,,,,,,,,,,,,,,,,,,,,,,,,,,,broderbund mavis beacon teaches typing deluxe17,broderbund mavis beacon teaches typing standard17,,,,,,,,,,,,,,,,,,,36.99,22.99,macintosh® minimum system requirements: powerpc g3 333-mhz processor or faster mac os 9.2 mac os 10.2.2 and higher 64 mb ram for mac os 9.2 128 mb ram for mac os 10.2.8-10.3.9 256 mb ram for mac os 10.4.x 16x cd-rom drive 360 mb free hard disk ...,macintosh® minimum system requirements: powerpc g3 333-mhz processor or faster mac os 9.2 mac os 10.2.2 and higher 64 mb ram for mac os 9.2 128 mb ram for mac os 10.2.8-10.3.9 256 mb ram for mac os 10.4.x 16x cd-rom drive 360 mb free hard disk ...,,,,,,
default_wag,results/model_checkpoints/20260715_195803_seed1337_20005214_best_step1500.pt,1500,amazon_google_price_numeric,cross_source,False,0.99998987,3,title,14,291,,,,,,,,,,,,,,,,,,,,,,,,,,,,,,,,,,,,,,,,,,,,,fogware hyb space dvd,fogware hyb places dvd,,,,,,,,,,,,,,,,,,,21.99,21.99,macintosh: dvd drive sound card & system no installation required windows: win 2000 xp with minimum memory of 128 megbytes dvd drive sound card & system no installation required,macintosh: dvd drive sound card & system no installation required windows: win 2000 xp with minimum memory of 128 megbytes dvd drive sound card & system no installation required,,,,,,
default_wag,results/model_checkpoints/20260715_195803_seed1337_20005214_best_step1500.pt,1500,amazon_google_price_numeric,cross_source,False,0.99998975,1,"title, description, price",755,1069,,,,,,,,,,,,,,,,,,,,,,,,,,,,,,,,,,,,,,,,,,,,,mavis beacon teaches typing deluxe v17,mavis beacon teaches typing 17 standard,,,,,,,,,,,,,,,,,,,39.99,19.99,mavis beacon teaches typing 17 deluxe brings back the classic typing tutorial. let mavis beacon monitor your typing skills as you complete the wide range of lessons and exercises included here. the software monitors your progress flagging your weak spots and offering challenging lessons to help you improve your keyboard skills. download lessons to your palm pilot for easy portable practice sessions straighten up your keyboarding skills -- correct your posture and physical alignment with ergonomic evaluation videos includes bonus software - perfect and update your résumé with the print shop resume pro for pc,for the past 12 years in a row mavis beacon teaches typing has been the best-selling typing tutorial on the market and has garnered over 15 prestigious awards including the teacher's choice and parent's choice awards. with the mavis beacon teaches typing 17 that tradition is certain to continue with several new and advanced performance-based programs that adjust to your skill level and provide instant feedback on every exercise. polish your typing skills to finish work faster and put yourself on the path to maximum productivity and higher salaries. view larger. exercise your typing fingers with more than 188 practice lessons and 91 custom lessons. view larger. with the information technology economy expanding with no end in sight keeping up with your typing skills is more important than ever. knowing how to type fast and accurately is not a job for just secretaries and data entry personnel any more; writers web developers and professionals in all fields can improve their income potential and value by optimizing their typing speed and accuracy. mavis beacon teaches typing 17 helps you to exercise your typing fingers with more than 188 practice lessons and 91 custom lessons. a truly interactive program mavis beacon teaches typing 17 analyzes your typing patterns and helps you to eliminate bad habits. and to customize your learning experience the software lets you choose the user profile that best suits your abilities including a special kids and teens profile. to help keep young typists motivated the program has 10 arcade-style games that make practicing fun. and now that text messaging has become a staple of modern life typing is no longer limited to the qwerty keyboard! mavis beacon offers practice in both text messaging including the use of truly gr8 shortcuts that will increase your messaging sklz and make you extremely :>). the software also has exercises designed to improve your html coding. an enhanced user interface is compatible with wide screen laptops and leaves your desktop more accessible even while the program is running. and to make typing as fun as possible you can even jazz up your lessons by importing your own mp3 files to listen to while you practice.,encore software,encore software,,,,
default_wag,results/model_checkpoints/20260715_195803_seed1337_20005214_best_step1500.pt,1500,amazon_google_price_numeric,cross_source,False,0.9999896,1,"title, description, price",287,506,,,,,,,,,,,,,,,,,,,,,,,,,,,,,,,,,,,,,,,,,,,,,encore software 11250 - brain food games: cranium collection 2006 - win 98 me 2000 xp,encore software 11253 - brain food games: cranium collection 2006 sb cs by encore,,,,,,,,,,,,,,,,,,,18.97,17.97,encore software 11250 : brain food games cranium collection is back and better than ever! new content new games to train your brain for maximum efficiency! system requirements: windows 2000 sp4/xp (home& pro) sp2³ pentium iii 450 mhz processor or ...,encore software 11253 : brain food games: cranium collection 2006 sb cs by encore - 11253,,,,,,
default_wag,results/model_checkpoints/20260715_195803_seed1337_20005214_best_step1500.pt,1500,amazon_google_price_numeric,cross_source,False,0.9999896,1,"title, description, price",506,524,,,,,,,,,,,,,,,,,,,,,,,,,,,,,,,,,,,,,,,,,,,,,encore software 11253 - brain food games: cranium collection 2006 sb cs by encore,encore software 11252 - brain food games: cranium collection 2006 - win 98 me 2000 xp,,,,,,,,,,,,,,,,,,,17.97,18.97,encore software 11253 : brain food games: cranium collection 2006 sb cs by encore - 11253,encore software 11252 : brain food games cranium collection is back and better than ever! new content new games to train your brain for maximum efficiency! system requirements: windows 2000 sp4/xp (home& pro) sp2³ pentium iii 450 mhz processor or ...,,,,,,
default_wag,results/model_checkpoints/20260715_195803_seed1337_20005214_best_step1500.pt,1500,amazon_google_price_numeric,cross_source,False,0.9999895,2,"description, price",22,769,,,,,,,,,,,,,,,,,,,,,,,,,,,,,,,,,,,,,,,,,,,,,hoyle card games 2007,hoyle card games 2007,,,,,,,,,,,,,,,,,,,19.99,29.99,with over 75 card games from classic games like cribbage to new favorites like online texas holdâem hoyle card games has something for everyone. featuring solitaire plus the official hoyle rulebook with an additional bonus of 16 black jack games. shuffle the deck and deal yourself some fun!,step up to the best deal in town and test your skill. shuffle the cards and deal yourself in to the greatest card games of all time. hoyle® drops you right into the action with over 75 classic games official rules tips and strategies. from classic games like cribbage to new favorites like online texas hold'em hoyle® card games has something for everyone. all games are based on the official rules from hoyle® the authority for over 200 years create your own character with face creator customizing everything from facial features to clothes interactive computer opponents with multiple skill levels to challenge everybody play together on the same computer and challenge your friends and family for bragging rights or play solo with 45 different solitaire games included. over 75 card games including: texas hold'em hearts bridge crazy eights gin rummy omaha hold'em pinochle rummy 500 and much more! bonus: 16 black jack games,encore software,encore software,,,,
default_wag,results/model_checkpoints/20260715_195803_seed1337_20005214_best_step1500.pt,1500,amazon_google_price_numeric,cross_source,False,0.9999894,2,"title, price",676,1007,,,,,,,,,,,,,,,,,,,,,,,,,,,,,,,,,,,,,,,,,,,,,adobe acrobat v8.0 professional for mac,adobe acrobat v8.0 professional for mac academic,,,,,,,,,,,,,,,,,,,405.99,159.99,system requirements powerpc or intel core duo processor mac os x v10.4.3 256mb ram (512mb recommended) 1gb free hard-disk space 1024 x 768 display resolution dvd-rom drive,system requirements powerpc or intel core duo processor mac os x v10.4.3 256mb ram (512mb recommended) 1gb free hard-disk space 1024 x 768 display resolution dvd-rom drive,,,,,,
default_wag,results/model_checkpoints/20260715_195803_seed1337_20005214_best_step1500.pt,1500,amazon_google_price_numeric,cross_source,False,0.9999893,0,"title, description, manufacturer, price",18,672,,,,,,,,,,,,,,,,,,,,,,,,,,,,,,,,,,,,,,,,,,,,,corel ulead videostudio 11 video editing and dvd authoring software for windows authoring software,ulead videostudio 11 plus,,,,,,,,,,,,,,,,,,,89.95,129.99,videostudio 11 video editing and dvd authoring software for windows special offer the videostudio 11 video editing and dvd authoring software for windows from corel ulead is a great way to get started editing your home movies and burning them onto ...,ulead videostudio 11 plus is a complete end-to-end hd dvd solution and video editing and dvd authoring software for anyone who wants to easily produce professional-looking videos slide shows and dvds. this editing software lets you capture video from the latest hd camcorders and create amazing high-definition dvds. with timesaving template-based wizards and powerful hands-on tools it will let you express your creativity without the hassle of confusing software interfaces or processes. find out which version of videostudio is right for you. view comparison chart. view larger. burn hd dvd authored projects or folders to hd dvd-r or dvd discs. advanced movie wizard templates let you make movies in three easy steps. preview window for overlays show original overlay image. imagine the movies you'll make the videostudio plus editor gives you all the tools you need to produce professional quality movies. an easy step-by-step workflow lets you spend your time being creative rather than learning technical editing. the movie wizard is ideal for users new to video editing. you can select from several attractive themes and let auto-editing create a professional opening sequence for you and in three easy steps you'll have a complete movie ready to share with the world. you'll be amazed with the range of high-quality features you can choose from to enhance your movie. just hook up your camcorder and choose the clips you want. thanks to the dv-to-dvd wizard in just two steps you'll have a finished dvd complete with menus titles transitions and music. then with a single click you can turn your two-channel stereo sound track creation into an immersive dolby digital 5.1 surround sound experience that's ready for the multiplexes. the program's high-definition authoring technology lets you author hd dvd discs with crisp professional 16:9 high-definition menus. you can switch between 4:3 and 16:9 authoring modes and between standard and high-definition output at any time. easy-to-use menu templates give a professional polish to your production and a timeline chapter point bar enables you to add title chapter points directly to the timeline for a more intuitive way to set the dvd organization. even if you're working on a mid-range machine videostudio plus's purehd editing with smart proxy and purehd authoring and output features make it easy to work in hd from capturing and editing hd video and authoring hd menus to burning hd dvd discs. videostudio lets you burn dvd projects to hd dvd-r and -rw discs record your finished video back to tape for viewing directly from the camcorder create wmv-hd and mpeg-2 hd to play on media center pcs or new high-definition playback devices and much more. enhanced movie wizard for superior creations with videostudio plus's advanced movie wizard templates the movies you can create will be limited only by your imagination. you can create exciting movie-style openings using your video clips in multiple animated frames and it's easy to personalize your videos with your own background music and titles. the program's split by scene feature automatically detects scene changes in your video while you are capturing or in clips already captured and in the library. smart pan and zoom automatically recognizes faces in photos and creates dynamic slide shows. you can also scan your dv tape to generate a thumbnail list of all your clips and then select and batch capture only the clips you want. videostudio plus can also help you to create professional quality titles subtitles and menus. the program supports the unicode character set to simplify multi-language titles. you can create multiple titles that appear at the same time position format and animate each title independently and even edit titles on-screen mixing fonts character sizes and colors. for special title effects you can apply text backdrops with solid or color gradients and transparency animate titles in any of 8 motion styles and even rotate titles directly in the preview window to any angle you like. when it's time to put the finishing touches on your menus you'll have access to tools that will create menu transitions just like blockbuster hollywood dvds. you can set menu-in and menu-out transitions to smoothly go into the next title or menus. you'll have your choice from a wide range of menu options from traditional-style menus with motion buttons to slick-looking menus with text-only buttons. motion filters can create movement even on static menus giving you the ability to select an image for a background and bring it to life with ripples spotlight effects or pan and zooms. best of all you can preview menu behavior at any time in the authoring process. the most complete video solution by supporting all popular formats videostudio plus lets you work with standard and high-definition video images and audio from virtually any video source including dv dvd hdv and avchd camcorders mobile phones web cams and more. the software's comprehensive output options let you save your final video in most popular video formats and the batch convert process saves time when you need to change multiple video files from one format to another. among the devices you can create for are virtually any handheld device including apple ipod sony psp zune nokia mobile phones pdas and other portable devices. you can even compress short movies into email-friendly versions and send them directly from the program. videostudio also comes several bonus features including intervideo windvd8 (silver) a great software dvd player that plays back any video and audio files including avchdl; neptune mediashare which provides you with space on the web where you can share movies with your family and friends; and movie screensaver which creates windows screen savers based on your favorite slide show or video clips complete with music.,,corel,,,,
default_wag,results/model_checkpoints/20260715_195803_seed1337_20005214_best_step1500.pt,1500,amazon_google_price_numeric,cross_source,False,0.9999893,1,"title, description, price",624,663,,,,,,,,,,,,,,,,,,,,,,,,,,,,,,,,,,,,,,,,,,,,,encore software 10485 - encore printmaster v.17.0 platinum - complete product - creativity application - 1 user - complete product - standard - pc,encore software 10478 - encore printmaster v.17.0 gold - complete product - creativity application - 1 user(s) - complete product - standard - pc,,,,,,,,,,,,,,,,,,,33.97,17.97,encore software 10485 : if you've got a passion for creative self-expression you'll find endless inspiration in this sophisticated easy-to-use program. enjoy all of the great features you expect from printmaster plus brilliant upgrades that make ...,encore software 10478 : if you've got a passion for creative self-expression you'll find endless inspiration in this sophisticated easy-to-use program. enjoy all of the great features you expect from printmaster plus brilliant new upgrades that ...,,,,,,
default_wag,results/model_checkpoints/20260715_195803_seed1337_20005214_best_step1500.pt,1500,amazon_google_price_numeric,cross_source,False,0.99998915,1,"title, description, price",21,770,,,,,,,,,,,,,,,,,,,,,,,,,,,,,,,,,,,,,,,,,,,,,encore software 10565 - hoyle card games 2007 - win 98 me 2000 xp,encore software 10566 - encore hoyle card games 2005 - complete product - sports game - 1 user - complete product - standard - pc,,,,,,,,,,,,,,,,,,,18.97,17.97,encore software 10565 : enjoy all your favorite card games from hoyle the official name in gaming. includes over 70 card games and the official rules. system requirements: windows 98se/me/2000 sp4/xp sp1* pentium ii 300mhz 128mb ram 8x cd-rom ...,encore software 10566 : step up to the best deal in town and test your skill. shuffle the cards and deal yourself in to the greatest card games of all time. hoyle drops you right into the action with over 70 classic games official rules tips and ...,,,,,,
default_wag,results/model_checkpoints/20260715_195803_seed1337_20005214_best_step1500.pt,1500,amazon_google_price_numeric,cross_source,False,0.99998915,1,"title, description, price",54,911,,,,,,,,,,,,,,,,,,,,,,,,,,,,,,,,,,,,,,,,,,,,,the print shop 22 deluxe sb cs by the print shop,the print shop 22 pro publisher deluxe sb cs by the print shop,,,,,,,,,,,,,,,,,,,49.95,99.95,the print shop 22 deluxe offers the best in total personal creativity. 350 000+ images & graphics plus 20 000+ project templates! packed with new features and tools you have everything you need to satisfy your creative side. enhanced photo editing features provide professional looking results to make your photos perfect every time. easily add them to any project create slideshows burn to cd or resize for your mobile phone. new project size options photo quality printing and borderless print features mean your projects will have the refined look you want! dynamic project and image search capabilities will help you quickly and effortless find your saved projects or the perfect image or graphic for your creation. for easy share options export your projects to multiple file types including pdf jpeg tiff gif and much more! even manage your time with calender creator express the address book and improved mail merge for effortless mailings every time. the creative possibilities are endless with the print shop 22 deluxe!,the print shop 22 pro publisher deluxe delivers more creative tools than any other print shop product along with the professional features you need to take control of your business communications. 400 000+ premium images & graphics plus! 22 000 professionally designed project templates! packed with the text and layout tools you need you'll easily create high quality projects including multi-page brochures stationery cd/dvd labels newsletters and more. enhanced photo editing tools provide the professional touch you need to make your photos look your best. whether you create slideshows burn to cd resize for a mobile phone or design and publish your own web pages showcasing your photos is easier than ever. new project size options photo quality printing and borderless print features mean your projects will have the refined look you want. dynamic project and image search capabilities will help you quickly and effortless find your saved projects or the perfect image or graphic for your creation. for easy share options export your projects to multiple file types including pdf jpeg tiff gif and much more! even manage your time with calender creator express the address book and improved mail merge for effortless mailings every time!,encore software,encore software,,,,
default_wag,results/model_checkpoints/20260715_195803_seed1337_20005214_best_step1500.pt,1500,amazon_google_price_numeric,cross_source,False,0.99998915,2,"title, description",109,661,,,,,,,,,,,,,,,,,,,,,,,,,,,,,,,,,,,,,,,,,,,,,encore software 11182 - monopoly here & now - win 98 me 2000 xp,encore software 11180 - monopoly here & now - win 98 me 2000 xp,,,,,,,,,,,,,,,,,,,18.97,18.97,encore software 11182 : this special anniversary edition celebrates 70 years of the world s most popular board game with a modern day equivalent to the traditional game. system requirements: operating system: windows(r) 98/me/xp processor: pentium(r ...,encore software 11180 : this special anniversary edition celebrates 70 years of the world s most popular board game with a modern day equivalent to the traditional game. system requirements: operating system: windows(r) 98/me/xp processor: pentium(r ...,,,,,,
default_wag,results/model_checkpoints/20260715_195803_seed1337_20005214_best_step1500.pt,1500,amazon_google_price_numeric,cross_source,False,0.99998915,0,"title, description, manufacturer, price",169,1033,,,,,,,,,,,,,,,,,,,,,,,,,,,,,,,,,,,,,,,,,,,,,kakuro puzzle addict unlimited edition,sos aggregation company - 100800104 - buku karkuro - topware interactive,,,,,,,,,,,,,,,,,,,9.99,15.95,kakuro puzzle addict unlimited delivers great puzzle action. kakuro is sudoku's big brother -- you'll have to arrange cross sums so that they fit the grid. challenge your brain with this popular set of puzzles!,this game of logic and strategy will enhance even the most seasoned mind. get into the puzzle craze! hours and hours of addictive kakuro puzzle. create and solve your own puzzles. make your own playing boards or choose various themes. easy to learn,global software publishing,,,,,
default_wag,results/model_checkpoints/20260715_195803_seed1337_20005214_best_step1500.pt,1500,amazon_google_price_numeric,cross_source,False,0.99998903,1,"title, description, price",18,674,,,,,,,,,,,,,,,,,,,,,,,,,,,,,,,,,,,,,,,,,,,,,corel ulead videostudio 11 video editing and dvd authoring software for windows authoring software,corel ulead videostudio 11 plus video editing and dvd authoring software - win authoring software,,,,,,,,,,,,,,,,,,,89.95,129.95,videostudio 11 video editing and dvd authoring software for windows special offer the videostudio 11 video editing and dvd authoring software for windows from corel ulead is a great way to get started editing your home movies and burning them onto ...,videostudio 11 plus video editing and dvd authoring software for windows special offer the videostudio 11 plus video editing and dvd authoring software for windows from corel ulead is a great way to get started editing your home movies and burning ...,,,,,,
default_wag,results/model_checkpoints/20260715_195803_seed1337_20005214_best_step1500.pt,1500,amazon_google_price_numeric,cross_source,False,0.99998903,1,"title, description, price",19,911,,,,,,,,,,,,,,,,,,,,,,,,,,,,,,,,,,,,,,,,,,,,,the print shop 22 sb cs by the print shop,the print shop 22 pro publisher deluxe sb cs by the print shop,,,,,,,,,,,,,,,,,,,0.0,99.95,,the print shop 22 pro publisher deluxe delivers more creative tools than any other print shop product along with the professional features you need to take control of your business communications. 400 000+ premium images & graphics plus! 22 000 professionally designed project templates! packed with the text and layout tools you need you'll easily create high quality projects including multi-page brochures stationery cd/dvd labels newsletters and more. enhanced photo editing tools provide the professional touch you need to make your photos look your best. whether you create slideshows burn to cd resize for a mobile phone or design and publish your own web pages showcasing your photos is easier than ever. new project size options photo quality printing and borderless print features mean your projects will have the refined look you want. dynamic project and image search capabilities will help you quickly and effortless find your saved projects or the perfect image or graphic for your creation. for easy share options export your projects to multiple file types including pdf jpeg tiff gif and much more! even manage your time with calender creator express the address book and improved mail merge for effortless mailings every time!,encore software,encore software,,,,
default_wag,results/model_checkpoints/20260715_195803_seed1337_20005214_best_step1500.pt,1500,amazon_google_price_numeric,cross_source,False,0.99998903,1,"title, description, price",573,1000,,,,,,,,,,,,,,,,,,,,,,,,,,,,,,,,,,,,,,,,,,,,,sibelius sibelius 5 software - educational discount music production software,sibelius sibelius 4 software - educational discount music production software,,,,,,,,,,,,,,,,,,,248.95,249.95,sibelius 5 - software for writing playing printing and publishing music notation for mac os x and windows - educational discount sibelius 5 from sibelius is a fully featured and complete software solution for writing playing printing and publishing ...,sibelius 4 - software for writing playing printing and publishing music notation for mac os x and windows - educational discount sibelius 4 from sibelius is a fully featured and complete software solution for writing playing printing and publishing ...,,,,,,
default_wag,results/model_checkpoints/20260715_195803_seed1337_20005214_best_step1500.pt,1500,amazon_google_price_numeric,cross_source,False,0.99998903,0,"title, description, manufacturer, price",698,805,,,,,,,,,,,,,,,,,,,,,,,,,,,,,,,,,,,,,,,,,,,,,corel intervideo dvd copy 5 platinum software for windows authoring software,corel dvd moviefactory 6.0,,,,,,,,,,,,,,,,,,,49.95,49.99,dvd copy 5 platinum software for windows the dvd copy 5 platinum software for windows from corel intervideo is an easy-to-use program that allows you to copy dvd discs convert video for the ipod or psp and capture hdv video for burning. it features ...,ulead dvd moviefactory 6 is the award-winning consumer dvd authoring package. it's the first consumer entry-level product to offer hd dvd burning capability. capture digital media from numerous sources to create artistic original-looking video and slideshow discs. its easy-to-use storyboard and timeline editing tools help you personalize titles music and other project elements. it even has a complete set of tools for burning to cd dvd hd dvd and blu-ray disc. breathe new life into videos photos and create hollywood-style menu motion effects - ulead dvd moviefactory 6 does more than make it possible. it makes it easy. customize your slideshows with pan & zoom supports 16 - 9 widescreen pc monitors secure burning - users can password-protect videos photos documents and any other data from unauthorized access output to hd dvd-r/rw & blu-ray,,corel,,,,
default_wag,results/model_checkpoints/20260715_195803_seed1337_20005214_best_step1500.pt,1500,amazon_google_price_numeric,cross_source,False,0.99998903,2,"title, price",1013,1042,,,,,,,,,,,,,,,,,,,,,,,,,,,,,,,,,,,,,,,,,,,,,adobe dreamweaver cs3 upgrade windows,coreldraw graphics suite x3 upgrade windows,,,,,,,,,,,,,,,,,,,236.74,184.5,brand new factory sealed software or accessories from a pro merchant. over 1 million new and used books movies games software and cds available. in business since 1986. satisfaction guaranteed.we offer free shipping when you purchase five or ...,brand new factory sealed software or accessories from a pro merchant. over 1 million new and used books movies games software and cds available. in business since 1986. satisfaction guaranteed.we offer free shipping when you purchase five or ...,,,,,,
default_wag,results/model_checkpoints/20260715_195803_seed1337_20005214_best_step1500.pt,1500,amazon_google_price_numeric,cross_source,False,0.9999889,1,"title, description, price",47,796,,,,,,,,,,,,,,,,,,,,,,,,,,,,,,,,,,,,,,,,,,,,,money premium 2007 win32 eng na mini box us only cd,money home & business 2007 win32 eng na mini box us only cd,,,,,,,,,,,,,,,,,,,118.46,139.43,model- ms-cd19382wi vendor- microsoft corporation features- microsoft money premium 2007- cd mini box microsoft money 2007 premium brings all your personal accounts -- banking credit and investment -- in one place and provides the tools you need for planning and achieving short- and long-term financial goals and making tax-smart investment decisions so you can improve your financial outlook today and optimize for your future. * includes everything in money 2007 deluxe - make online banking even easier with all of your accounts--checking savings investments and credit -- in one place with one password which makes keeping tabs on the day-to-day spending a breeze. plus money connects to thousands of banks and updates automatically helping you easily stay on top of your finances. - improve your investment strategy with access to tips guidance and relevant articles from the highly regarded experts on msn money. - new! savings and spending budget helps you plan for retirement savings and debt repayment as well as your monthly expenses. its the comprehensive budget solution that helps you see your savings grow and your debt shrink. - new! spending tracker allows you to track your spending by budget groups. view alongside the popular spending by category tracker for amazing awareness of your spending. - help protect and improve your credit reduce high-interest debt and learn more about your credit rating. - forecast your cash flow to predict how much money youll have in your day-to-day accounts in the coming months. - simplify tax time. money makes preparing and filing taxes easy with expert tips from tax professionals. tools such as the,model- ms-cd19383wi vendor- microsoft corporation features- microsoft money home and business 2007- cd mini box microsoft money 2007 home and business makes managing business and personal finances fast easy and automatic with precise tools that guide you through business taxes inventory tracking and online payroll alongside your personal credit debt investment and taxes so you can spend less time on finances and more time with customers. * includes everything in money 2007 deluxe and money 2007 premium - make online banking even easier with all of your accounts--checking savings investments and credit -- in one place with one password which makes keeping tabs on the day-to-day spending a breeze. plus money connects to thousands of banks and updates automatically helping you easily stay on top of your finances. - improve your investment strategy with access to tips guidance and relevant articles from the highly regarded experts on msn money. - new! savings and spending budget helps you plan for retirement savings and debt repayment as well as your monthly expenses. its the comprehensive budget solution that helps you see your savings grow and your debt shrink. - new! spending tracker allows you to track your spending by budget groups. view alongside the popular spending by category tracker for amazing awareness of your spending. - help protect and improve your credit reduce high-interest debt and learn more about your credit rating. - forecast your cash flow to predict how much money youll have in your day-to-day accounts in the coming months. - simplify tax time. money makes preparing and filing taxes easy with expert tips from t,microsoft,microsoft,,,,
default_wag,results/model_checkpoints/20260715_195803_seed1337_20005214_best_step1500.pt,1500,amazon_google_price_numeric,cross_source,False,0.9999889,1,"title, description, price",174,304,,,,,,,,,,,,,,,,,,,,,,,,,,,,,,,,,,,,,,,,,,,,,encore software 14110 - jeopardy! deluxe - win 2000 xp vista,encore software 14120 - jeopardy jc - win 98 me 2000 xp,,,,,,,,,,,,,,,,,,,18.97,7.69,encore software 14110 : do you have what it takes to be a champion? p get ready to test your knowledge with america's favorite quiz show®. play alone or pit yourself against the computer with up to two other contestants. just like the show if you ...,encore software 14120 : get ready to test your knowledge in the pc version of america's favorite quiz show®. just like the television show select a category and a money value to reveal the hidden clue. come up with the correct response and you win ...,,,,,,
default_wag,results/model_checkpoints/20260715_195803_seed1337_20005214_best_step1500.pt,1500,amazon_google_price_both,cross_source,False,0.99998987,4,title,13,291,,,,,,,,,,,,,,,,,,,,,,,,,,,,,,,,,,,,,,,,,,,,,fogware hyb space dvd,fogware hyb places dvd,,,,,,,,,,,,,,,,,,,,,macintosh: dvd drive sound card & system no installation required windows: win 2000 xp with minimum memory of 128 megbytes dvd drive sound card & system no installation required,macintosh: dvd drive sound card & system no installation required windows: win 2000 xp with minimum memory of 128 megbytes dvd drive sound card & system no installation required,,,21.99,21.99,21.99,21.99
default_wag,results/model_checkpoints/20260715_195803_seed1337_20005214_best_step1500.pt,1500,amazon_google_price_both,cross_source,False,0.9999893,3,"title, description",109,661,,,,,,,,,,,,,,,,,,,,,,,,,,,,,,,,,,,,,,,,,,,,,encore software 11182 - monopoly here & now - win 98 me 2000 xp,encore software 11180 - monopoly here & now - win 98 me 2000 xp,,,,,,,,,,,,,,,,,,,,,encore software 11182 : this special anniversary edition celebrates 70 years of the world s most popular board game with a modern day equivalent to the traditional game. system requirements: operating system: windows(r) 98/me/xp processor: pentium(r ...,encore software 11180 : this special anniversary edition celebrates 70 years of the world s most popular board game with a modern day equivalent to the traditional game. system requirements: operating system: windows(r) 98/me/xp processor: pentium(r ...,,,18.97,18.97,18.97,18.97
default_wag,results/model_checkpoints/20260715_195803_seed1337_20005214_best_step1500.pt,1500,amazon_google_price_both,cross_source,False,0.9999893,3,"title, description",287,524,,,,,,,,,,,,,,,,,,,,,,,,,,,,,,,,,,,,,,,,,,,,,encore software 11250 - brain food games: cranium collection 2006 - win 98 me 2000 xp,encore software 11252 - brain food games: cranium collection 2006 - win 98 me 2000 xp,,,,,,,,,,,,,,,,,,,,,encore software 11250 : brain food games cranium collection is back and better than ever! new content new games to train your brain for maximum efficiency! system requirements: windows 2000 sp4/xp (home& pro) sp2³ pentium iii 450 mhz processor or ...,encore software 11252 : brain food games cranium collection is back and better than ever! new content new games to train your brain for maximum efficiency! system requirements: windows 2000 sp4/xp (home& pro) sp2³ pentium iii 450 mhz processor or ...,,,18.97,18.97,18.97,18.97
default_wag,results/model_checkpoints/20260715_195803_seed1337_20005214_best_step1500.pt,1500,amazon_google_price_both,cross_source,False,0.99998903,2,"title, price_text, price_numeric",754,1071,,,,,,,,,,,,,,,,,,,,,,,,,,,,,,,,,,,,,,,,,,,,,broderbund mavis beacon teaches typing deluxe17,broderbund mavis beacon teaches typing standard17,,,,,,,,,,,,,,,,,,,,,macintosh® minimum system requirements: powerpc g3 333-mhz processor or faster mac os 9.2 mac os 10.2.2 and higher 64 mb ram for mac os 9.2 128 mb ram for mac os 10.2.8-10.3.9 256 mb ram for mac os 10.4.x 16x cd-rom drive 360 mb free hard disk ...,macintosh® minimum system requirements: powerpc g3 333-mhz processor or faster mac os 9.2 mac os 10.2.2 and higher 64 mb ram for mac os 9.2 128 mb ram for mac os 10.2.8-10.3.9 256 mb ram for mac os 10.4.x 16x cd-rom drive 360 mb free hard disk ...,,,36.99,22.99,36.99,22.99
default_wag,results/model_checkpoints/20260715_195803_seed1337_20005214_best_step1500.pt,1500,amazon_google_price_both,cross_source,False,0.9999889,1,"title, description, price_text, price_numeric",21,770,,,,,,,,,,,,,,,,,,,,,,,,,,,,,,,,,,,,,,,,,,,,,encore software 10565 - hoyle card games 2007 - win 98 me 2000 xp,encore software 10566 - encore hoyle card games 2005 - complete product - sports game - 1 user - complete product - standard - pc,,,,,,,,,,,,,,,,,,,,,encore software 10565 : enjoy all your favorite card games from hoyle the official name in gaming. includes over 70 card games and the official rules. system requirements: windows 98se/me/2000 sp4/xp sp1* pentium ii 300mhz 128mb ram 8x cd-rom ...,encore software 10566 : step up to the best deal in town and test your skill. shuffle the cards and deal yourself in to the greatest card games of all time. hoyle drops you right into the action with over 70 classic games official rules tips and ...,,,18.97,17.97,18.97,17.97
default_wag,results/model_checkpoints/20260715_195803_seed1337_20005214_best_step1500.pt,1500,amazon_google_price_both,cross_source,False,0.9999889,3,"title, description",375,707,,,,,,,,,,,,,,,,,,,,,,,,,,,,,,,,,,,,,,,,,,,,,webroot software inc 50410 - spy sweeper w/antivirus family edition (small box) - win 2000 xp,webroot software inc 50210 - spy sweeper w/antivirus family edition (mass merchant) - win 2000 xp,,,,,,,,,,,,,,,,,,,,,webroot software inc 50410 : stop spyware from monitoring your online activities and reducing pc performance. detect and safely remove spyware and adware from your pc and block unwanted programs before they can infect your computer. system ...,webroot software inc 50210 : stop spyware from monitoring your online activities and reducing pc performance. detect and safely remove spyware and adware from your pc and block unwanted programs before they can infect your computer. system ...,,,41.97,41.97,41.97,41.97
default_wag,results/model_checkpoints/20260715_195803_seed1337_20005214_best_step1500.pt,1500,amazon_google_price_both,cross_source,False,0.9999889,4,title,836,921,,,,,,,,,,,,,,,,,,,,,,,,,,,,,,,,,,,,,,,,,,,,,apple garageband jam pack: rhythm section,apple garageband jam pack: remix tools,,,,,,,,,,,,,,,,,,,,,system requirements requires garageband (installed with ilife '04 or '05)* logic express 7 or logic pro 7. soundtrack supports loops only in jam packs. macintosh computer with g3 600mhz processor or higher to use apple loops (g4 or g5 required for ...,system requirements requires garageband (installed with ilife '04 or '05)* logic express 7 or logic pro 7. soundtrack supports loops only in jam packs. macintosh computer with g3 600mhz processor or higher to use apple loops (g4 or g5 required for ...,,,95.99,95.99,95.99,95.99
default_wag,results/model_checkpoints/20260715_195803_seed1337_20005214_best_step1500.pt,1500,amazon_google_price_both,cross_source,False,0.9999888,2,"description, price_text, price_numeric",22,769,,,,,,,,,,,,,,,,,,,,,,,,,,,,,,,,,,,,,,,,,,,,,hoyle card games 2007,hoyle card games 2007,,,,,,,,,,,,,,,,,,,,,with over 75 card games from classic games like cribbage to new favorites like online texas holdâem hoyle card games has something for everyone. featuring solitaire plus the official hoyle rulebook with an additional bonus of 16 black jack games. shuffle the deck and deal yourself some fun!,step up to the best deal in town and test your skill. shuffle the cards and deal yourself in to the greatest card games of all time. hoyle® drops you right into the action with over 75 classic games official rules tips and strategies. from classic games like cribbage to new favorites like online texas hold'em hoyle® card games has something for everyone. all games are based on the official rules from hoyle® the authority for over 200 years create your own character with face creator customizing everything from facial features to clothes interactive computer opponents with multiple skill levels to challenge everybody play together on the same computer and challenge your friends and family for bragging rights or play solo with 45 different solitaire games included. over 75 card games including: texas hold'em hearts bridge crazy eights gin rummy omaha hold'em pinochle rummy 500 and much more! bonus: 16 black jack games,encore software,encore software,19.99,29.99,19.99,29.99
default_wag,results/model_checkpoints/20260715_195803_seed1337_20005214_best_step1500.pt,1500,amazon_google_price_both,cross_source,False,0.9999888,3,"title, description",44,700,,,,,,,,,,,,,,,,,,,,,,,,,,,,,,,,,,,,,,,,,,,,,adobe cs3 web standard upgrade,adobe cs3 design standard upgrade,,,,,,,,,,,,,,,,,,,,,system requirements powerpc g4 or g5 or intel core processor mac os x v10.4.8 java runtime environment 1.5 1gb ram 4.5gb free hard-disk space (additional space required during installation) 1024 x 768 display resolution with 16-bit video card ...,system requirements powerpc g4 or g5 or intel core processor mac os x v10.4.8 java runtime environment 1.5 1gb ram 5.3gb free hard-disk space (additional space required during installation) 1024 x 768 display resolution with 16-bit video card ...,,,413.99,413.99,413.99,413.99
default_wag,results/model_checkpoints/20260715_195803_seed1337_20005214_best_step1500.pt,1500,amazon_google_price_both,cross_source,False,0.9999888,3,"title, description",225,679,,,,,,,,,,,,,,,,,,,,,,,,,,,,,,,,,,,,,,,,,,,,,ahead software 70009 - nero nero v.7.0 ultra edition -enhanced - complete product - media management/conversion - 1 user - complete product - standard - pc,ahead software 70115 - nero 7 ultra edition enhanced mini pc & home entrmnt soln,,,,,,,,,,,,,,,,,,,,,ahead software 70009 : nero 7 ultra edition enhanced now offers both the pc and tv media management experience for a complete solution. with over 18 new and updated applications in one powerful piece of software nero 7 ultra edition is truly the ...,ahead software 70115 : nero 7 ultra edition enhanced provides you with over 20 applications in one solution to complete all your digital media tasks on your pc and on your tv. the enhanced version now includes exciting new features to access your ...,,,83.97,83.97,83.97,83.97
default_wag,results/model_checkpoints/20260715_195803_seed1337_20005214_best_step1500.pt,1500,amazon_google_price_both,cross_source,False,0.99998856,3,"title, description",130,253,,,,,,,,,,,,,,,,,,,,,,,,,,,,,,,,,,,,,,,,,,,,,adobe indesign cs3 upgrade [mac],adobe indesign cs3 upgrade from pagemaker [mac],,,,,,,,,,,,,,,,,,,,,note: this is the upgrade version of adobe indesign cs3. explore more creative possibilities and experience new levels of productivity using adobe indesign cs3 upgrade page layout software. built for demanding workflows indesign integrates smoothly with the adobe tools you use every day streamlines repetitive tasks reliably outputs pages and offers powerful features for creating richer more complex documents. design and produce professional page layouts. import and place several files at the same time with the new multi-file place feature. in the new indesign cs3 workspace you can collapse panels as horizontally labeled icons. add gradient stops to create a feather effect. explore new creative possibilities discover a world of design possibilities with indesign cs3. expanded creative tools and options allow you to experiment quickly and flexibly and create sophisticated effects for text images and objects from within your page layout application. apply effects such as inner glows and bevels without having to update linked files. finer transparency control allows you to apply transparency independently on an object's stroke fill or content. fade objects into the background using gradient feathers. and set beautiful typography using professional tools. be more productive boost your efficiency through new and enhanced productivity tools that make it faster and easier to lay out export and print graphically rich pages. support for styled tables and table cells as well as a host of powerful layout features including an expanded find/change feature allow you to easily apply global formatting and consistently edit text and objects. and work efficiently thanks to tight integration with other adobe tools and technologies; native file format support; and consistent reliable adobe pdf output. automate routine tasks save time and money by automating production workflows using indesign cs3. from robust long-document support to flexible xml import indesign offers powerful features that minimize repetitive tasks. streamline the creation of long documents with features such as advanced bullets and numbering as well as running headers and footers. accelerate routine tasks by writing scripts and generate layouts from xml content with flexible and robust script-based rules. audience benefit graphic designers discover new levels of creative freedom and productivity with adobe indesign cs3 software. tightly integrated with the adobe applications you use most indesign cs3 delivers efficient production workflows and a more fluid creative environment for designing professional layouts with sophisticated graphics and typography. adobe pagemaker users there's never been a better time for pagemaker users to switch to adobe indesign cs3 software. with its built-in support for familiar pagemaker features such as multiple undo robust style support flexible gradients easy table creation and more indesign cs3 brings you a new level of creative freedom and productivity. it's also packed with features to help smooth your transition including support for converting pagemaker 6.0-7.x files a set of pagemaker compatible keyboard shortcuts and popular pagemaker features such as data merge and print booklet for imposition. with an exclusive upgrade price for licensed pagemaker users indesign cs3 delivers superb functionality at a compelling value. print service providers adobe indesign cs3 software addresses the needs of print professionals worldwide for reliable consistent output controls. encourage your customers to preflight and package their indesign projects to help ensure smoother handoffs. prevent costly errors on press by evaluating and adjusting separations overprint and transparency flattener settings onscreen. then use print presets to output files more efficiently. easily set up high-end adobe pdf-based print production workflows automate processes using jdf and provide adobe pdf export presets to customers to get the best results. with indesign cs3 you can exercise exacting control over your print production workflow. it professionals and developers invest in adobe indesign cs3 software for professional page layout to help streamline production reduce costs and increase quality in your publishing workflows. tight integration with other adobe applications and built-in support for native adobe file formats helps shorten production cycles while better supporting all-digital workflows. indesign snippets style sets custom workspaces and other resources allow teams to work more efficiently and consistently. flexible xml import and export controls plus robust scripting support lay a strong foundation for automating workflows and efficiently publishing to multiple media. join leading publishers and design organizations worldwide in achieving higher productivity with better quality and lower costs using indesign cs3. the effects button is one of many new options included in the context-sensitive control panel (above) as well as being available in the effects panel itself. top ten new features creative effects and controls design compelling page layouts that include transparency creative effects and gradient feathers. since effects are live and nondestructive you can experiment with ease. apply effects independently to an object's stroke fill or content. productivity enhancements perform a variety of tasks more efficiently using new and enhanced productivity features including multi-file place quick apply faster frame fitting and the visual pages panel. table and cell styles quickly and consistently format tables using table and cell styles. even use regional cell styles to apply unique formatting to specific areas of a table such as its header footer and body. robust long-document support maintain consistency and streamline the production of long documents using advanced bullets and numbering running headers and footers and synchronized master pages. advanced find/change on text and objects apply changes to text and object attributes across one or more documents. include master pages footnotes and locked or hidden layers in a search; save search settings for easy reuse; and perform grep pattern-based searches on strings of text. xhtml export enable multiformat publishing including print-to-web workflows by exporting adobe indesign content as xhtml. edit the exported content in adobe dreamweaver cs3 software (available separately) and automatically format it using cascading style sheets. intuitive and customizable workspace work in an environment that makes it easier to be productive. keep just the tools panels and menus you use most at your fingertips and dock self-adjusting panels out of the way when not in use to free up your workspace. placed indesign files reuse layouts by placing indd files in another indesign document. links remain intact and indesign automatically notifies you of updates to the linked indd file. rule-based layouts from xml use scripts that apply rules to automatically build page layouts and format text and graphics from xml content. automation through scripting automate tasks by writing scripts in javascript applescript and vbscript. attach a javascript to a menu command so it runs automatically when the command is chosen and protect scripts for commercial use through enhanced javascript. create xhtml files for product listings and more. you can select the objects you want to export to xhtml if you don't want to export an entire document. inspect and manage xml data with the structure pane. additional features extensive integration work smoothly with adobe photoshop illustrator acrobat incopy and dreamweaver software; enjoy consistency by using shared presets and color settings; work more efficiently with native file format support; and easily publish to multiple media. reliable prepress and printing have confidence in your output. get accurate consistent results every time you print using sophisticated preview capabilities exporting reliable adobe pdf files and sharing custom presets. professional typographical controls compose beautiful typography using professional controls including the paragraph composer opentype fonts drop caps glyphs and optical kerning and margin alignment. full-featured tables create richly formatted tables. import tab-delimited text files and styled microsoft word or excel tables or build tables in indesign. apply a wide variety of formatting options manually or using table and cell styles. smart text handling control your text with intelligent text-handling features including the ability to import styled text from microsoft word files apply complex text wraps around objects and comprehensively replace fonts. scripting and extensibility accelerate and simplify workflows by automating processes using scripts and extending the capabilities of indesign using the extendscript toolkit. creative effects apply new visual effects such as inner glow or bevel and emboss using an interface that's consistent with adobe photoshop to specify offset angle and other options. apply effects independently to an object's stroke fill and content. gradient feathers create beautiful effects by applying masks that contain gradients so the objects fade into the background. customize options such as gradient angles and fade rates all within adobe indesign. adobe-standard user interface get up to speed quickly with familiar commands tools panels and keyboard shortcuts. backward compatibility open quarkxpress 3.3-4.1x files pagemaker 6.0-7.x files and files created in earlier versions of adobe indesign in indesign interchange (inx) format in indesign cs3 to keep working with legacy files. adobe photoshop and adobe pdf layer support control the visibility of layers in imported photoshop and pdf files. experiment with design options or use multiple variations of a file in your layout all while linking to a single file. adobe pdf file export use built-in adobe pdf export presets--or create custom presets--to consistently and reliably create adobe pdf files for electronic review or final output. create iso-standard pdf/x-1a and pdf/x-3 files for high-resolution cmyk printing as well as pdf/x-4 (draft) files. table and cell styles quickly and consistently format tables using table and cell styles. even use regional cell styles to apply unique formatting to specific areas of a table such as its header footer and body. multiple undo/redo experiment freely and retrace multiple steps using the undo and redo commands. high-resolution graphics preview display graphics in high resolution for precision work or to preview the graphics within your layout. easily switch back to lower resolution view for faster onscreen display. enhanced control panel see more options in the context-sensitive control panel including transparency text wrap and rotation. customize the panel to show the options you use most frequently. custom print presets define and share custom print presets among service providers and customers for a fast reliable way to print jobs that require consistent settings for many print options. jdf integration between adobe indesign and acrobat pass jdf job information to acrobat with adobe pdf files that you export from indesign. print service providers can then streamline prepress and print processes using jdf automation. output previews prevent mistakes from occurring on press by checking plates overprinting and ink limits and help ensure the best results when printing transparency effects using output preview panels. use overprint preview mode to proof spot-color effects and overprint settings. preflight and packaging avoid delays and costly production errors by preflighting documents to check for problems. then package them for print or web handoff or export them as adobe pdf files. consistent color synchronize icc-based color management settings across adobe applications to achieve consistent color onscreen. exchange swatches across the components of adobe creative suite 3 design software. flexible xml workflows use xml rules to dynamically generate documents with formatting and graphics based on imported xml and apply xslt style sheets when importing or exporting xml content. automation through scripting automate tasks by writing scripts in javascript applescript and vbscript. attach a javascript to a menu command so it runs automatically when the command is chosen and protect scripts for commercial use through enhanced javascript. extendscript utility use the extendscript toolkit to create edit and debug javascripts in indesign.,note: this is the upgrade from pagemaker version of adobe indesign cs3. explore more creative possibilities and experience new levels of productivity using adobe indesign cs3 upgrade page layout software. built for demanding workflows indesign integrates smoothly with the adobe tools you use every day streamlines repetitive tasks reliably outputs pages and offers powerful features for creating richer more complex documents. design and produce professional page layouts. import and place several files at the same time with the new multi-file place feature. in the new indesign cs3 workspace you can collapse panels as horizontally labeled icons. add gradient stops to create a feather effect. explore new creative possibilities discover a world of design possibilities with indesign cs3. expanded creative tools and options allow you to experiment quickly and flexibly and create sophisticated effects for text images and objects from within your page layout application. apply effects such as inner glows and bevels without having to update linked files. finer transparency control allows you to apply transparency independently on an object's stroke fill or content. fade objects into the background using gradient feathers. and set beautiful typography using professional tools. be more productive boost your efficiency through new and enhanced productivity tools that make it faster and easier to lay out export and print graphically rich pages. support for styled tables and table cells as well as a host of powerful layout features including an expanded find/change feature allow you to easily apply global formatting and consistently edit text and objects. and work efficiently thanks to tight integration with other adobe tools and technologies; native file format support; and consistent reliable adobe pdf output. automate routine tasks save time and money by automating production workflows using indesign cs3. from robust long-document support to flexible xml import indesign offers powerful features that minimize repetitive tasks. streamline the creation of long documents with features such as advanced bullets and numbering as well as running headers and footers. accelerate routine tasks by writing scripts and generate layouts from xml content with flexible and robust script-based rules. audience benefit graphic designers discover new levels of creative freedom and productivity with adobe indesign cs3 software. tightly integrated with the adobe applications you use most indesign cs3 delivers efficient production workflows and a more fluid creative environment for designing professional layouts with sophisticated graphics and typography. adobe pagemaker users there's never been a better time for pagemaker users to switch to adobe indesign cs3 software. with its built-in support for familiar pagemaker features such as multiple undo robust style support flexible gradients easy table creation and more indesign cs3 brings you a new level of creative freedom and productivity. it's also packed with features to help smooth your transition including support for converting pagemaker 6.0-7.x files a set of pagemaker compatible keyboard shortcuts and popular pagemaker features such as data merge and print booklet for imposition. with an exclusive upgrade price for licensed pagemaker users indesign cs3 delivers superb functionality at a compelling value. print service providers adobe indesign cs3 software addresses the needs of print professionals worldwide for reliable consistent output controls. encourage your customers to preflight and package their indesign projects to help ensure smoother handoffs. prevent costly errors on press by evaluating and adjusting separations overprint and transparency flattener settings onscreen. then use print presets to output files more efficiently. easily set up high-end adobe pdf-based print production workflows automate processes using jdf and provide adobe pdf export presets to customers to get the best results. with indesign cs3 you can exercise exacting control over your print production workflow. it professionals and developers invest in adobe indesign cs3 software for professional page layout to help streamline production reduce costs and increase quality in your publishing workflows. tight integration with other adobe applications and built-in support for native adobe file formats helps shorten production cycles while better supporting all-digital workflows. indesign snippets style sets custom workspaces and other resources allow teams to work more efficiently and consistently. flexible xml import and export controls plus robust scripting support lay a strong foundation for automating workflows and efficiently publishing to multiple media. join leading publishers and design organizations worldwide in achieving higher productivity with better quality and lower costs using indesign cs3. the effects button is one of many new options included in the context-sensitive control panel (above) as well as being available in the effects panel itself. top ten new features creative effects and controls design compelling page layouts that include transparency creative effects and gradient feathers. since effects are live and nondestructive you can experiment with ease. apply effects independently to an object's stroke fill or content. productivity enhancements perform a variety of tasks more efficiently using new and enhanced productivity features including multi-file place quick apply faster frame fitting and the visual pages panel. table and cell styles quickly and consistently format tables using table and cell styles. even use regional cell styles to apply unique formatting to specific areas of a table such as its header footer and body. robust long-document support maintain consistency and streamline the production of long documents using advanced bullets and numbering running headers and footers and synchronized master pages. advanced find/change on text and objects apply changes to text and object attributes across one or more documents. include master pages footnotes and locked or hidden layers in a search; save search settings for easy reuse; and perform grep pattern-based searches on strings of text. xhtml export enable multiformat publishing including print-to-web workflows by exporting adobe indesign content as xhtml. edit the exported content in adobe dreamweaver cs3 software (available separately) and automatically format it using cascading style sheets. intuitive and customizable workspace work in an environment that makes it easier to be productive. keep just the tools panels and menus you use most at your fingertips and dock self-adjusting panels out of the way when not in use to free up your workspace. placed indesign files reuse layouts by placing indd files in another indesign document. links remain intact and indesign automatically notifies you of updates to the linked indd file. rule-based layouts from xml use scripts that apply rules to automatically build page layouts and format text and graphics from xml content. automation through scripting automate tasks by writing scripts in javascript applescript and vbscript. attach a javascript to a menu command so it runs automatically when the command is chosen and protect scripts for commercial use through enhanced javascript. create xhtml files for product listings and more. you can select the objects you want to export to xhtml if you don't want to export an entire document. inspect and manage xml data with the structure pane. additional features extensive integration work smoothly with adobe photoshop illustrator acrobat incopy and dreamweaver software; enjoy consistency by using shared presets and color settings; work more efficiently with native file format support; and easily publish to multiple media. reliable prepress and printing have confidence in your output. get accurate consistent results every time you print using sophisticated preview capabilities exporting reliable adobe pdf files and sharing custom presets. professional typographical controls compose beautiful typography using professional controls including the paragraph composer opentype fonts drop caps glyphs and optical kerning and margin alignment. full-featured tables create richly formatted tables. import tab-delimited text files and styled microsoft word or excel tables or build tables in indesign. apply a wide variety of formatting options manually or using table and cell styles. smart text handling control your text with intelligent text-handling features including the ability to import styled text from microsoft word files apply complex text wraps around objects and comprehensively replace fonts. scripting and extensibility accelerate and simplify workflows by automating processes using scripts and extending the capabilities of indesign using the extendscript toolkit. creative effects apply new visual effects such as inner glow or bevel and emboss using an interface that's consistent with adobe photoshop to specify offset angle and other options. apply effects independently to an object's stroke fill and content. gradient feathers create beautiful effects by applying masks that contain gradients so the objects fade into the background. customize options such as gradient angles and fade rates all within adobe indesign. adobe-standard user interface get up to speed quickly with familiar commands tools panels and keyboard shortcuts. backward compatibility open quarkxpress 3.3-4.1x files pagemaker 6.0-7.x files and files created in earlier versions of adobe indesign in indesign interchange (inx) format in indesign cs3 to keep working with legacy files. adobe photoshop and adobe pdf layer support control the visibility of layers in imported photoshop and pdf files. experiment with design options or use multiple variations of a file in your layout all while linking to a single file. adobe pdf file export use built-in adobe pdf export presets--or create custom presets--to consistently and reliably create adobe pdf files for electronic review or final output. create iso-standard pdf/x-1a and pdf/x-3 files for high-resolution cmyk printing as well as pdf/x-4 (draft) files. table and cell styles quickly and consistently format tables using table and cell styles. even use regional cell styles to apply unique formatting to specific areas of a table such as its header footer and body. multiple undo/redo experiment freely and retrace multiple steps using the undo and redo commands. high-resolution graphics preview display graphics in high resolution for precision work or to preview the graphics within your layout. easily switch back to lower resolution view for faster onscreen display. enhanced control panel see more options in the context-sensitive control panel including transparency text wrap and rotation. customize the panel to show the options you use most frequently. custom print presets define and share custom print presets among service providers and customers for a fast reliable way to print jobs that require consistent settings for many print options. jdf integration between adobe indesign and acrobat pass jdf job information to acrobat with adobe pdf files that you export from indesign. print service providers can then streamline prepress and print processes using jdf automation. output previews prevent mistakes from occurring on press by checking plates overprinting and ink limits and help ensure the best results when printing transparency effects using output preview panels. use overprint preview mode to proof spot-color effects and overprint settings. preflight and packaging avoid delays and costly production errors by preflighting documents to check for problems. then package them for print or web handoff or export them as adobe pdf files. consistent color synchronize icc-based color management settings across adobe applications to achieve consistent color onscreen. exchange swatches across the components of adobe creative suite 3 design software. flexible xml workflows use xml rules to dynamically generate documents with formatting and graphics based on imported xml and apply xslt style sheets when importing or exporting xml content. automation through scripting automate tasks by writing scripts in javascript applescript and vbscript. attach a javascript to a menu command so it runs automatically when the command is chosen and protect scripts for commercial use through enhanced javascript. extendscript utility use the extendscript toolkit to create edit and debug javascripts in indesign.,adobe,adobe,199,199,199.0,199.0
default_wag,results/model_checkpoints/20260715_195803_seed1337_20005214_best_step1500.pt,1500,amazon_google_price_both,cross_source,False,0.99998856,1,"title, description, price_text, price_numeric",578,979,,,,,,,,,,,,,,,,,,,,,,,,,,,,,,,,,,,,,,,,,,,,,kaplan sat/act/psat platinum 2007 win/mac,kaplan sat/act/psat gold 2007 win/mac,,,,,,,,,,,,,,,,,,,,,kaplan has helped more than 3 million students score higher on admission exams and get into the nation's top colleges and universities. kaplan's effective program of practice review and test-taking strategies has made higher score sat act psat the bestselling test prep software brand. you wil score higher. completely redesigned for the new sat changes to the sat for 2006: verbal section renamed critical reading elimination of verbal section analogy questions paragraph-length critical reasoning questions added to the critical reading section algebra ii material added to the math section quantitative comparisons eliminated from the math section new 2-part writing section featuring essay & multiple-choice sub-sections new 2400 perfect sat score (800 per critical reading math & writing sections) essential review offers a critical second look at exam sub-sections providing supplemental strategies and study materials. kaplan guidebooks: straight talk about paying for college parent's guide to college admissions,sat act and psat 2007 gold,topics entertainment,topics entertainment,49.99,29.99,49.99,29.99
default_wag,results/model_checkpoints/20260715_195803_seed1337_20005214_best_step1500.pt,1500,amazon_google_price_both,cross_source,False,0.99998844,1,"title, description, price_text, price_numeric",507,524,,,,,,,,,,,,,,,,,,,,,,,,,,,,,,,,,,,,,,,,,,,,,encore software 11253 - brain food games: cranium collection 2006 sb cs by encore,encore software 11252 - brain food games: cranium collection 2006 - win 98 me 2000 xp,,,,,,,,,,,,,,,,,,,,,encore software 11253 : brain food games: cranium collection 2006 sb cs by encore - 11253,encore software 11252 : brain food games cranium collection is back and better than ever! new content new games to train your brain for maximum efficiency! system requirements: windows 2000 sp4/xp (home& pro) sp2³ pentium iii 450 mhz processor or ...,,,17.97,18.97,17.97,18.97
default_wag,results/model_checkpoints/20260715_195803_seed1337_20005214_best_step1500.pt,1500,amazon_google_price_both,cross_source,False,0.9999882,1,"title, description, price_text, price_numeric",18,673,,,,,,,,,,,,,,,,,,,,,,,,,,,,,,,,,,,,,,,,,,,,,ulead videostudio 11,ulead videostudio 11 plus,,,,,,,,,,,,,,,,,,,,,ulead videostudio 11 is an all-in-one solution for producing professional-looking videos sideshows and dvds with dolby digital sound. more than just an upgrade of the previous version this works with windows vista certified software makes a quantum leap forward in offer new users of movie editing software some of the industry's most professional easiest-to-use editing features. videostudio 11 offers an easy step-by-step workflow that lets you spend your time being creative rather than learning technical editing. with timesaving template-based wizards and powerful hands-on tools it will let you express your creativity without the hassle of confusing software interfaces or processes. find out which version of videostudio is right for you. view comparison chart. view larger. videostudio lets you create movies in three easy steps. imagine the movies you'll make widely regarded for its powerful features and unmatched ease of use videostudio now includes the industry's first avchd editing solution enhanced dv-to-dvd wizard and movie wizard features more title/subtitle and overlay tools and a host of quick-fix solutions for common video problems including automatic color/tone correction. the movie wizard is ideal for users new to video editing. you can select from several attractive themes and let auto-editing create a professional opening sequence for you and in three easy steps you'll have a complete movie ready to share with the world. features that set videostudio 11 apart from the competition include the new mpeg optimizer. an industry first the mpeg optimizer helps users choose the best mpeg settings for rendering video when combining clips in multiple formats. it analyzes the bitrates of all clips on the timeline and suggests encoding settings to ensure the least re-rendering for the best quality and speed. users can also now safely pause rendering at any time when they need to do something that requires more pc resources. videostudio 11 supports all popular formats including standard and high-definition video images and audio. video can be captured from virtually any video source: dv camcorders (including hdv and avchd camcorders) hard drive camcorders (mod file format) usb camcorder devices mobile phones set-top dvd recorders digital and analog tv tuners vcrs and webcams. with the convenient dv-to-dvd wizard you will have the fastest and easiest way to convert dv from your camcorder to a dvd. videostudio 11 includes complete dvd authoring functionality which will let you create both dvds and hd-dvds with multimedia menus in just a few clicks. just hook up your camcorder and choose the clips you want. in just two steps you have a finished dvd complete with menus titles transitions and music. if you're a more advanced user you have the option of customizing and creating powerful and exciting dvd menus that include corel's smartscene technology bringing true interactivity to dvd menus. professional filtering and authoring features whether your using clips taken from the web or from old vhs tapes videstudio has you covered. already equipped with an anti-shake filter and enhance lighting filter the software now offers several new filtering features that set a new standard in quality. based on new image correction algorithms the new auto color and tone feature auto-corrects the color and tone of videos recorded in low light or less-than-perfect white balance conditions. a deblock filter has been added to clean up videos with blocky compression artifacts such as those downloaded from the web while a new desnow filter reduces noise found in video digitized from analog sources such as vhs tapes. when it's time to create menus and prepare your movie for distribution videostudio will give you all the professional tools you need. you can create fully-interactive dvd motion menus and submenus including 16:9 widescreen. you can also customize menus by resizing and positioning buttons and apply menu transitions that segue smoothly between menus and dvd content. the software's menu filters will also allow you to create movement even on static menus for professional-looking dvds. videostudio also has a full array of output templates for creating video for ipod psp zune smartphones pdas and other portable devices. with the included intervideo windvd player you can also share your standard and high-definition video (avchd mpeg-2 hd/wmv-hd) directly from your computer giving you the flexibility you need to review and share your movies.,ulead videostudio 11 plus is a complete end-to-end hd dvd solution and video editing and dvd authoring software for anyone who wants to easily produce professional-looking videos slide shows and dvds. this editing software lets you capture video from the latest hd camcorders and create amazing high-definition dvds. with timesaving template-based wizards and powerful hands-on tools it will let you express your creativity without the hassle of confusing software interfaces or processes. find out which version of videostudio is right for you. view comparison chart. view larger. burn hd dvd authored projects or folders to hd dvd-r or dvd discs. advanced movie wizard templates let you make movies in three easy steps. preview window for overlays show original overlay image. imagine the movies you'll make the videostudio plus editor gives you all the tools you need to produce professional quality movies. an easy step-by-step workflow lets you spend your time being creative rather than learning technical editing. the movie wizard is ideal for users new to video editing. you can select from several attractive themes and let auto-editing create a professional opening sequence for you and in three easy steps you'll have a complete movie ready to share with the world. you'll be amazed with the range of high-quality features you can choose from to enhance your movie. just hook up your camcorder and choose the clips you want. thanks to the dv-to-dvd wizard in just two steps you'll have a finished dvd complete with menus titles transitions and music. then with a single click you can turn your two-channel stereo sound track creation into an immersive dolby digital 5.1 surround sound experience that's ready for the multiplexes. the program's high-definition authoring technology lets you author hd dvd discs with crisp professional 16:9 high-definition menus. you can switch between 4:3 and 16:9 authoring modes and between standard and high-definition output at any time. easy-to-use menu templates give a professional polish to your production and a timeline chapter point bar enables you to add title chapter points directly to the timeline for a more intuitive way to set the dvd organization. even if you're working on a mid-range machine videostudio plus's purehd editing with smart proxy and purehd authoring and output features make it easy to work in hd from capturing and editing hd video and authoring hd menus to burning hd dvd discs. videostudio lets you burn dvd projects to hd dvd-r and -rw discs record your finished video back to tape for viewing directly from the camcorder create wmv-hd and mpeg-2 hd to play on media center pcs or new high-definition playback devices and much more. enhanced movie wizard for superior creations with videostudio plus's advanced movie wizard templates the movies you can create will be limited only by your imagination. you can create exciting movie-style openings using your video clips in multiple animated frames and it's easy to personalize your videos with your own background music and titles. the program's split by scene feature automatically detects scene changes in your video while you are capturing or in clips already captured and in the library. smart pan and zoom automatically recognizes faces in photos and creates dynamic slide shows. you can also scan your dv tape to generate a thumbnail list of all your clips and then select and batch capture only the clips you want. videostudio plus can also help you to create professional quality titles subtitles and menus. the program supports the unicode character set to simplify multi-language titles. you can create multiple titles that appear at the same time position format and animate each title independently and even edit titles on-screen mixing fonts character sizes and colors. for special title effects you can apply text backdrops with solid or color gradients and transparency animate titles in any of 8 motion styles and even rotate titles directly in the preview window to any angle you like. when it's time to put the finishing touches on your menus you'll have access to tools that will create menu transitions just like blockbuster hollywood dvds. you can set menu-in and menu-out transitions to smoothly go into the next title or menus. you'll have your choice from a wide range of menu options from traditional-style menus with motion buttons to slick-looking menus with text-only buttons. motion filters can create movement even on static menus giving you the ability to select an image for a background and bring it to life with ripples spotlight effects or pan and zooms. best of all you can preview menu behavior at any time in the authoring process. the most complete video solution by supporting all popular formats videostudio plus lets you work with standard and high-definition video images and audio from virtually any video source including dv dvd hdv and avchd camcorders mobile phones web cams and more. the software's comprehensive output options let you save your final video in most popular video formats and the batch convert process saves time when you need to change multiple video files from one format to another. among the devices you can create for are virtually any handheld device including apple ipod sony psp zune nokia mobile phones pdas and other portable devices. you can even compress short movies into email-friendly versions and send them directly from the program. videostudio also comes several bonus features including intervideo windvd8 (silver) a great software dvd player that plays back any video and audio files including avchdl; neptune mediashare which provides you with space on the web where you can share movies with your family and friends; and movie screensaver which creates windows screen savers based on your favorite slide show or video clips complete with music.,corel,corel,89.99,129.99,89.99,129.99
default_wag,results/model_checkpoints/20260715_195803_seed1337_20005214_best_step1500.pt,1500,amazon_google_price_both,cross_source,False,0.9999882,4,title,131,252,,,,,,,,,,,,,,,,,,,,,,,,,,,,,,,,,,,,,,,,,,,,,adobe indesign cs3 for mac upgrade,adobe indesign cs3 for mac upgrade from pagemaker,,,,,,,,,,,,,,,,,,,,,system requirements powerpc g4 or g5 or intel core processor mac os x v10.4.8 256mb ram (512mb recommended) 1.6gb free hard-disk space (additional space required during installation) 1024 x 768 display resolution with 16-bit video card dvd-rom drive ...,system requirements powerpc g4 or g5 or intel core processor mac os x v10.4.8 256mb ram (512mb recommended) 1.6gb free hard-disk space (additional space required during installation) 1024 x 768 display resolution with 16-bit video card dvd-rom drive ...,,,205.99,205.99,205.99,205.99
default_wag,results/model_checkpoints/20260715_195803_seed1337_20005214_best_step1500.pt,1500,amazon_google_price_both,cross_source,False,0.9999882,1,"title, description, price_text, price_numeric",755,1069,,,,,,,,,,,,,,,,,,,,,,,,,,,,,,,,,,,,,,,,,,,,,mavis beacon teaches typing deluxe v17,mavis beacon teaches typing 17 standard,,,,,,,,,,,,,,,,,,,,,mavis beacon teaches typing 17 deluxe brings back the classic typing tutorial. let mavis beacon monitor your typing skills as you complete the wide range of lessons and exercises included here. the software monitors your progress flagging your weak spots and offering challenging lessons to help you improve your keyboard skills. download lessons to your palm pilot for easy portable practice sessions straighten up your keyboarding skills -- correct your posture and physical alignment with ergonomic evaluation videos includes bonus software - perfect and update your résumé with the print shop resume pro for pc,for the past 12 years in a row mavis beacon teaches typing has been the best-selling typing tutorial on the market and has garnered over 15 prestigious awards including the teacher's choice and parent's choice awards. with the mavis beacon teaches typing 17 that tradition is certain to continue with several new and advanced performance-based programs that adjust to your skill level and provide instant feedback on every exercise. polish your typing skills to finish work faster and put yourself on the path to maximum productivity and higher salaries. view larger. exercise your typing fingers with more than 188 practice lessons and 91 custom lessons. view larger. with the information technology economy expanding with no end in sight keeping up with your typing skills is more important than ever. knowing how to type fast and accurately is not a job for just secretaries and data entry personnel any more; writers web developers and professionals in all fields can improve their income potential and value by optimizing their typing speed and accuracy. mavis beacon teaches typing 17 helps you to exercise your typing fingers with more than 188 practice lessons and 91 custom lessons. a truly interactive program mavis beacon teaches typing 17 analyzes your typing patterns and helps you to eliminate bad habits. and to customize your learning experience the software lets you choose the user profile that best suits your abilities including a special kids and teens profile. to help keep young typists motivated the program has 10 arcade-style games that make practicing fun. and now that text messaging has become a staple of modern life typing is no longer limited to the qwerty keyboard! mavis beacon offers practice in both text messaging including the use of truly gr8 shortcuts that will increase your messaging sklz and make you extremely :>). the software also has exercises designed to improve your html coding. an enhanced user interface is compatible with wide screen laptops and leaves your desktop more accessible even while the program is running. and to make typing as fun as possible you can even jazz up your lessons by importing your own mp3 files to listen to while you practice.,encore software,encore software,39.99,19.99,39.99,19.99
default_wag,results/model_checkpoints/20260715_195803_seed1337_20005214_best_step1500.pt,1500,amazon_google_price_both,cross_source,False,0.9999881,3,"title, description",154,774,,,,,,,,,,,,,,,,,,,,,,,,,,,,,,,,,,,,,,,,,,,,,reel deal casino quest (win 95 98 me 2000 xp),reel deal casino championship edition (win 98 me nt 2000 xp),,,,,,,,,,,,,,,,,,,,,reel deal casino quest! brings the high-paced fast action of a los vegas casino right to your pc move your character through the bustling casino to explore every corner and every game. enter tournaments to achieve master status of each game and ...,reel deal casino championship edition offers players the widest variety of casino styled games ever; adding 5 new hot games including shuffle master's popular 4-card poker. phantom efx's championship edition focuses on action packed ...,,,19.95,19.95,19.95,19.95
default_wag,results/model_checkpoints/20260715_195803_seed1337_20005214_best_step1500.pt,1500,amazon_google_price_both,cross_source,False,0.9999881,3,"title, description",284,837,,,,,,,,,,,,,,,,,,,,,,,,,,,,,,,,,,,,,,,,,,,,,apple garageband jam pack: world music,apple garageband jam pack: rhythm section,,,,,,,,,,,,,,,,,,,,,garageband jam pack: world music lets you assemble intriguing musical compositions from 300 apple loops from nearly every corner of the globe. rare and exotic instruments from asia africa the middle east india europe the united kingdom south and central america cuba and jamaica are all at your fingertips. over 3000 apple loops and 40 software instruments add exotic flavor to your garageband compositions or add creative flair to projects in imovie idvd and iphoto. this is an auxiliary pack for owners of garageband (or logic express 7 or logic pro) software,with apple's garageband jam pack 3: rhythm section you'll create beats that sound like they'll be international hits. work with an impressive array of drum kits percussion basses guitars and other essential instruments. build unique tracks with loops for rock blues jazz and country songs. fo undation elements include more than 1000 loops of drum beats and fills and 1000 more bass lines guitar and keyboard riffs and chord progressions. from modern rock beats to country shuffles to pop grooves from around the world jam pack 3: rhythm section gives you core elements to help construct your songs.,apple,apple,99,99,99.0,99.0
default_wag,results/model_checkpoints/20260715_195803_seed1337_20005214_best_step1500.pt,1500,amazon_google_price_both,cross_source,False,0.9999881,3,"title, description",557,1063,,,,,,,,,,,,,,,,,,,,,,,,,,,,,,,,,,,,,,,,,,,,,jumpstart advanced preschool v2.0,jumpstart advanced 3rd grade v2.0,,,,,,,,,,,,,,,,,,,,,jumpstart advanced preschool is the complete get ready for school program. now including jumpstart toddlers it delivers more fun and engaging activities than ever in this 4-cd set. students learn: patterns upper case letters lower case letters number recognition spatial awareness counting quantities colors shapes sizes,jumpstart advanced 3rd grade has more fun and enriching learning activities to prepare children for 3rd grade. these premium features and extensive content is designed to teach children at a pace that's just right for them. the fun games and exercises keep kids engaged and learning for hours. the software adapts to individual children's learning styles helping them learn more about everything from spelling and arithmetic. subjects include: thinking skills - problem solving & critical thinking,knowledge adventure,knowledge adventure,19.99,19.99,19.99,19.99
default_wag,results/model_checkpoints/20260715_195803_seed1337_20005214_best_step1500.pt,1500,amazon_google_price_both,cross_source,False,0.99998784,3,"title, description",291,549,,,,,,,,,,,,,,,,,,,,,,,,,,,,,,,,,,,,,,,,,,,,,fogware hyb places dvd,fogware hyb history dvd,,,,,,,,,,,,,,,,,,,,,macintosh: dvd drive sound card & system no installation required windows: win 2000 xp with minimum memory of 128 megbytes dvd drive sound card & system no installation required,windows: windows 2000 xp 128 mb ram dvd drive sound card microphone for recording macintosh: os x dvd drive sound card,,,21.99,21.99,21.99,21.99
hard_negative_wag,results/model_checkpoints/20260721_200947_seed1337_bda60282_best_step1500.pt,1500,nc_voters_shared,all_pairs,False,0.9996604,2,"surname, postcode",470,726,james,james,monson,carrothers,fayetteville,fayetteville,28304,28301,,,,,,,,,,,,,,,,,,,,,,,,,,,,,,,,,,,,,,,,,,,,,,,,,,,,,,,,,,,,,,,,,,
hard_negative_wag,results/model_checkpoints/20260721_200947_seed1337_bda60282_best_step1500.pt,1500,nc_voters_shared,all_pairs,False,0.9996604,2,"surname, postcode",470,727,james,james,monson,carrothers,fayetteville,fayetteville,28304,28301,,,,,,,,,,,,,,,,,,,,,,,,,,,,,,,,,,,,,,,,,,,,,,,,,,,,,,,,,,,,,,,,,,
hard_negative_wag,results/model_checkpoints/20260721_200947_seed1337_bda60282_best_step1500.pt,1500,nc_voters_shared,all_pairs,False,0.9996604,2,"surname, postcode",470,728,james,james,monson,carrothers,fayetteville,fayetteville,28304,28301,,,,,,,,,,,,,,,,,,,,,,,,,,,,,,,,,,,,,,,,,,,,,,,,,,,,,,,,,,,,,,,,,,
hard_negative_wag,results/model_checkpoints/20260721_200947_seed1337_bda60282_best_step1500.pt,1500,nc_voters_shared,all_pairs,False,0.99953246,2,"givenname, surname",209,407,mar9aret,benjam:n,knowlea,woplston,hertford,hertford,27944,27944,,,,,,,,,,,,,,,,,,,,,,,,,,,,,,,,,,,,,,,,,,,,,,,,,,,,,,,,,,,,,,,,,,
hard_negative_wag,results/model_checkpoints/20260721_200947_seed1337_bda60282_best_step1500.pt,1500,nc_voters_shared,all_pairs,False,0.9993691,1,"surname, suburb, postcode",470,729,james,james,monson,carrothers,fayetteville,fayettevville,28304,28309,,,,,,,,,,,,,,,,,,,,,,,,,,,,,,,,,,,,,,,,,,,,,,,,,,,,,,,,,,,,,,,,,,
hard_negative_wag,results/model_checkpoints/20260721_200947_seed1337_bda60282_best_step1500.pt,1500,nc_voters_shared,all_pairs,False,0.99871385,1,"givenname, surname, suburb",369,700,cletus,lija,ridenhour,welch,concord,conkord,28025,28025,,,,,,,,,,,,,,,,,,,,,,,,,,,,,,,,,,,,,,,,,,,,,,,,,,,,,,,,,,,,,,,,,,
hard_negative_wag,results/model_checkpoints/20260721_200947_seed1337_bda60282_best_step1500.pt,1500,nc_voters_shared,all_pairs,False,0.99871385,1,"givenname, surname, suburb",370,700,cletus,lija,ridenhour,welch,concord,conkord,28025,28025,,,,,,,,,,,,,,,,,,,,,,,,,,,,,,,,,,,,,,,,,,,,,,,,,,,,,,,,,,,,,,,,,,
hard_negative_wag,results/model_checkpoints/20260721_200947_seed1337_bda60282_best_step1500.pt,1500,nc_voters_shared,all_pairs,False,0.99871385,1,"givenname, surname, suburb",371,700,cletus,lija,ridenhour,welch,concord,conkord,28025,28025,,,,,,,,,,,,,,,,,,,,,,,,,,,,,,,,,,,,,,,,,,,,,,,,,,,,,,,,,,,,,,,,,,
hard_negative_wag,results/model_checkpoints/20260721_200947_seed1337_bda60282_best_step1500.pt,1500,nc_voters_shared,all_pairs,False,0.9985495,2,"givenname, surname",172,457,jusy,joseph,porvter,taylor,huntersville,huntersville,28078,28078,,,,,,,,,,,,,,,,,,,,,,,,,,,,,,,,,,,,,,,,,,,,,,,,,,,,,,,,,,,,,,,,,,
hard_negative_wag,results/model_checkpoints/20260721_200947_seed1337_bda60282_best_step1500.pt,1500,nc_voters_shared,all_pairs,False,0.9985495,2,"givenname, surname",172,458,jusy,joseph,porvter,taylor,huntersville,huntersville,28078,28078,,,,,,,,,,,,,,,,,,,,,,,,,,,,,,,,,,,,,,,,,,,,,,,,,,,,,,,,,,,,,,,,,,
hard_negative_wag,results/model_checkpoints/20260721_200947_seed1337_bda60282_best_step1500.pt,1500,nc_voters_shared,all_pairs,False,0.99704176,0,"givenname, surname, suburb, postcode",641,762,juy,amoty,hunt,browm,lumberzon,roanoke rapids,28358,27870,,,,,,,,,,,,,,,,,,,,,,,,,,,,,,,,,,,,,,,,,,,,,,,,,,,,,,,,,,,,,,,,,,
hard_negative_wag,results/model_checkpoints/20260721_200947_seed1337_bda60282_best_step1500.pt,1500,nc_voters_shared,all_pairs,False,0.99696845,2,"givenname, surname",369,698,cletus,lisa,ridenhour,welch,concord,concord,28025,28025,,,,,,,,,,,,,,,,,,,,,,,,,,,,,,,,,,,,,,,,,,,,,,,,,,,,,,,,,,,,,,,,,,
hard_negative_wag,results/model_checkpoints/20260721_200947_seed1337_bda60282_best_step1500.pt,1500,nc_voters_shared,all_pairs,False,0.99696845,2,"givenname, surname",369,699,cletus,lisa,ridenhour,welch,concord,concord,28025,28025,,,,,,,,,,,,,,,,,,,,,,,,,,,,,,,,,,,,,,,,,,,,,,,,,,,,,,,,,,,,,,,,,,
hard_negative_wag,results/model_checkpoints/20260721_200947_seed1337_bda60282_best_step1500.pt,1500,nc_voters_shared,all_pairs,False,0.99696845,2,"givenname, surname",370,698,cletus,lisa,ridenhour,welch,concord,concord,28025,28025,,,,,,,,,,,,,,,,,,,,,,,,,,,,,,,,,,,,,,,,,,,,,,,,,,,,,,,,,,,,,,,,,,
hard_negative_wag,results/model_checkpoints/20260721_200947_seed1337_bda60282_best_step1500.pt,1500,nc_voters_shared,all_pairs,False,0.99696845,2,"givenname, surname",370,699,cletus,lisa,ridenhour,welch,concord,concord,28025,28025,,,,,,,,,,,,,,,,,,,,,,,,,,,,,,,,,,,,,,,,,,,,,,,,,,,,,,,,,,,,,,,,,,
hard_negative_wag,results/model_checkpoints/20260721_200947_seed1337_bda60282_best_step1500.pt,1500,nc_voters_shared,all_pairs,False,0.99696845,2,"givenname, surname",371,698,cletus,lisa,ridenhour,welch,concord,concord,28025,28025,,,,,,,,,,,,,,,,,,,,,,,,,,,,,,,,,,,,,,,,,,,,,,,,,,,,,,,,,,,,,,,,,,
hard_negative_wag,results/model_checkpoints/20260721_200947_seed1337_bda60282_best_step1500.pt,1500,nc_voters_shared,all_pairs,False,0.99696845,2,"givenname, surname",371,699,cletus,lisa,ridenhour,welch,concord,concord,28025,28025,,,,,,,,,,,,,,,,,,,,,,,,,,,,,,,,,,,,,,,,,,,,,,,,,,,,,,,,,,,,,,,,,,
hard_negative_wag,results/model_checkpoints/20260721_200947_seed1337_bda60282_best_step1500.pt,1500,nc_voters_shared,all_pairs,False,0.9967313,3,surname,469,726,james,james,monzon,carrothers,fayetteville,fayetteville,28301,28301,,,,,,,,,,,,,,,,,,,,,,,,,,,,,,,,,,,,,,,,,,,,,,,,,,,,,,,,,,,,,,,,,,
hard_negative_wag,results/model_checkpoints/20260721_200947_seed1337_bda60282_best_step1500.pt,1500,nc_voters_shared,all_pairs,False,0.9967313,3,surname,469,727,james,james,monzon,carrothers,fayetteville,fayetteville,28301,28301,,,,,,,,,,,,,,,,,,,,,,,,,,,,,,,,,,,,,,,,,,,,,,,,,,,,,,,,,,,,,,,,,,
hard_negative_wag,results/model_checkpoints/20260721_200947_seed1337_bda60282_best_step1500.pt,1500,nc_voters_shared,all_pairs,False,0.9967313,3,surname,469,728,james,james,monzon,carrothers,fayetteville,fayetteville,28301,28301,,,,,,,,,,,,,,,,,,,,,,,,,,,,,,,,,,,,,,,,,,,,,,,,,,,,,,,,,,,,,,,,,,
hard_negative_wag,results/model_checkpoints/20260721_200947_seed1337_bda60282_best_step1500.pt,1500,nc_voters_changed,all_pairs,False,0.9995316,1,"surname, suburb, postcode",145,486,james,james,pricge,vanzile,high point,cary,2726z,27519,,,,,,,,,,,,,,,,,,,,,,,,,,,,,,,,,,,,,,,,,,,,,,,,,,,,,,,,,,,,,,,,,,
hard_negative_wag,results/model_checkpoints/20260721_200947_seed1337_bda60282_best_step1500.pt,1500,nc_voters_changed,all_pairs,False,0.9995316,1,"surname, suburb, postcode",145,487,james,james,pricge,vanzile,high point,cary,2726z,27519,,,,,,,,,,,,,,,,,,,,,,,,,,,,,,,,,,,,,,,,,,,,,,,,,,,,,,,,,,,,,,,,,,
hard_negative_wag,results/model_checkpoints/20260721_200947_seed1337_bda60282_best_step1500.pt,1500,nc_voters_changed,all_pairs,False,0.9995316,1,"surname, suburb, postcode",145,488,james,james,pricge,vanzile,high point,cary,2726z,27519,,,,,,,,,,,,,,,,,,,,,,,,,,,,,,,,,,,,,,,,,,,,,,,,,,,,,,,,,,,,,,,,,,
hard_negative_wag,results/model_checkpoints/20260721_200947_seed1337_bda60282_best_step1500.pt,1500,nc_voters_changed,all_pairs,False,0.9995316,1,"surname, suburb, postcode",145,489,james,james,pricge,vanzile,high point,cary,2726z,27519,,,,,,,,,,,,,,,,,,,,,,,,,,,,,,,,,,,,,,,,,,,,,,,,,,,,,,,,,,,,,,,,,,
hard_negative_wag,results/model_checkpoints/20260721_200947_seed1337_bda60282_best_step1500.pt,1500,nc_voters_changed,all_pairs,False,0.9991074,1,"givenname, surname, postcode",297,465,char|es,chris6ina,li,earley,swannanoa,swannanoa,28778,28718,,,,,,,,,,,,,,,,,,,,,,,,,,,,,,,,,,,,,,,,,,,,,,,,,,,,,,,,,,,,,,,,,,
hard_negative_wag,results/model_checkpoints/20260721_200947_seed1337_bda60282_best_step1500.pt,1500,nc_voters_changed,all_pairs,False,0.9990357,0,"givenname, surname, suburb, postcode",493,716,sarah,geno,grebory,dudley,ashevilje,charl0tte,28803,2826g,,,,,,,,,,,,,,,,,,,,,,,,,,,,,,,,,,,,,,,,,,,,,,,,,,,,,,,,,,,,,,,,,,
hard_negative_wag,results/model_checkpoints/20260721_200947_seed1337_bda60282_best_step1500.pt,1500,nc_voters_changed,all_pairs,False,0.99887925,1,"givenname, surname, postcode",446,574,kwitlin,kamerelle,slavin5ky,gibbs,greenville,greenville,27858,27834,,,,,,,,,,,,,,,,,,,,,,,,,,,,,,,,,,,,,,,,,,,,,,,,,,,,,,,,,,,,,,,,,,
hard_negative_wag,results/model_checkpoints/20260721_200947_seed1337_bda60282_best_step1500.pt,1500,nc_voters_changed,all_pairs,False,0.99887925,1,"givenname, surname, postcode",446,575,kwitlin,kamerelle,slavin5ky,gibbs,greenville,greenville,27858,27834,,,,,,,,,,,,,,,,,,,,,,,,,,,,,,,,,,,,,,,,,,,,,,,,,,,,,,,,,,,,,,,,,,
hard_negative_wag,results/model_checkpoints/20260721_200947_seed1337_bda60282_best_step1500.pt,1500,nc_voters_changed,all_pairs,False,0.99887925,1,"givenname, surname, postcode",446,576,kwitlin,kamerelle,slavin5ky,gibbs,greenville,greenville,27858,27834,,,,,,,,,,,,,,,,,,,,,,,,,,,,,,,,,,,,,,,,,,,,,,,,,,,,,,,,,,,,,,,,,,
hard_negative_wag,results/model_checkpoints/20260721_200947_seed1337_bda60282_best_step1500.pt,1500,nc_voters_changed,all_pairs,False,0.9985,0,"givenname, surname, suburb, postcode",54,832,cynth'la,shuwanda,cool<,newkirk,new bern,raligh,28562,2761o,,,,,,,,,,,,,,,,,,,,,,,,,,,,,,,,,,,,,,,,,,,,,,,,,,,,,,,,,,,,,,,,,,
hard_negative_wag,results/model_checkpoints/20260721_200947_seed1337_bda60282_best_step1500.pt,1500,nc_voters_changed,all_pairs,False,0.99847764,0,"givenname, surname, suburb, postcode",584,832,jerr,shuwanda,mashburn,newkirk,cartage,raligh,28327,2761o,,,,,,,,,,,,,,,,,,,,,,,,,,,,,,,,,,,,,,,,,,,,,,,,,,,,,,,,,,,,,,,,,,
hard_negative_wag,results/model_checkpoints/20260721_200947_seed1337_bda60282_best_step1500.pt,1500,nc_voters_changed,all_pairs,False,0.99803096,1,"givenname, surname, postcode",394,775,tereaa,ernezt,furches,floys,winston salem,winston salem,271z7,27107,,,,,,,,,,,,,,,,,,,,,,,,,,,,,,,,,,,,,,,,,,,,,,,,,,,,,,,,,,,,,,,,,,
hard_negative_wag,results/model_checkpoints/20260721_200947_seed1337_bda60282_best_step1500.pt,1500,nc_voters_changed,all_pairs,False,0.9978992,0,"givenname, surname, suburb, postcode",266,832,jordwn,shuwanda,tait,newkirk,charl0tte,raligh,28202,2761o,,,,,,,,,,,,,,,,,,,,,,,,,,,,,,,,,,,,,,,,,,,,,,,,,,,,,,,,,,,,,,,,,,
hard_negative_wag,results/model_checkpoints/20260721_200947_seed1337_bda60282_best_step1500.pt,1500,nc_voters_changed,all_pairs,False,0.9978344,1,"givenname, surname, postcode",717,832,kristem,shuwanda,lemke,newkirk,raligh,raligh,27614,2761o,,,,,,,,,,,,,,,,,,,,,,,,,,,,,,,,,,,,,,,,,,,,,,,,,,,,,,,,,,,,,,,,,,
hard_negative_wag,results/model_checkpoints/20260721_200947_seed1337_bda60282_best_step1500.pt,1500,nc_voters_changed,all_pairs,False,0.99767846,1,"givenname, surname, postcode",112,517,tavid,dalias,barnes,joyrier,wilson,wilson,278g3,27896,,,,,,,,,,,,,,,,,,,,,,,,,,,,,,,,,,,,,,,,,,,,,,,,,,,,,,,,,,,,,,,,,,
hard_negative_wag,results/model_checkpoints/20260721_200947_seed1337_bda60282_best_step1500.pt,1500,nc_voters_changed,all_pairs,False,0.9975394,0,"givenname, surname, suburb, postcode",54,831,cynth'la,shuwanda,cool<,newkirk,new bern,ral3igh,28562,27616,,,,,,,,,,,,,,,,,,,,,,,,,,,,,,,,,,,,,,,,,,,,,,,,,,,,,,,,,,,,,,,,,,
hard_negative_wag,results/model_checkpoints/20260721_200947_seed1337_bda60282_best_step1500.pt,1500,nc_voters_changed,all_pairs,False,0.99727696,0,"givenname, surname, suburb, postcode",270,703,londa,garv,trudgeon,hocutt,mocksvilfle,zebulon,27028,27s97,,,,,,,,,,,,,,,,,,,,,,,,,,,,,,,,,,,,,,,,,,,,,,,,,,,,,,,,,,,,,,,,,,
hard_negative_wag,results/model_checkpoints/20260721_200947_seed1337_bda60282_best_step1500.pt,1500,nc_voters_changed,all_pairs,False,0.9969392,1,"givenname, surname, postcode",26,775,rian,ernezt,lajg,floys,winston salem,winston salem,27101,27107,,,,,,,,,,,,,,,,,,,,,,,,,,,,,,,,,,,,,,,,,,,,,,,,,,,,,,,,,,,,,,,,,,
hard_negative_wag,results/model_checkpoints/20260721_200947_seed1337_bda60282_best_step1500.pt,1500,nc_voters_changed,all_pairs,False,0.9969195,0,"givenname, surname, suburb, postcode",266,369,jordwn,gerqld,tait,wolford,charl0tte,claytno,28202,27527,,,,,,,,,,,,,,,,,,,,,,,,,,,,,,,,,,,,,,,,,,,,,,,,,,,,,,,,,,,,,,,,,,
hard_negative_wag,results/model_checkpoints/20260721_200947_seed1337_bda60282_best_step1500.pt,1500,nc_voters_changed,all_pairs,False,0.99653447,1,"givenname, surname, postcode",446,573,kwitlin,kamerelle,slavin5ky,gibvs,greenville,greenville,27858,27814,,,,,,,,,,,,,,,,,,,,,,,,,,,,,,,,,,,,,,,,,,,,,,,,,,,,,,,,,,,,,,,,,,
hard_negative_wag,results/model_checkpoints/20260721_200947_seed1337_bda60282_best_step1500.pt,1500,bpid_matching_balanced,all_pairs,False,0.99944514,2,"fullname, addr, dob",1334,1335,,,,,,,,,leticia gorman,maeve gorman,leticia.pena@enterprise.biz,leticia.pena@enterprise.biz,7968081428,7968081428,north dakota | ri,,2006 11 30,11 30 2006,,,,,,,,,,,,,,,,,,,,,,,,,,,,,,,,,,,,,,,,,,,,,,,,,,,,,,,,
hard_negative_wag,results/model_checkpoints/20260721_200947_seed1337_bda60282_best_step1500.pt,1500,bpid_matching_balanced,all_pairs,False,0.9990808,0,"fullname, email, phone, addr, dob",1002,1921,,,,,,,,,butts,england lilith,butts_personal@outlook.com,,,10910525,muenster 1615 whitfield st mn 43265,320 hamlet park dr 516 greenbrier 11913,jan,01 february,,,,,,,,,,,,,,,,,,,,,,,,,,,,,,,,,,,,,,,,,,,,,,,,,,,,,,,,
hard_negative_wag,results/model_checkpoints/20260721_200947_seed1337_bda60282_best_step1500.pt,1500,bpid_matching_balanced,all_pairs,False,0.9988399,0,"fullname, email, phone, addr, dob",1350,1351,,,,,,,,,finnegan pressley,,finnegan.pressley@learn.edu,finnegan.pressley@government.gov,71 592 030 3779,,breckenridge mi | hadley michigan,hadley maine | breckenridge mi,19880606,1988 06 06,,,,,,,,,,,,,,,,,,,,,,,,,,,,,,,,,,,,,,,,,,,,,,,,,,,,,,,,
hard_negative_wag,results/model_checkpoints/20260721_200947_seed1337_bda60282_best_step1500.pt,1500,bpid_matching_balanced,all_pairs,False,0.9985207,1,"email, phone, addr, dob",357,1342,,,,,,,,,,,c.smith@corp.com | cheri.smith@corp.com,,4140857802 | 1927248603,4434344014,17511 autumn leaves drive glenwood 62002,us,07 02,14 november,,,,,,,,,,,,,,,,,,,,,,,,,,,,,,,,,,,,,,,,,,,,,,,,,,,,,,,,
hard_negative_wag,results/model_checkpoints/20260721_200947_seed1337_bda60282_best_step1500.pt,1500,bpid_matching_balanced,all_pairs,False,0.9985033,1,"email, phone, addr, dob",1342,1407,,,,,,,,,,,,a.s.123@personal.net,4434344014,3497840 | 3490,us,tx 75109 united states of america 515 quail ridge drive cook 12235,14 november,03 october,,,,,,,,,,,,,,,,,,,,,,,,,,,,,,,,,,,,,,,,,,,,,,,,,,,,,,,,
hard_negative_wag,results/model_checkpoints/20260721_200947_seed1337_bda60282_best_step1500.pt,1500,bpid_matching_balanced,all_pairs,False,0.9984035,0,"fullname, email, phone, addr, dob",262,289,,,,,,,,,rosalia,nakia t erb,,janedoe.1995@university.edu,,00498142450 | 827844596,gholson 44125 | gholson nebraska 44125 united states of america | 8359 east sunset avenue gholson nebraska 44125 united states of america,24543 5 trull cir 173 tx 76641 asbury park,22 october,28 march,,,,,,,,,,,,,,,,,,,,,,,,,,,,,,,,,,,,,,,,,,,,,,,,,,,,,,,,
hard_negative_wag,results/model_checkpoints/20260721_200947_seed1337_bda60282_best_step1500.pt,1500,bpid_matching_balanced,all_pairs,False,0.99831724,2,"fullname, email, dob",284,285,,,,,,,,,alvarez,diego,alvarez.john@academy.edu | 4lvarez@company.com,alvarez.john@company.com,,,bass harbor me 53317,bass harbor me 53317,19660826,1966 08 26,,,,,,,,,,,,,,,,,,,,,,,,,,,,,,,,,,,,,,,,,,,,,,,,,,,,,,,,
hard_negative_wag,results/model_checkpoints/20260721_200947_seed1337_bda60282_best_step1500.pt,1500,bpid_matching_balanced,all_pairs,False,0.99810874,0,"fullname, email, phone, addr, dob",93,202,,,,,,,,,barrow lashonda,busby dana,987barrow@my-domain.co.uk,b.usby@university.edu | bu5by@enterprise.net,,07 193 009 10007200 | 3257078224,colorado ellston,,08 december,21 july,,,,,,,,,,,,,,,,,,,,,,,,,,,,,,,,,,,,,,,,,,,,,,,,,,,,,,,,
hard_negative_wag,results/model_checkpoints/20260721_200947_seed1337_bda60282_best_step1500.pt,1500,bpid_matching_balanced,all_pairs,False,0.9979382,0,"fullname, email, phone, addr, dob",698,699,,,,,,,,,sheffield tatyana,andrey sheffield,,a.ndrey@businessmail.com | an.drey@company.biz,7495645973,11 7495649973,1125 f avenue suite 211 higginson tx 76679 | 443 line street hubbard vt 79519,kittery point | 1125 f avenue higginson tx 76679 | ekron md 68069,1972 05 05,05 05 1972,,,,,,,,,,,,,,,,,,,,,,,,,,,,,,,,,,,,,,,,,,,,,,,,,,,,,,,,
hard_negative_wag,results/model_checkpoints/20260721_200947_seed1337_bda60282_best_step1500.pt,1500,bpid_matching_balanced,all_pairs,False,0.99709046,2,"email, phone, addr",1380,1381,,,,,,,,,parson,parson,john-smith@company.co.in | j.smith123@company.co.in,jsmith_personal@fakedomain.xyz | john-smith@gov.org,64075 | 4986 X 47,6407513068 X 6,,455 lee street apt l908 windsor sc 23341,2003,2003,,,,,,,,,,,,,,,,,,,,,,,,,,,,,,,,,,,,,,,,,,,,,,,,,,,,,,,,
hard_negative_wag,results/model_checkpoints/20260721_200947_seed1337_bda60282_best_step1500.pt,1500,bpid_matching_balanced,all_pairs,False,0.9970317,0,"fullname, email, phone, addr, dob",905,951,,,,,,,,,goldberg elinor,,guzman.hernandez@personal.info,,,8234026549,6008 boxelder cove blue springs 7642,30 mohegan place tx 75109,feb 16wed 1972,19980211,,,,,,,,,,,,,,,,,,,,,,,,,,,,,,,,,,,,,,,,,,,,,,,,,,,,,,,,
hard_negative_wag,results/model_checkpoints/20260721_200947_seed1337_bda60282_best_step1500.pt,1500,bpid_matching_balanced,all_pairs,False,0.9969374,0,"fullname, email, phone, addr, dob",947,1647,,,,,,,,,fabian,f mears,,fred123@yahoo.ca,1693732588,,21 20 30 drive 715 45177 vt | uvalde 42301 tx 75102,271 stokes road 53 wana tx 75110,1962 5 18,,,,,,,,,,,,,,,,,,,,,,,,,,,,,,,,,,,,,,,,,,,,,,,,,,,,,,,,,
hard_negative_wag,results/model_checkpoints/20260721_200947_seed1337_bda60282_best_step1500.pt,1500,bpid_matching_balanced,all_pairs,False,0.9968252,1,"fullname, phone, addr, dob",1104,1105,,,,,,,,,chelsey fain,chelsey,,,07 364 078 25594599 | 6494436988 | 7274050,6793867874 | 3263642719 | 8981692469,15 laurelwyck drive n360 78942 winona tx 75155,tx 75155 463 colony drive winona 78942 | tx 75144 thompsons 7199 winbert dr 32419,1964 06 05,06 05 1964,,,,,,,,,,,,,,,,,,,,,,,,,,,,,,,,,,,,,,,,,,,,,,,,,,,,,,,,
hard_negative_wag,results/model_checkpoints/20260721_200947_seed1337_bda60282_best_step1500.pt,1500,bpid_matching_balanced,all_pairs,False,0.99614763,4,phone,816,817,,,,,,,,,,,,,157 442 1637 | 1723847840 | 4946073256,1287742952 | 008 410 8378,60010,60010,1966 07 05,1966 07 05,,,,,,,,,,,,,,,,,,,,,,,,,,,,,,,,,,,,,,,,,,,,,,,,,,,,,,,,
hard_negative_wag,results/model_checkpoints/20260721_200947_seed1337_bda60282_best_step1500.pt,1500,bpid_matching_balanced,all_pairs,False,0.99601513,0,"fullname, email, phone, addr, dob",1065,1252,,,,,,,,,janis hensley,,,c0ll3tte@fakecollege.edu | colette123@fakecompany.co.uk,4218819177 x 63,4207492792 | 0293682830 | 12 359 476 7649,8211 north bradford court nyack ri 25985,10414 east jerome avenue suite 159 lorain jackson 24862 | 24862 | 2520 shadyside drive extension lorain 24862,,1995 10 6,,,,,,,,,,,,,,,,,,,,,,,,,,,,,,,,,,,,,,,,,,,,,,,,,,,,,,,,
hard_negative_wag,results/model_checkpoints/20260721_200947_seed1337_bda60282_best_step1500.pt,1500,bpid_matching_balanced,all_pairs,False,0.9957873,0,"fullname, email, phone, addr, dob",1479,1760,,,,,,,,,,burden,thatcher.thomas45@edu.ac.uk,,3274693958,3174496 | 5150505104,east sublette pl cole nm | 4424 looking glass lane cole nm,max rhode island 26351 usa,november,13 september,,,,,,,,,,,,,,,,,,,,,,,,,,,,,,,,,,,,,,,,,,,,,,,,,,,,,,,,
hard_negative_wag,results/model_checkpoints/20260721_200947_seed1337_bda60282_best_step1500.pt,1500,bpid_matching_balanced,all_pairs,False,0.9955042,0,"fullname, email, phone, addr, dob",318,1760,,,,,,,,,leavitt helm breonna,burden,l3av1tt@mail.io,,1695643387,3174496 | 5150505104,,max rhode island 26351 usa,03 27,13 september,,,,,,,,,,,,,,,,,,,,,,,,,,,,,,,,,,,,,,,,,,,,,,,,,,,,,,,,
hard_negative_wag,results/model_checkpoints/20260721_200947_seed1337_bda60282_best_step1500.pt,1500,bpid_matching_balanced,all_pairs,False,0.9951201,2,"fullname, email, phone",756,757,,,,,,,,,angeline reitz,angel boudreau,angeline_doe@example.com,angeline_doe@personalaccount.net,0233506205,82 0233506205 | 7247360304 | 8204251403,87825,87825,,,,,,,,,,,,,,,,,,,,,,,,,,,,,,,,,,,,,,,,,,,,,,,,,,,,,,,,,,
hard_negative_wag,results/model_checkpoints/20260721_200947_seed1337_bda60282_best_step1500.pt,1500,bpid_matching_balanced,all_pairs,False,0.995053,1,"fullname, email, phone, addr",660,661,,,,,,,,,higgins brylee,brylee tovar,h!ggins@government.gov,brylee123@govagency.org,,27565874564 | 8270814479,2060449,us,1966 02 03,1966 02 03,,,,,,,,,,,,,,,,,,,,,,,,,,,,,,,,,,,,,,,,,,,,,,,,,,,,,,,,
hard_negative_wag,results/model_checkpoints/20260721_200947_seed1337_bda60282_best_step1500.pt,1500,bpid_matching_balanced,all_pairs,False,0.9949792,0,"fullname, email, phone, addr, dob",1002,1342,,,,,,,,,butts,,butts_personal@outlook.com,,,4434344014,muenster 1615 whitfield st mn 43265,us,jan,14 november,,,,,,,,,,,,,,,,,,,,,,,,,,,,,,,,,,,,,,,,,,,,,,,,,,,,,,,,
hard_negative_wag,results/model_checkpoints/20260721_200947_seed1337_bda60282_best_step1500.pt,1500,bpid_matching_paired,paired_rows,False,0.99944514,2,"fullname, addr, dob",1334,1335,,,,,,,,,leticia gorman,maeve gorman,leticia.pena@enterprise.biz,leticia.pena@enterprise.biz,7968081428,7968081428,north dakota | ri,,2006 11 30,11 30 2006,,,,,,,,,,,,,,,,,,,,,,,,,,,,,,,,,,,,,,,,,,,,,,,,,,,,,,,,
hard_negative_wag,results/model_checkpoints/20260721_200947_seed1337_bda60282_best_step1500.pt,1500,bpid_matching_paired,paired_rows,False,0.9988399,0,"fullname, email, phone, addr, dob",1350,1351,,,,,,,,,finnegan pressley,,finnegan.pressley@learn.edu,finnegan.pressley@government.gov,71 592 030 3779,,breckenridge mi | hadley michigan,hadley maine | breckenridge mi,19880606,1988 06 06,,,,,,,,,,,,,,,,,,,,,,,,,,,,,,,,,,,,,,,,,,,,,,,,,,,,,,,,
hard_negative_wag,results/model_checkpoints/20260721_200947_seed1337_bda60282_best_step1500.pt,1500,bpid_matching_paired,paired_rows,False,0.99831724,2,"fullname, email, dob",284,285,,,,,,,,,alvarez,diego,alvarez.john@academy.edu | 4lvarez@company.com,alvarez.john@company.com,,,bass harbor me 53317,bass harbor me 53317,19660826,1966 08 26,,,,,,,,,,,,,,,,,,,,,,,,,,,,,,,,,,,,,,,,,,,,,,,,,,,,,,,,
hard_negative_wag,results/model_checkpoints/20260721_200947_seed1337_bda60282_best_step1500.pt,1500,bpid_matching_paired,paired_rows,False,0.9979382,0,"fullname, email, phone, addr, dob",698,699,,,,,,,,,sheffield tatyana,andrey sheffield,,a.ndrey@businessmail.com | an.drey@company.biz,7495645973,11 7495649973,1125 f avenue suite 211 higginson tx 76679 | 443 line street hubbard vt 79519,kittery point | 1125 f avenue higginson tx 76679 | ekron md 68069,1972 05 05,05 05 1972,,,,,,,,,,,,,,,,,,,,,,,,,,,,,,,,,,,,,,,,,,,,,,,,,,,,,,,,
hard_negative_wag,results/model_checkpoints/20260721_200947_seed1337_bda60282_best_step1500.pt,1500,bpid_matching_paired,paired_rows,False,0.99709046,2,"email, phone, addr",1380,1381,,,,,,,,,parson,parson,john-smith@company.co.in | j.smith123@company.co.in,jsmith_personal@fakedomain.xyz | john-smith@gov.org,64075 | 4986 X 47,6407513068 X 6,,455 lee street apt l908 windsor sc 23341,2003,2003,,,,,,,,,,,,,,,,,,,,,,,,,,,,,,,,,,,,,,,,,,,,,,,,,,,,,,,,
hard_negative_wag,results/model_checkpoints/20260721_200947_seed1337_bda60282_best_step1500.pt,1500,bpid_matching_paired,paired_rows,False,0.9968252,1,"fullname, phone, addr, dob",1104,1105,,,,,,,,,chelsey fain,chelsey,,,07 364 078 25594599 | 6494436988 | 7274050,6793867874 | 3263642719 | 8981692469,15 laurelwyck drive n360 78942 winona tx 75155,tx 75155 463 colony drive winona 78942 | tx 75144 thompsons 7199 winbert dr 32419,1964 06 05,06 05 1964,,,,,,,,,,,,,,,,,,,,,,,,,,,,,,,,,,,,,,,,,,,,,,,,,,,,,,,,
hard_negative_wag,results/model_checkpoints/20260721_200947_seed1337_bda60282_best_step1500.pt,1500,bpid_matching_paired,paired_rows,False,0.99614763,4,phone,816,817,,,,,,,,,,,,,157 442 1637 | 1723847840 | 4946073256,1287742952 | 008 410 8378,60010,60010,1966 07 05,1966 07 05,,,,,,,,,,,,,,,,,,,,,,,,,,,,,,,,,,,,,,,,,,,,,,,,,,,,,,,,
hard_negative_wag,results/model_checkpoints/20260721_200947_seed1337_bda60282_best_step1500.pt,1500,bpid_matching_paired,paired_rows,False,0.9951201,2,"fullname, email, phone",756,757,,,,,,,,,angeline reitz,angel boudreau,angeline_doe@example.com,angeline_doe@personalaccount.net,0233506205,82 0233506205 | 7247360304 | 8204251403,87825,87825,,,,,,,,,,,,,,,,,,,,,,,,,,,,,,,,,,,,,,,,,,,,,,,,,,,,,,,,,,
hard_negative_wag,results/model_checkpoints/20260721_200947_seed1337_bda60282_best_step1500.pt,1500,bpid_matching_paired,paired_rows,False,0.995053,1,"fullname, email, phone, addr",660,661,,,,,,,,,higgins brylee,brylee tovar,h!ggins@government.gov,brylee123@govagency.org,,27565874564 | 8270814479,2060449,us,1966 02 03,1966 02 03,,,,,,,,,,,,,,,,,,,,,,,,,,,,,,,,,,,,,,,,,,,,,,,,,,,,,,,,
hard_negative_wag,results/model_checkpoints/20260721_200947_seed1337_bda60282_best_step1500.pt,1500,bpid_matching_paired,paired_rows,False,0.994913,1,"fullname, email, addr, dob",666,667,,,,,,,,,whittington treasure,butler macleod sky,wh1tt1ngton@acme.biz,wh1tt1ngton@acme.biz | janedoe789@enterprise.biz,7927549769,7927549769,2054723 peralta 4255 west highway 20 north dakota | 7635 meadowbriar cove north dakota peralta 2054723,,1976 05 18,18 may 1976,,,,,,,,,,,,,,,,,,,,,,,,,,,,,,,,,,,,,,,,,,,,,,,,,,,,,,,,
hard_negative_wag,results/model_checkpoints/20260721_200947_seed1337_bda60282_best_step1500.pt,1500,bpid_matching_paired,paired_rows,False,0.9920725,2,"fullname, email, phone",1072,1073,,,,,,,,,collins montague b,ran collin weather,collinsp@edu.gov,collinsp@gmail.com,1261522541,,657 8th avenue southwest brookton greenbrier 2067202 united states of america,657 8th avenue southwest brookton greenbrier 2067202 united states of america,1960,1960,,,,,,,,,,,,,,,,,,,,,,,,,,,,,,,,,,,,,,,,,,,,,,,,,,,,,,,,
hard_negative_wag,results/model_checkpoints/20260721_200947_seed1337_bda60282_best_step1500.pt,1500,bpid_matching_paired,paired_rows,False,0.99127555,2,"fullname, email, phone",968,969,,,,,,,,,sue eitzer jeter,furman h susan,suzanne.johnson@enterprise.co.uk | sue.johnson@techsavvy.io,sue.johnson@techsavvy.io,6 6793301600,6793301600,,,19991219,19991219,,,,,,,,,,,,,,,,,,,,,,,,,,,,,,,,,,,,,,,,,,,,,,,,,,,,,,,,
hard_negative_wag,results/model_checkpoints/20260721_200947_seed1337_bda60282_best_step1500.pt,1500,bpid_matching_paired,paired_rows,False,0.9909526,2,"email, phone, addr",1666,1667,,,,,,,,,wicker,wicker,wicker_j@privateemail.me,wicker_jones@businessmail.com,,428 508 610 6780,7414 west taro ln y397 pumpkintown roosevelt 7922 | 5566 north sunfish place 321 pumpkintown roosevelt 7922,3450 norwich road pumpkintown roosevelt | 1325 weatherbee dr roosevelt 7922,24 03 1964,24 03 1964,,,,,,,,,,,,,,,,,,,,,,,,,,,,,,,,,,,,,,,,,,,,,,,,,,,,,,,,
hard_negative_wag,results/model_checkpoints/20260721_200947_seed1337_bda60282_best_step1500.pt,1500,bpid_matching_paired,paired_rows,False,0.99073786,1,"fullname, email, phone, addr",838,839,,,,,,,,,bartlett aja,suzi bartlett,bArtlett@academe.edu,suzismith@academe.edu,2 7028844648,7027644538,7999 bryants landing road palenville tx 75110 | 1090 morris road talpa tx 75155 | dillon 2085170 hamilton square,,16 02 1962,16 02 1962,,,,,,,,,,,,,,,,,,,,,,,,,,,,,,,,,,,,,,,,,,,,,,,,,,,,,,,,
hard_negative_wag,results/model_checkpoints/20260721_200947_seed1337_bda60282_best_step1500.pt,1500,bpid_matching_paired,paired_rows,False,0.9895169,1,"fullname, phone, addr, dob",1644,1645,,,,,,,,,philippe gamb,phyllis,philippe-dupont@schoolemail.ac.uk,philippe-dupont@schoolemail.ac.uk,8480363703 | 5796295939,428 8480363703 | 5796295939 | 5158811736,highland lakes road 8882,,1999 01 15,,,,,,,,,,,,,,,,,,,,,,,,,,,,,,,,,,,,,,,,,,,,,,,,,,,,,,,,,
hard_negative_wag,results/model_checkpoints/20260721_200947_seed1337_bda60282_best_step1500.pt,1500,bpid_matching_paired,paired_rows,False,0.9891811,2,"email, addr, dob",1718,1719,,,,,,,,,,,edgar_007@personal.net,jane_doe_93@acme-corp.com | jd123@email-provider.com,1986531008,1986531008,boles al 283 daniels farm road | boles al 1197 winton rd | prospect hill al boles,man 1197 winton rd emporia,august 1970,1970 08,,,,,,,,,,,,,,,,,,,,,,,,,,,,,,,,,,,,,,,,,,,,,,,,,,,,,,,,
hard_negative_wag,results/model_checkpoints/20260721_200947_seed1337_bda60282_best_step1500.pt,1500,bpid_matching_paired,paired_rows,False,0.98886126,1,"fullname, email, addr, dob",1266,1267,,,,,,,,,sisson sutter augusta,sisson sutter gustavo,sissons123@university.ac.nz | sissonsam@personal-email.me,sissonsam@personal-email.me,,,wy 2385460,tx 75110 wilberforce 16 huntington avenue,28 05 1998,may 28thu 1998,,,,,,,,,,,,,,,,,,,,,,,,,,,,,,,,,,,,,,,,,,,,,,,,,,,,,,,,
hard_negative_wag,results/model_checkpoints/20260721_200947_seed1337_bda60282_best_step1500.pt,1500,bpid_matching_paired,paired_rows,False,0.9880802,1,"fullname, phone, addr, dob",1354,1355,,,,,,,,,,strickland turner,,,1590941696 | 0914548905,00 159 094 0709 | 3233434458,adrian 28394 tx 76639,adrian 28394 tx 76639 | mohawk new jersey 63281,1957 01 01,19570101,,,,,,,,,,,,,,,,,,,,,,,,,,,,,,,,,,,,,,,,,,,,,,,,,,,,,,,,
hard_negative_wag,results/model_checkpoints/20260721_200947_seed1337_bda60282_best_step1500.pt,1500,bpid_matching_paired,paired_rows,False,0.98781115,2,"fullname, phone, dob",1454,1455,,,,,,,,,dani w t,,dani@fakegov.gov,dani@fakegov.gov,7987498299 | 8423537,8423,emporia 16315,emporia 16315,,02 mar 1951,,,,,,,,,,,,,,,,,,,,,,,,,,,,,,,,,,,,,,,,,,,,,,,,,,,,,,,,
hard_negative_wag,results/model_checkpoints/20260721_200947_seed1337_bda60282_best_step1500.pt,1500,bpid_matching_paired,paired_rows,False,0.98759717,2,"fullname, phone, addr",1612,1613,,,,,,,,,sawyer melinda christiansen nicholson,,,,0971853415,0974489704 | 0971853415,204 harvest lane apt 557 tx 82649 | 106 cora lane 813 taos 50480,north chili tx 75110 us,1923,1923,,,,,,,,,,,,,,,,,,,,,,,,,,,,,,,,,,,,,,,,,,,,,,,,,,,,,,,,
hard_negative_wag,results/model_checkpoints/20260721_200947_seed1337_bda60282_best_step1500.pt,1500,ice_id_people_200,all_pairs,False,0.99996686,6,"census_year, full_name, first_name, middle_name, patronym, birthyear, status, farm",521,589,,,,,,,,,,,,,,,,,,,1910,1920,Sigurlaug Sigríður Karelsdóttir,Ingibjörg Markúsdóttir,Sigurlaug,Ingibjörg,Sigríður,,Karelsdóttir,Markúsdóttir,1877,1860,Kona,Kona,húsfreyja,bústýra,Ó,Ó,12853,13444,160,160,179,179,37,37,,,,,,,,,,,,,,,,,,,,,,,,,,,,,,
hard_negative_wag,results/model_checkpoints/20260721_200947_seed1337_bda60282_best_step1500.pt,1500,ice_id_people_200,all_pairs,False,0.99995863,6,"census_year, full_name, first_name, middle_name, patronym, birthyear, status, farm",520,589,,,,,,,,,,,,,,,,,,,1901,1920,Sigurlaug Sigríður Karelsdóttir,Ingibjörg Markúsdóttir,Sigurlaug,Ingibjörg,Sigríður,,Karelsdóttir,Markúsdóttir,1877,1860,Kona,Kona,dóttir hennar,bústýra,Ó,Ó,13040,13444,160,160,179,179,37,37,,,,,,,,,,,,,,,,,,,,,,,,,,,,,,
hard_negative_wag,results/model_checkpoints/20260721_200947_seed1337_bda60282_best_step1500.pt,1500,ice_id_people_200,all_pairs,False,0.99995697,7,"full_name, first_name, middle_name, patronym, birthyear, status, farm",75,521,,,,,,,,,,,,,,,,,,,1910,1910,Guðný Stefánsdóttir,Sigurlaug Sigríður Karelsdóttir,Guðný,Sigurlaug,,Sigríður,Stefánsdóttir,Karelsdóttir,1907,1877,Kona,Kona,,húsfreyja,Ó,Ó,15841,12853,160,160,179,179,37,37,,,,,,,,,,,,,,,,,,,,,,,,,,,,,,
hard_negative_wag,results/model_checkpoints/20260721_200947_seed1337_bda60282_best_step1500.pt,1500,ice_id_people_200,all_pairs,False,0.9999567,7,"census_year, full_name, first_name, patronym, birthyear, status, farm",340,484,,,,,,,,,,,,,,,,,,,1920,1910,Bóas Jónatansson,Sveinn Jónsson,Bóas,Sveinn,,,Jónatansson,Jónsson,1905,1907,Karl,Karl,Barn,,Ó,Ó,4048,9317,244,244,299,299,9,9,,,,,,,,,,,,,,,,,,,,,,,,,,,,,,
hard_negative_wag,results/model_checkpoints/20260721_200947_seed1337_bda60282_best_step1500.pt,1500,ice_id_people_200,all_pairs,False,0.99995637,9,"full_name, first_name, patronym, birthyear, farm",76,335,,,,,,,,,,,,,,,,,,,1920,1920,Guðný Stefánsdóttir,Bjarnveig Bjarnadóttir,Guðný,Bjarnveig,,,Stefánsdóttir,Bjarnadóttir,1907,1905,Kona,Kona,barn,barn,Ó,Ó,12663,12778,160,160,179,179,37,37,,,,,,,,,,,,,,,,,,,,,,,,,,,,,,
hard_negative_wag,results/model_checkpoints/20260721_200947_seed1337_bda60282_best_step1500.pt,1500,ice_id_people_200,all_pairs,False,0.9999559,8,"full_name, first_name, middle_name, patronym, birthyear, farm",340,483,,,,,,,,,,,,,,,,,,,1920,1920,Bóas Jónatansson,Sveinn Rósinkranz Jónsson,Bóas,Sveinn,,Rósinkranz,Jónatansson,Jónsson,1905,1907,Karl,Karl,Barn,Barn,Ó,Ó,4048,9317,244,244,299,299,9,9,,,,,,,,,,,,,,,,,,,,,,,,,,,,,,
hard_negative_wag,results/model_checkpoints/20260721_200947_seed1337_bda60282_best_step1500.pt,1500,ice_id_people_200,all_pairs,False,0.99995244,7,"census_year, full_name, first_name, patronym, birthyear, status, farm",75,589,,,,,,,,,,,,,,,,,,,1910,1920,Guðný Stefánsdóttir,Ingibjörg Markúsdóttir,Guðný,Ingibjörg,,,Stefánsdóttir,Markúsdóttir,1907,1860,Kona,Kona,,bústýra,Ó,Ó,15841,13444,160,160,179,179,37,37,,,,,,,,,,,,,,,,,,,,,,,,,,,,,,
hard_negative_wag,results/model_checkpoints/20260721_200947_seed1337_bda60282_best_step1500.pt,1500,ice_id_people_200,all_pairs,False,0.99995196,7,"full_name, first_name, middle_name, patronym, birthyear, status, farm",341,484,,,,,,,,,,,,,,,,,,,1910,1910,Bóas S Jónatansson,Sveinn Jónsson,Bóas,Sveinn,S,,Jónatansson,Jónsson,1905,1907,Karl,Karl,sonur þeirra,,Ó,Ó,4061,9317,244,244,299,299,9,9,,,,,,,,,,,,,,,,,,,,,,,,,,,,,,
hard_negative_wag,results/model_checkpoints/20260721_200947_seed1337_bda60282_best_step1500.pt,1500,ice_id_people_200,all_pairs,False,0.9999517,6,"census_year, full_name, first_name, middle_name, patronym, birthyear, status, farm",76,521,,,,,,,,,,,,,,,,,,,1920,1910,Guðný Stefánsdóttir,Sigurlaug Sigríður Karelsdóttir,Guðný,Sigurlaug,,Sigríður,Stefánsdóttir,Karelsdóttir,1907,1877,Kona,Kona,barn,húsfreyja,Ó,Ó,12663,12853,160,160,179,179,37,37,,,,,,,,,,,,,,,,,,,,,,,,,,,,,,
hard_negative_wag,results/model_checkpoints/20260721_200947_seed1337_bda60282_best_step1500.pt,1500,ice_id_people_200,all_pairs,False,0.9999486,6,"census_year, full_name, first_name, middle_name, patronym, birthyear, status, farm",341,483,,,,,,,,,,,,,,,,,,,1910,1920,Bóas S Jónatansson,Sveinn Rósinkranz Jónsson,Bóas,Sveinn,S,Rósinkranz,Jónatansson,Jónsson,1905,1907,Karl,Karl,sonur þeirra,Barn,Ó,Ó,4061,9317,244,244,299,299,9,9,,,,,,,,,,,,,,,,,,,,,,,,,,,,,,
hard_negative_wag,results/model_checkpoints/20260721_200947_seed1337_bda60282_best_step1500.pt,1500,ice_id_people_200,all_pairs,False,0.99994755,4,"census_year, full_name, first_name, patronym, birthyear, status, farm, county, parish, district",237,601,,,,,,,,,,,,,,,,,,,1910,1920,Sigurlaug Sigurðardóttir,Þóra Einarsdóttir,Sigurlaug,Þóra,,,Sigurðardóttir,Einarsdóttir,1908,1898,Kona,Kona,hennar dóttir,barn,Ó,Ó,4911,693,335,14,394,17,14,19,,,,,,,,,,,,,,,,,,,,,,,,,,,,,,
hard_negative_wag,results/model_checkpoints/20260721_200947_seed1337_bda60282_best_step1500.pt,1500,ice_id_people_200,all_pairs,False,0.9999461,6,"census_year, full_name, first_name, middle_name, patronym, birthyear, status, farm",224,589,,,,,,,,,,,,,,,,,,,1901,1920,Ástríður Jóna Jensdóttir,Ingibjörg Markúsdóttir,Ástríður,Ingibjörg,Jóna,,Jensdóttir,Markúsdóttir,1873,1860,Kona,Kona,aðkomandi,bústýra,Ó,Ó,13487,13444,160,160,179,179,37,37,,,,,,,,,,,,,,,,,,,,,,,,,,,,,,
hard_negative_wag,results/model_checkpoints/20260721_200947_seed1337_bda60282_best_step1500.pt,1500,ice_id_people_200,all_pairs,False,0.9999453,7,"census_year, full_name, first_name, patronym, birthyear, sex, status",15,457,,,,,,,,,,,,,,,,,,,1860,1855,Steinvör Gísladóttir,Guðmundur Guðmundsson,Steinvör,Guðmundur,,,Gísladóttir,Guðmundsson,1800,1836,Kona,Karl,vinnukona,Vinnudreíngur,Ó,Ó,3785,3785,226,226,275,275,8,8,,,,,,,,,,,,,,,,,,,,,,,,,,,,,,
hard_negative_wag,results/model_checkpoints/20260721_200947_seed1337_bda60282_best_step1500.pt,1500,ice_id_people_200,all_pairs,False,0.9999447,6,"census_year, full_name, first_name, middle_name, patronym, birthyear, status, farm",224,521,,,,,,,,,,,,,,,,,,,1901,1910,Ástríður Jóna Jensdóttir,Sigurlaug Sigríður Karelsdóttir,Ástríður,Sigurlaug,Jóna,Sigríður,Jensdóttir,Karelsdóttir,1873,1877,Kona,Kona,aðkomandi,húsfreyja,Ó,Ó,13487,12853,160,160,179,179,37,37,,,,,,,,,,,,,,,,,,,,,,,,,,,,,,
hard_negative_wag,results/model_checkpoints/20260721_200947_seed1337_bda60282_best_step1500.pt,1500,ice_id_people_200,all_pairs,False,0.9999418,6,"census_year, full_name, first_name, patronym, birthyear, status, marriagestatus, farm",76,336,,,,,,,,,,,,,,,,,,,1920,1910,Guðný Stefánsdóttir,Bjarnveig Bjarnadóttir,Guðný,Bjarnveig,,,Stefánsdóttir,Bjarnadóttir,1907,1905,Kona,Kona,barn,dóttir þeirra,Ó,,12663,12719,160,160,179,179,37,37,,,,,,,,,,,,,,,,,,,,,,,,,,,,,,
hard_negative_wag,results/model_checkpoints/20260721_200947_seed1337_bda60282_best_step1500.pt,1500,ice_id_people_200,all_pairs,False,0.9999416,6,"census_year, full_name, first_name, middle_name, patronym, birthyear, status, farm",75,520,,,,,,,,,,,,,,,,,,,1910,1901,Guðný Stefánsdóttir,Sigurlaug Sigríður Karelsdóttir,Guðný,Sigurlaug,,Sigríður,Stefánsdóttir,Karelsdóttir,1907,1877,Kona,Kona,,dóttir hennar,Ó,Ó,15841,13040,160,160,179,179,37,37,,,,,,,,,,,,,,,,,,,,,,,,,,,,,,
hard_negative_wag,results/model_checkpoints/20260721_200947_seed1337_bda60282_best_step1500.pt,1500,ice_id_people_200,all_pairs,False,0.9999393,10,"full_name, first_name, patronym, birthyear",43,607,,,,,,,,,,,,,,,,,,,1860,1860,Jóhann Björnsson,Oddur Sverrisson,Jóhann,Oddur,,,Björnsson,Sverrisson,1825,1804,Karl,Karl,"húsbóndi, bóndi","húsbóndi, bóndi",G,G,1212,1212,73,73,76,76,22,22,,,,,,,,,,,,,,,,,,,,,,,,,,,,,,
hard_negative_wag,results/model_checkpoints/20260721_200947_seed1337_bda60282_best_step1500.pt,1500,ice_id_people_200,all_pairs,False,0.9999392,6,"census_year, full_name, first_name, middle_name, patronym, birthyear, status, farm",204,589,,,,,,,,,,,,,,,,,,,1890,1920,Guðrún Valgerður Jónsdóttir,Ingibjörg Markúsdóttir,Guðrún,Ingibjörg,Valgerður,,Jónsdóttir,Markúsdóttir,1871,1860,Kona,Kona,dóttir hennar,bústýra,Ó,Ó,19384,13444,160,160,179,179,37,37,,,,,,,,,,,,,,,,,,,,,,,,,,,,,,
hard_negative_wag,results/model_checkpoints/20260721_200947_seed1337_bda60282_best_step1500.pt,1500,ice_id_people_200,all_pairs,False,0.99993896,6,"census_year, full_name, first_name, middle_name, patronym, birthyear, status, farm",159,205,,,,,,,,,,,,,,,,,,,1910,1901,Jónína Bárðardóttir,Guðrún Valgerður Jónsdóttir,Jónína,Guðrún,,Valgerður,Bárðardóttir,Jónsdóttir,1884,1871,Kona,Kona,Húsmóðir,húsmóðir,G,G,12598,13338,160,160,179,179,37,37,,,,,,,,,,,,,,,,,,,,,,,,,,,,,,
hard_negative_wag,results/model_checkpoints/20260721_200947_seed1337_bda60282_best_step1500.pt,1500,ice_id_people_200,all_pairs,False,0.99993885,9,"full_name, first_name, patronym, birthyear, status",49,609,,,,,,,,,,,,,,,,,,,1855,1855,Jóhann Björnsson,Oddur Sverrisson,Jóhann,Oddur,,,Björnsson,Sverrisson,1824,1803,Karl,Karl,Bóndi,Bóndi og póstr.,G,G,11359,11359,73,73,76,76,22,22,,,,,,,,,,,,,,,,,,,,,,,,,,,,,,
hard_negative_wag,results/model_checkpoints/20260721_200947_seed1337_bda60282_best_step1500.pt,1500,dblp_acm,cross_source,False,0.99996424,3,title,328,347,,,,,,,,,,,,,,,,,,,,,,,,,,,,,,,,,,,,,,,,,,,,,DEVise: integrated querying and visual exploration of large datasets,DEVise (demo abstract): integrated querying and visual exploration of large datasets,"M. Livny, R. Ramakrishnan, K. Beyer, G. Chen, D. Donjerkovic, S. Lawande, J. Myllymaki, K. Wenger","M. Livny, R. Ramakrishnan, K. Beyer, G. Chen, D. Donjerkovic, S. Lawande, J. Myllymaki, K. Wenger",International Conference on Management of Data,International Conference on Management of Data,1997,1997,,,,,,,,,,,,,,,,,,,,,,
hard_negative_wag,results/model_checkpoints/20260721_200947_seed1337_bda60282_best_step1500.pt,1500,dblp_acm,cross_source,False,0.9999615,2,"title, authors",329,346,,,,,,,,,,,,,,,,,,,,,,,,,,,,,,,,,,,,,,,,,,,,,DEVise: Integrated Querying and Visualization of Large Datasets,DEVise: Integrated Querying and Visual Exploration of Large Datasets (Demo Abstract),"Miron Livny, Raghu Ramakrishnan, Donko Donjerkovic, Shilpa Lawande, Jussi Myllymaki, Guangshun Chen, R. Kent Wenger, Kevin S. Beyer","Jussi Myllymaki, Shilpa Lawande, Donko Donjerkovic, Raghu Ramakrishnan, Guangshun Chen, Kevin S. Beyer, Miron Livny, R. Kent Wenger",SIGMOD Conference,SIGMOD Conference,1997,1997,,,,,,,,,,,,,,,,,,,,,,
hard_negative_wag,results/model_checkpoints/20260721_200947_seed1337_bda60282_best_step1500.pt,1500,dblp_acm,cross_source,False,0.99991786,2,"title, authors",175,990,,,,,,,,,,,,,,,,,,,,,,,,,,,,,,,,,,,,,,,,,,,,,"Using Taxonomy, Discriminants, and Signatures for Navigating in Text Databases",An Efficient Cost-Driven Index Selection Tool for Microsoft SQL Server,"Soumen Chakrabarti, Byron Dom, Rakesh Agrawal, Prabhakar Raghavan","Surajit Chaudhuri, Vivek R. Narasayya",Very Large Data Bases,Very Large Data Bases,1997,1997,,,,,,,,,,,,,,,,,,,,,,
hard_negative_wag,results/model_checkpoints/20260721_200947_seed1337_bda60282_best_step1500.pt,1500,dblp_acm,cross_source,False,0.9999162,2,"title, authors",174,991,,,,,,,,,,,,,,,,,,,,,,,,,,,,,,,,,,,,,,,,,,,,,"Using Taxonomy, Discriminants, and Signatures for Navigating in Text Databases",An Efficient Cost-Driven Index Selection Tool for Microsoft SQL Server,"Byron Dom, Rakesh Agrawal, Prabhakar Raghavan, Soumen Chakrabarti","Surajit Chaudhuri, Vivek R. Narasayya",VLDB,VLDB,1997,1997,,,,,,,,,,,,,,,,,,,,,,
hard_negative_wag,results/model_checkpoints/20260721_200947_seed1337_bda60282_best_step1500.pt,1500,dblp_acm,cross_source,False,0.9998653,2,"title, authors",174,434,,,,,,,,,,,,,,,,,,,,,,,,,,,,,,,,,,,,,,,,,,,,,"Using Taxonomy, Discriminants, and Signatures for Navigating in Text Databases",Incremental Organization for Data Recording and Warehousing,"Byron Dom, Rakesh Agrawal, Prabhakar Raghavan, Soumen Chakrabarti","S. Sudarshan, P. P. S. Narayan, Rama Kanneganti, H. V. Jagadish, S. Seshadri",VLDB,VLDB,1997,1997,,,,,,,,,,,,,,,,,,,,,,
hard_negative_wag,results/model_checkpoints/20260721_200947_seed1337_bda60282_best_step1500.pt,1500,dblp_acm,cross_source,False,0.99984586,2,"title, authors",175,435,,,,,,,,,,,,,,,,,,,,,,,,,,,,,,,,,,,,,,,,,,,,,"Using Taxonomy, Discriminants, and Signatures for Navigating in Text Databases",Incremental Organization for Data Recording and Warehousing,"Soumen Chakrabarti, Byron Dom, Rakesh Agrawal, Prabhakar Raghavan","H. V. Jagadish, P. P. S. Narayan, S. Seshadri, S. Sudarshan, Rama Kanneganti",Very Large Data Bases,Very Large Data Bases,1997,1997,,,,,,,,,,,,,,,,,,,,,,
hard_negative_wag,results/model_checkpoints/20260721_200947_seed1337_bda60282_best_step1500.pt,1500,dblp_acm,cross_source,False,0.99984527,1,"title, authors, venue",142,418,,,,,,,,,,,,,,,,,,,,,,,,,,,,,,,,,,,,,,,,,,,,,Advances in real-time database systems research,Exploiting Main Memory DBMS Features to Improve Real-Time Concurrency Control Protocols,Azer Bestavros,"Özgür Ulusoy, Alejandro P. Buchmann",ACM SIGMOD Record ,SIGMOD Record,1996,1996,,,,,,,,,,,,,,,,,,,,,,
hard_negative_wag,results/model_checkpoints/20260721_200947_seed1337_bda60282_best_step1500.pt,1500,dblp_acm,cross_source,False,0.9998381,2,"title, authors",174,920,,,,,,,,,,,,,,,,,,,,,,,,,,,,,,,,,,,,,,,,,,,,,"Using Taxonomy, Discriminants, and Signatures for Navigating in Text Databases",Garbage Collection in Object Oriented Databases Using Transactional Cyclic Reference Counting,"Byron Dom, Rakesh Agrawal, Prabhakar Raghavan, Soumen Chakrabarti","S. Sudarshan, Prasan Roy, Abraham Silberschatz, S. Seshadri, Srinivas Ashwin",VLDB,VLDB,1997,1997,,,,,,,,,,,,,,,,,,,,,,
hard_negative_wag,results/model_checkpoints/20260721_200947_seed1337_bda60282_best_step1500.pt,1500,dblp_acm,cross_source,False,0.99981433,1,"title, authors, venue",804,978,,,,,,,,,,,,,,,,,,,,,,,,,,,,,,,,,,,,,,,,,,,,,The InfoSleuth Project,InfoSleuth: agent-based semantic integration of information in open and dynamic environments,"Marek Rusinkiewicz, Tomasz Ksiezyk, Richard S. Brice, Ray Shea, Vipul Kashyap, Andrzej Cichocki, Mosfeq Rashid, C. Unnikrishnan, Abdelsalam Helal, Amy Unruh, Marian H. Nodine, Jerry Fowler, Darrell Woelk, Gale Martin, Roberto J. Bayardo Jr., William Bohrer","R. J. Bayardo, Jr., W. Bohrer, R. Brice, A. Cichocki, J. Fowler, A. Helal, V. Kashyap, T. Ksiezyk, G. Martin, M. Nodine, M. Rashid, M. Rusinkiewicz, R. Shea, C. Unnikrishnan, A. Unruh, D. Woelk",SIGMOD Conference,International Conference on Management of Data,1997,1997,,,,,,,,,,,,,,,,,,,,,,
hard_negative_wag,results/model_checkpoints/20260721_200947_seed1337_bda60282_best_step1500.pt,1500,dblp_acm,cross_source,False,0.9998117,1,"title, authors, venue",25,805,,,,,,,,,,,,,,,,,,,,,,,,,,,,,,,,,,,,,,,,,,,,,Infomaster: An Information Integration System,The InfoSleuth Project,"Arthur M. Keller, Michael R. Genesereth, Oliver M. Duschka","R. J. Bayardo, Jr., W. Bohrer, R. Brice, A. Cichocki, J. Fowler, A. Halal, V. Kashyap, T. Ksiezyk, G. Martin, M. Nodine, M. Rashid, M. Rusinkiewicz, R. Shea, C. Unnikrishnan, A. Unruh, D. Woelk",SIGMOD Conference,International Conference on Management of Data,1997,1997,,,,,,,,,,,,,,,,,,,,,,
hard_negative_wag,results/model_checkpoints/20260721_200947_seed1337_bda60282_best_step1500.pt,1500,dblp_acm,cross_source,False,0.9998048,1,"title, authors, venue",99,316,,,,,,,,,,,,,,,,,,,,,,,,,,,,,,,,,,,,,,,,,,,,,Dynamic Itemset Counting and Implication Rules for Market Basket Data,The Context Interchange mediator prototype,"Shalom Tsur, Rajeev Motwani, Sergey Brin, Jeffrey D. Ullman","S. Bressan, C. H. Goh, K. Fynn, M. Jakobisiak, K. Hussein, H. Kon, T. Lee, S. Madnick, T. Pena, J. Qu, A. Shum, M. Siegel",SIGMOD Conference,International Conference on Management of Data,1997,1997,,,,,,,,,,,,,,,,,,,,,,
hard_negative_wag,results/model_checkpoints/20260721_200947_seed1337_bda60282_best_step1500.pt,1500,dblp_acm,cross_source,False,0.9998018,2,"title, venue",664,807,,,,,,,,,,,,,,,,,,,,,,,,,,,,,,,,,,,,,,,,,,,,,XMILL: An Efficient Compressor for XML Data,An extensible compressor for XML data,"Hartmut Liefke, Dan Suciu","Hartmut Liefke, Dan Suciu",SIGMOD Conference,ACM SIGMOD Record ,2000,2000,,,,,,,,,,,,,,,,,,,,,,
hard_negative_wag,results/model_checkpoints/20260721_200947_seed1337_bda60282_best_step1500.pt,1500,dblp_acm,cross_source,False,0.9997961,2,"title, authors",175,921,,,,,,,,,,,,,,,,,,,,,,,,,,,,,,,,,,,,,,,,,,,,,"Using Taxonomy, Discriminants, and Signatures for Navigating in Text Databases",Garbage Collection in Object Oriented Databases Using Transactional Cyclic Reference Counting,"Soumen Chakrabarti, Byron Dom, Rakesh Agrawal, Prabhakar Raghavan","Srinivas Ashwin, Prasan Roy, S. Seshadri, Abraham Silberschatz, S. Sudarshan",Very Large Data Bases,Very Large Data Bases,1997,1997,,,,,,,,,,,,,,,,,,,,,,
hard_negative_wag,results/model_checkpoints/20260721_200947_seed1337_bda60282_best_step1500.pt,1500,dblp_acm,cross_source,False,0.9997799,1,"title, authors, venue",343,480,,,,,,,,,,,,,,,,,,,,,,,,,,,,,,,,,,,,,,,,,,,,,Estimating Compilation Time of a Query Optimizer,Discovering all most specific sentences,"Dengfeng Gao, Eileen Tien Lin, Jun Rao, Ihab F. Ilyas, Guy M. Lohman","Sanjeev Saluja, Hannu Toivonen, Roni Khardon, Heikki Mannila, Ram Sewak Sharm, Dimitrios Gunopulos",SIGMOD Conference,ACM Trans. Database Syst.,2003,2003,,,,,,,,,,,,,,,,,,,,,,
hard_negative_wag,results/model_checkpoints/20260721_200947_seed1337_bda60282_best_step1500.pt,1500,dblp_acm,cross_source,False,0.9997756,1,"title, authors, venue",175,341,,,,,,,,,,,,,,,,,,,,,,,,,,,,,,,,,,,,,,,,,,,,,"Using Taxonomy, Discriminants, and Signatures for Navigating in Text Databases",Efficient Testing of High Performance Transaction Processing Systems,"Soumen Chakrabarti, Byron Dom, Rakesh Agrawal, Prabhakar Raghavan","D. Wildfogel, Ramana Yerneni",Very Large Data Bases,VLDB,1997,1997,,,,,,,,,,,,,,,,,,,,,,
hard_negative_wag,results/model_checkpoints/20260721_200947_seed1337_bda60282_best_step1500.pt,1500,dblp_acm,cross_source,False,0.99976057,1,"title, authors, venue",329,340,,,,,,,,,,,,,,,,,,,,,,,,,,,,,,,,,,,,,,,,,,,,,DEVise: Integrated Querying and Visualization of Large Datasets,Efficient Testing of High Performance Transaction Processing Systems,"Miron Livny, Raghu Ramakrishnan, Donko Donjerkovic, Shilpa Lawande, Jussi Myllymaki, Guangshun Chen, R. Kent Wenger, Kevin S. Beyer","D. Wildfogel, Ramana Yerneni",SIGMOD Conference,Very Large Data Bases,1997,1997,,,,,,,,,,,,,,,,,,,,,,
hard_negative_wag,results/model_checkpoints/20260721_200947_seed1337_bda60282_best_step1500.pt,1500,dblp_acm,cross_source,False,0.99974614,2,"title, authors",10,480,,,,,,,,,,,,,,,,,,,,,,,,,,,,,,,,,,,,,,,,,,,,,Analysis of predictive spatio-temporal queries,Discovering all most specific sentences,"Dimitris Papadias, Jimeng Sun, Yufei Tao","Sanjeev Saluja, Hannu Toivonen, Roni Khardon, Heikki Mannila, Ram Sewak Sharm, Dimitrios Gunopulos",ACM Trans. Database Syst.,ACM Trans. Database Syst.,2003,2003,,,,,,,,,,,,,,,,,,,,,,
hard_negative_wag,results/model_checkpoints/20260721_200947_seed1337_bda60282_best_step1500.pt,1500,dblp_acm,cross_source,False,0.9997372,1,"title, authors, venue",637,877,,,,,,,,,,,,,,,,,,,,,,,,,,,,,,,,,,,,,,,,,,,,,Erratum-A database model for object dynamics,Implementing Abstract Objects with Inheritance in Datalogneg,"M. P. Papazoglou, B. J. Kr&#228;mer",Hasan M. Jamil,The VLDB Journal &mdash; The International Journal on Very Large Data Bases ,VLDB,1997,1997,,,,,,,,,,,,,,,,,,,,,,
hard_negative_wag,results/model_checkpoints/20260721_200947_seed1337_bda60282_best_step1500.pt,1500,dblp_acm,cross_source,False,0.9997366,1,"title, authors, venue",805,979,,,,,,,,,,,,,,,,,,,,,,,,,,,,,,,,,,,,,,,,,,,,,The InfoSleuth Project,InfoSleuth: Semantic Integration of Information in Open and Dynamic Environments (Experience Paper),"R. J. Bayardo, Jr., W. Bohrer, R. Brice, A. Cichocki, J. Fowler, A. Halal, V. Kashyap, T. Ksiezyk, G. Martin, M. Nodine, M. Rashid, M. Rusinkiewicz, R. Shea, C. Unnikrishnan, A. Unruh, D. Woelk","Gale Martin, Ray Shea, Tomasz Ksiezyk, Roberto J. Bayardo Jr., Marian H. Nodine, William Bohrer, Vipul Kashyap, C. Unnikrishnan, Richard S. Brice, Mosfeq Rashid, Amy Unruh, Abdelsalam Helal, Andrzej Cichocki, Marek Rusinkiewicz, Darrell Woelk, Jerry Fowler",International Conference on Management of Data,SIGMOD Conference,1997,1997,,,,,,,,,,,,,,,,,,,,,,
hard_negative_wag,results/model_checkpoints/20260721_200947_seed1337_bda60282_best_step1500.pt,1500,dblp_acm,cross_source,False,0.9997154,3,title,477,589,,,,,,,,,,,,,,,,,,,,,,,,,,,,,,,,,,,,,,,,,,,,,Journal relevance,Developments at ACM TODS,Richard T. Snodgrass,Richard T. Snodgrass,SIGMOD Record,SIGMOD Record,2003,2003,,,,,,,,,,,,,,,,,,,,,,
hard_negative_wag,results/model_checkpoints/20260721_200947_seed1337_bda60282_best_step1500.pt,1500,dblp_google_scholar,cross_source,False,0.9999045,3,title,703,965,,,,,,,,,,,,,,,,,,,,,,,,,,,,,,,,,,,,,,,,,,,,,Carnot and InfoSleuth: Database Technology and the World Wide Web.,LORE: A Lightweight Object REpository for Semistructured Data.,"ACMS Anthology, P Edition","ACMS Anthology, P Edition",,,,,,,,,,,,,,,,,,,,,,,,,,
hard_negative_wag,results/model_checkpoints/20260721_200947_seed1337_bda60282_best_step1500.pt,1500,dblp_google_scholar,cross_source,False,0.9998952,1,"title, venue, year",60,1527,,,,,,,,,,,,,,,,,,,,,,,,,,,,,,,,,,,,,,,,,,,,,Efficient Management of Multiversion Documents by Object Referencing,Efficient schemes for managing multiversionXML documents,"S Chien, V Tsotras, C Zaniolo","S Chien, V Tsotras, C Zaniolo",VLDB,VLDB J.,2001,2002,,,,,,,,,,,,,,,,,,,,,,
hard_negative_wag,results/model_checkpoints/20260721_200947_seed1337_bda60282_best_step1500.pt,1500,dblp_google_scholar,cross_source,False,0.9998832,1,"title, authors, venue",999,1577,,,,,,,,,,,,,,,,,,,,,,,,,,,,,,,,,,,,,,,,,,,,,Distance-basedindexing for high dimensional metric spaces,The Multidimensional Database System RasDaMan,TBM Ozsoyoglu,"P Baumann, A Dehmel, P Furtado, R Ritsch, N  ","Proc. of SIGMOD,",,,,,,,,,,,,,,,,,,,,,,,,,
hard_negative_wag,results/model_checkpoints/20260721_200947_seed1337_bda60282_best_step1500.pt,1500,dblp_google_scholar,cross_source,False,0.9998779,2,"title, authors",346,1049,,,,,,,,,,,,,,,,,,,,,,,,,,,,,,,,,,,,,,,,,,,,,The WorlInfo Assistant: Spatio-Temporal Information Integration on the Web,Architectures for Internal Web Services Deployment,"J Ambite, C Knoblock, M Kolahdouzan, M Muslea, C Shahabi, S Thakkar",O Shmueli,VLDB,VLDB,2001,2001,,,,,,,,,,,,,,,,,,,,,,
hard_negative_wag,results/model_checkpoints/20260721_200947_seed1337_bda60282_best_step1500.pt,1500,dblp_google_scholar,cross_source,False,0.9998741,0,"title, authors, venue, year",115,708,,,,,,,,,,,,,,,,,,,,,,,,,,,,,,,,,,,,,,,,,,,,,Efficient Support for Interactive Service in Multi-Resolution VOD Systems,andC. Unnikrishnan. CarnotandInfoSleuth: Database technology and the world wide web,"K Law, J Lui, L Golubchik","D Woelk, B Bohrer, N Jacobs, K Ong, C Tomlinson",VLDB J.,Proc. of ACM SIGMOD Conf. on Management of,1999,,,,,,,,,,,,,,,,,,,,,,,
hard_negative_wag,results/model_checkpoints/20260721_200947_seed1337_bda60282_best_step1500.pt,1500,dblp_google_scholar,cross_source,False,0.99985766,1,"title, authors, year",1278,1398,,,,,,,,,,,,,,,,,,,,,,,,,,,,,,,,,,,,,,,,,,,,,On the power of languages for the manipulation of complex objects. INRIA research report n 846,Resource Scheduling in Enhanced Pay-Per-View Continuous Media Databases,"S Abiteboul, C Beeri","M Garofalakis, B Özden, A Silberschatz",VLDB,VLDB,,1997,,,,,,,,,,,,,,,,,,,,,,
hard_negative_wag,results/model_checkpoints/20260721_200947_seed1337_bda60282_best_step1500.pt,1500,dblp_google_scholar,cross_source,False,0.999841,2,"title, year",344,390,,,,,,,,,,,,,,,,,,,,,,,,,,,,,,,,,,,,,,,,,,,,,A Study on Data Point Search for HG-Trees.,B-tree Page Size When Caching is Considered.,ACMS Anthology,ACMS Anthology,"SIGMOD Record,","SIGMOD Record,",1999,1998,,,,,,,,,,,,,,,,,,,,,,
hard_negative_wag,results/model_checkpoints/20260721_200947_seed1337_bda60282_best_step1500.pt,1500,dblp_google_scholar,cross_source,False,0.99984026,0,"title, authors, venue, year",20,1149,,,,,,,,,,,,,,,,,,,,,,,,,,,,,,,,,,,,,,,,,,,,,ACM TODS in this Internet Age,Why I Like Working in Academia,R Snodgrass,RT Snodgrass,SIGMOD Record,"SIGMOD Record,",2003,2002,,,,,,,,,,,,,,,,,,,,,,
hard_negative_wag,results/model_checkpoints/20260721_200947_seed1337_bda60282_best_step1500.pt,1500,dblp_google_scholar,cross_source,False,0.99983656,2,"title, authors",346,1222,,,,,,,,,,,,,,,,,,,,,,,,,,,,,,,,,,,,,,,,,,,,,The WorlInfo Assistant: Spatio-Temporal Information Integration on the Web,Potter's Wheel: An Interactive Data Cleaning System,"J Ambite, C Knoblock, M Kolahdouzan, M Muslea, C Shahabi, S Thakkar","V Raman, J Hellerstein",VLDB,VLDB,2001,2001,,,,,,,,,,,,,,,,,,,,,,
hard_negative_wag,results/model_checkpoints/20260721_200947_seed1337_bda60282_best_step1500.pt,1500,dblp_google_scholar,cross_source,False,0.9998354,2,"title, year",1273,1496,,,,,,,,,,,,,,,,,,,,,,,,,,,,,,,,,,,,,,,,,,,,,An Extensible Notation for Spatiotemporal Index Queries.,Engineering Federated Information Systems: Report of EFIS'99 Workshop.,ACMS Anthology,ACMS Anthology,"SIGMOD Record,","SIGMOD Record,",1998,1999,,,,,,,,,,,,,,,,,,,,,,
hard_negative_wag,results/model_checkpoints/20260721_200947_seed1337_bda60282_best_step1500.pt,1500,dblp_google_scholar,cross_source,False,0.99983525,2,"title, authors",346,1073,,,,,,,,,,,,,,,,,,,,,,,,,,,,,,,,,,,,,,,,,,,,,The WorlInfo Assistant: Spatio-Temporal Information Integration on the Web,Crawling the Hidden Web,"J Ambite, C Knoblock, M Kolahdouzan, M Muslea, C Shahabi, S Thakkar","S Raghavan, H Garcia-Molina",VLDB,VLDB,2001,2001,,,,,,,,,,,,,,,,,,,,,,
hard_negative_wag,results/model_checkpoints/20260721_200947_seed1337_bda60282_best_step1500.pt,1500,dblp_google_scholar,cross_source,False,0.9998349,0,"title, authors, venue, year",1436,1499,,,,,,,,,,,,,,,,,,,,,,,,,,,,,,,,,,,,,,,,,,,,,An Orthogonally Persistent Java,Engineering Federated Information Systems Report of EFIS'99 Workshop,"M Atkinson, L Daynès, M Jordan, T Printezis, S Spence","G Saake, FS II, M Roantree",SIGMOD Record,"SIGMOD Record,",1996,1999,,,,,,,,,,,,,,,,,,,,,,
hard_negative_wag,results/model_checkpoints/20260721_200947_seed1337_bda60282_best_step1500.pt,1500,dblp_google_scholar,cross_source,False,0.9998325,0,"title, authors, venue, year",346,823,,,,,,,,,,,,,,,,,,,,,,,,,,,,,,,,,,,,,,,,,,,,,The WorlInfo Assistant: Spatio-Temporal Information Integration on the Web,Incremental Maintenance for Materialized Views over Semistructured Data,"J Ambite, C Knoblock, M Kolahdouzan, M Muslea, C Shahabi, S Thakkar","S Abiteboul, J McHugh, M Rys, V Vassalos, JL  ",VLDB,"VLDB,",2001,1998,,,,,,,,,,,,,,,,,,,,,,
hard_negative_wag,results/model_checkpoints/20260721_200947_seed1337_bda60282_best_step1500.pt,1500,dblp_google_scholar,cross_source,False,0.99981743,0,"title, authors, venue, year",1049,1231,,,,,,,,,,,,,,,,,,,,,,,,,,,,,,,,,,,,,,,,,,,,,Architectures for Internal Web Services Deployment,Tutorial: Online query processing,O Shmueli,"P Haas, JM Hellerstein",VLDB,"Proceedings of Sigmod, page,",2001,,,,,,,,,,,,,,,,,,,,,,,
hard_negative_wag,results/model_checkpoints/20260721_200947_seed1337_bda60282_best_step1500.pt,1500,dblp_google_scholar,cross_source,False,0.9998153,1,"title, authors, year",210,213,,,,,,,,,,,,,,,,,,,,,,,,,,,,,,,,,,,,,,,,,,,,,"Improving Business Process Quality through Exception Understanding, Prediction, and Prevention",A Taxonomy of Correctness Criteria in Database App: Iications,"D Grigori, F Casati, U Dayal, M Shan","RK Ramamritham, P Chrysanthis",VLDB,VLDB,2001,,,,,,,,,,,,,,,,,,,,,,,
hard_negative_wag,results/model_checkpoints/20260721_200947_seed1337_bda60282_best_step1500.pt,1500,dblp_google_scholar,cross_source,False,0.9998136,0,"title, authors, venue, year",14,253,,,,,,,,,,,,,,,,,,,,,,,,,,,,,,,,,,,,,,,,,,,,,Access path support for referential integrity in SQL2,BIRCH: An Efficient Method for Very Large Databases,"T HÃ¤rder, J Reinert","T Zhang, R Ramakrishnman, M Linvy","The VLDB Journal The International Journal on Very Large  &hellip;,",ACM,1996,,,,,,,,,,,,,,,,,,,,,,,
hard_negative_wag,results/model_checkpoints/20260721_200947_seed1337_bda60282_best_step1500.pt,1500,dblp_google_scholar,cross_source,False,0.99981076,1,"title, authors, year",690,872,,,,,,,,,,,,,,,,,,,,,,,,,,,,,,,,,,,,,,,,,,,,,Methodology for Development and Employment of Ontology Based Knowledge Management Applications,Research in Multi-Organizational Processes and Semantic Information Brokering at the LSDIS Lab,"Y Sure, S Staab, R Studer","A Sheth, J Miller, K Kochut, I Arpinar",SIGMOD Record,SIGMOD Record,2002,2001,,,,,,,,,,,,,,,,,,,,,,
hard_negative_wag,results/model_checkpoints/20260721_200947_seed1337_bda60282_best_step1500.pt,1500,dblp_google_scholar,cross_source,False,0.9998085,1,"title, authors, venue",493,823,,,,,,,,,,,,,,,,,,,,,,,,,,,,,,,,,,,,,,,,,,,,,RainForest - A Framework for Fast Decision Tree Construction of Large Datasets,Incremental Maintenance for Materialized Views over Semistructured Data,"J Gehrke, R Ramakrishnan, V Ganti","S Abiteboul, J McHugh, M Rys, V Vassalos, JL  ",VLDB,"VLDB,",1998,1998,,,,,,,,,,,,,,,,,,,,,,
hard_negative_wag,results/model_checkpoints/20260721_200947_seed1337_bda60282_best_step1500.pt,1500,dblp_google_scholar,cross_source,False,0.9997961,1,"title, authors, venue",1229,1420,,,,,,,,,,,,,,,,,,,,,,,,,,,,,,,,,,,,,,,,,,,,,Fast Algorithms for Maintaining Replica Consistency in Lazy Master Replicated Databases,Update Propagation Strategies to Improve Data Freshness in Lazy Master Schemes,"E Pacitti, P Minet, E Simon","E Pacitti, E Simon",VLDB,"VLDB Journal,",1999,1999,,,,,,,,,,,,,,,,,,,,,,
hard_negative_wag,results/model_checkpoints/20260721_200947_seed1337_bda60282_best_step1500.pt,1500,dblp_google_scholar,cross_source,False,0.99979454,0,"title, authors, venue, year",405,1436,,,,,,,,,,,,,,,,,,,,,,,,,,,,,,,,,,,,,,,,,,,,,Research and Practice in Federated Information Systems,An Orthogonally Persistent Java,"MR II, GJ Houben, RD Kutsche, K Subieta, B Rieger","M Atkinson, L Daynès, M Jordan, T Printezis, S Spence","SIGMOD Record,",SIGMOD Record,2000,1996,,,,,,,,,,,,,,,,,,,,,,
hard_negative_wag,results/model_checkpoints/20260721_200947_seed1337_bda60282_best_step1500.pt,1500,fodors_zagats,cross_source,False,0.99993503,4,name,6,103,,,,,,,,,,,,,404-237-2700,404-237-2700,3434 peachtree rd. ne,3434 peachtree rd. ne,,,,,,,,,,,,,,,,,,,,,,,,,,,,,,,,,,,,,ritz-carlton dining room (buckhead),ritz-carlton cafe (buckhead),atlanta,atlanta,american (new),american (new),,,,,,,,,,,,,,,,
hard_negative_wag,results/model_checkpoints/20260721_200947_seed1337_bda60282_best_step1500.pt,1500,fodors_zagats,cross_source,False,0.9998827,3,"name, type",7,102,,,,,,,,,,,,,404/237-2700,404/237-2700,3434 peachtree rd.,3434 peachtree rd.,,,,,,,,,,,,,,,,,,,,,,,,,,,,,,,,,,,,,dining room  ritz-carlton  buckhead,cafe  ritz-carlton  buckhead,atlanta,atlanta,international,ext 6108 international,,,,,,,,,,,,,,,,
hard_negative_wag,results/model_checkpoints/20260721_200947_seed1337_bda60282_best_step1500.pt,1500,fodors_zagats,cross_source,False,0.9990915,2,"name, addr, phone",32,196,,,,,,,,,,,,,415-543-6084,415-956-9662,1 mission st.,252 california st.,,,,,,,,,,,,,,,,,,,,,,,,,,,,,,,,,,,,,boulevard,aqua,san francisco,san francisco,american (new),american (new),,,,,,,,,,,,,,,,
hard_negative_wag,results/model_checkpoints/20260721_200947_seed1337_bda60282_best_step1500.pt,1500,fodors_zagats,cross_source,False,0.9990687,2,"name, addr, phone",68,121,,,,,,,,,,,,,415-776-5577,415-673-7779,2316 polk st.,777 sutter st.,,,,,,,,,,,,,,,,,,,,,,,,,,,,,,,,,,,,,la folie,fleur de lys,san francisco,san francisco,french (new),french (new),,,,,,,,,,,,,,,,
hard_negative_wag,results/model_checkpoints/20260721_200947_seed1337_bda60282_best_step1500.pt,1500,fodors_zagats,cross_source,False,0.99903166,2,"name, addr, phone",69,120,,,,,,,,,,,,,415/776-5577,415/673-7779,2316 polk st.,777 sutter st.,,,,,,,,,,,,,,,,,,,,,,,,,,,,,,,,,,,,,la folie,fleur de lys,san francisco,san francisco,french,french,,,,,,,,,,,,,,,,
hard_negative_wag,results/model_checkpoints/20260721_200947_seed1337_bda60282_best_step1500.pt,1500,fodors_zagats,cross_source,False,0.99851125,2,"name, addr, phone",57,74,,,,,,,,,,,,,404-231-1368,404-261-8186,2637 peachtree rd. ne,2355 peachtree rd. ne,,,,,,,,,,,,,,,,,,,,,,,,,,,,,,,,,,,,,la grotta,abruzzi,atlanta,atlanta,italian,italian,,,,,,,,,,,,,,,,
hard_negative_wag,results/model_checkpoints/20260721_200947_seed1337_bda60282_best_step1500.pt,1500,fodors_zagats,cross_source,False,0.99792635,2,"name, addr, phone",72,95,,,,,,,,,,,,,212/ 319-1660,212/339-6719,34 e. 61st st.,2 e. 55th st.,,,,,,,,,,,,,,,,,,,,,,,,,,,,,,,,,,,,,aureole,lespinasse,new york,new york,american,american,,,,,,,,,,,,,,,,
hard_negative_wag,results/model_checkpoints/20260721_200947_seed1337_bda60282_best_step1500.pt,1500,fodors_zagats,cross_source,False,0.99753535,2,"name, addr, phone",49,68,,,,,,,,,,,,,415-387-0408,415-776-5577,126 clement st.,2316 polk st.,,,,,,,,,,,,,,,,,,,,,,,,,,,,,,,,,,,,,alain rondelli,la folie,san francisco,san francisco,french (new),french (new),,,,,,,,,,,,,,,,
hard_negative_wag,results/model_checkpoints/20260721_200947_seed1337_bda60282_best_step1500.pt,1500,fodors_zagats,cross_source,False,0.9974589,1,"name, addr, phone, type",60,130,,,,,,,,,,,,,415-495-5775,415-989-7154,816 folsom st.,648 bush st.,,,,,,,,,,,,,,,,,,,,,,,,,,,,,,,,,,,,,lulu restaurant-bis-cafe,masa's,san francisco,san francisco,mediterranean,french (new),,,,,,,,,,,,,,,,
hard_negative_wag,results/model_checkpoints/20260721_200947_seed1337_bda60282_best_step1500.pt,1500,fodors_zagats,cross_source,False,0.99702245,1,"name, addr, phone, type",75,128,,,,,,,,,,,,,404/261-8186,404-266-1440,2355 peachtree rd.  peachtree battle shopping center,3393 peachtree rd.,,,,,,,,,,,,,,,,,,,,,,,,,,,,,,,,,,,,,abruzzi,brasserie le coze,atlanta,atlanta,italian,french bistro,,,,,,,,,,,,,,,,
hard_negative_wag,results/model_checkpoints/20260721_200947_seed1337_bda60282_best_step1500.pt,1500,fodors_zagats,cross_source,False,0.9960691,1,"name, addr, phone, type",47,129,,,,,,,,,,,,,404-659-0400,404/266-1440,181 peachtree st.,3393 peachtree rd.  lenox square mall  near neiman marcus,,,,,,,,,,,,,,,,,,,,,,,,,,,,,,,,,,,,,ritz-carlton restaurant,brasserie le coze,atlanta,atlanta,french (classic),french,,,,,,,,,,,,,,,,
hard_negative_wag,results/model_checkpoints/20260721_200947_seed1337_bda60282_best_step1500.pt,1500,fodors_zagats,cross_source,False,0.9958834,1,"name, addr, phone, type",172,210,,,,,,,,,,,,,212-752-2225,212-620-4020,249 e. 50th st.,12 e. 12th st.,,,,,,,,,,,,,,,,,,,,,,,,,,,,,,,,,,,,,lutece,gotham bar & grill,new york city,new york city,french (classic),american (new),,,,,,,,,,,,,,,,
hard_negative_wag,results/model_checkpoints/20260721_200947_seed1337_bda60282_best_step1500.pt,1500,fodors_zagats,cross_source,False,0.9958347,1,"name, addr, phone, type",24,39,,,,,,,,,,,,,415/668-6654,415-776-7825,5937 geary blvd.,545 post st.,,,,,,,,,,,,,,,,,,,,,,,,,,,,,,,,,,,,,khan toke thai house,postrio,san francisco,san francisco,asian,californian,,,,,,,,,,,,,,,,
hard_negative_wag,results/model_checkpoints/20260721_200947_seed1337_bda60282_best_step1500.pt,1500,fodors_zagats,cross_source,False,0.9956826,1,"name, addr, phone, type",70,129,,,,,,,,,,,,,404-874-7600,404/266-1440,1529 piedmont ave.,3393 peachtree rd.  lenox square mall  near neiman marcus,,,,,,,,,,,,,,,,,,,,,,,,,,,,,,,,,,,,,ciboulette restaurant,brasserie le coze,atlanta,atlanta,french (new),french,,,,,,,,,,,,,,,,
hard_negative_wag,results/model_checkpoints/20260721_200947_seed1337_bda60282_best_step1500.pt,1500,fodors_zagats,cross_source,False,0.99523145,2,"name, addr, phone",64,68,,,,,,,,,,,,,415-296-7465,415-776-5577,600 stockton st.,2316 polk st.,,,,,,,,,,,,,,,,,,,,,,,,,,,,,,,,,,,,,ritz-carlton dining room (san francisco),la folie,san francisco,san francisco,french (new),french (new),,,,,,,,,,,,,,,,
hard_negative_wag,results/model_checkpoints/20260721_200947_seed1337_bda60282_best_step1500.pt,1500,fodors_zagats,cross_source,False,0.99454737,2,"name, addr, phone",33,38,,,,,,,,,,,,,415/543-6084,415/776-7825,1 mission st.,545 post st.,,,,,,,,,,,,,,,,,,,,,,,,,,,,,,,,,,,,,boulevard,postrio,san francisco,san francisco,american,american,,,,,,,,,,,,,,,,
hard_negative_wag,results/model_checkpoints/20260721_200947_seed1337_bda60282_best_step1500.pt,1500,fodors_zagats,cross_source,False,0.99404055,1,"name, addr, phone, type",33,130,,,,,,,,,,,,,415/543-6084,415-989-7154,1 mission st.,648 bush st.,,,,,,,,,,,,,,,,,,,,,,,,,,,,,,,,,,,,,boulevard,masa's,san francisco,san francisco,american,french (new),,,,,,,,,,,,,,,,
hard_negative_wag,results/model_checkpoints/20260721_200947_seed1337_bda60282_best_step1500.pt,1500,fodors_zagats,cross_source,False,0.99381655,1,"name, addr, phone, type",58,89,,,,,,,,,,,,,415-955-5555,415-775-7036,340 stockton st.,804 north point st.,,,,,,,,,,,,,,,,,,,,,,,,,,,,,,,,,,,,,campton place,chez michel,san francisco,san francisco,american (new),californian,,,,,,,,,,,,,,,,
hard_negative_wag,results/model_checkpoints/20260721_200947_seed1337_bda60282_best_step1500.pt,1500,fodors_zagats,cross_source,False,0.99371874,1,"name, addr, phone, type",94,179,,,,,,,,,,,,,212-339-6719,212-307-7311,2 e. 55th st.,13 w. 54th st.,,,,,,,,,,,,,,,,,,,,,,,,,,,,,,,,,,,,,lespinasse (new york city),aquavit,new york city,new york city,asian,scandinavian,,,,,,,,,,,,,,,,
hard_negative_wag,results/model_checkpoints/20260721_200947_seed1337_bda60282_best_step1500.pt,1500,fodors_zagats,cross_source,False,0.9937018,2,"name, addr, phone",56,75,,,,,,,,,,,,,404/231-1368,404/261-8186,2637 peachtree rd.  peachtree house condominium,2355 peachtree rd.  peachtree battle shopping center,,,,,,,,,,,,,,,,,,,,,,,,,,,,,,,,,,,,,la grotta,abruzzi,atlanta,atlanta,italian,italian,,,,,,,,,,,,,,,,
hard_negative_wag,results/model_checkpoints/20260721_200947_seed1337_bda60282_best_step1500.pt,1500,walmart_amazon,cross_source,False,0.9999664,0,"title, brand, modelno, category, price, description",452,678,,,,,,,,,,,,,,,,,,,,,,,,,,,,,,,,,,,,,,,,,,,,,42LV5500 42 Class 1080P 120Hz LED TV with SmartTV,Panasonic BB-HCM580A PoE Zoom MPEG-4 Network Camera,,,,,,,,,,,,,LG,Panasonic,,BB-HCM580A,TVs,Garden - General,1029.99,779.82,LG Smart TV LED Backlighting TruMotion 120Hz Wi-Fi Ready Adapter Included Magic Motion Remote Included Full HD 1080p Resolution DLNA Certified ENERGY STAR Qualified Picture Wizard II Intelligent Sensor Smart Energy Saving ISFccc Ready The LV5500 delivers LED picture quality that along with a whole lot more You can tap directly into instant entertainment with Smart TV and with TruMotion 120Hz refresh rate sports and faction movies never looked better,1 4  CCD sensor Video Resolution up to 640 x 480 pixels Simultaneous MPEG4 and JPEG monitoring The Panasonic BB-HCM580A PoE Zoom MPEG-4 Network Camera lets you monitor very large areas with its maximum 360-degree pan and 158-degree tilt functions. A full 42x power zoom also makes it possible to check places in super-fine detail. And dual-stack IPv4 IPv6 protocol prepares it for IPv6 services. This lets you grab every business possibility by breaking distance and time barriers with Zero Distance Management. Panasonic BB-HCM580A PoE Zoom MPEG-4 Network Camera 1 4  CCD sensor Video Resolution up to 640 x 480 pixels Simultaneous MPEG4 and JPEG monitoring Motion detection Color Night View mode 360 degree pan 158 degree tilt Full 42x power zoom SD memory card recording Cell phone monitoring Analog video output,,,,,,
hard_negative_wag,results/model_checkpoints/20260721_200947_seed1337_bda60282_best_step1500.pt,1500,walmart_amazon,cross_source,False,0.99996626,0,"title, brand, modelno, category, price, description",710,854,,,,,,,,,,,,,,,,,,,,,,,,,,,,,,,,,,,,,,,,,,,,,ViewSonic PJD7383 XGA 1024x768 Ultra Short Throw DLP Projector - 3000 Lumens 3000 1 DCR 120Hz 3D Ready 10W Speakers,Elite Screens CineGray Prime Vision Series Fixed Frame Screen - 135 Diagonal,,,,,,,,,,,,,ViewSonic,Elite Screens,PJD7383,PVR135H1,Video Projectors,Electronics - General,764.99,1069,1024 x 768 XGA resolution 3000 Lumens 3000 1 DCR PC-Less Picture Slide Show Presentation USB Thumb Drive Network amp USB Display Wireless Capable by Optional USB Dongle Ultra Short Throw 0.61 1 Projects 81 image from 1m 120Hz 3D TI DLP Link Ready Stunning Color Clarity Powered by TI BrilliantColor Technology Control Management via Ethernet RJ45 with Creston RoomView Express Free Download Lamp Life 4000 6000 hrs N Eco 1W usage in Power Saving Mode Laser Remote Control amp Batteries Included The PJD7383 is an advanced ultra short throw DLP projector which includes BrilliantColor tech nology to produce more vibrant colors while the high brightness and contrast ratios make this projector shine in virtually any lighting situa tion. The PJD7383 delivers 3000 lumens 3000 1 dynamic contrast ratio with a 1024 x 768 XGA native resolution and equips with a wide range of input options including dual RGB ports Ethernet RJ45 USB and WiFi with optional adapter . The PJD7383 can be displayed and managed over the network through its advanced management software. The ViewSonic PJD7383 is the ideal projector for both businesses and schools.,Tension Screen Material is best for those using low contrast ratio LCD projectors in a home theater environment and need to improve picture black levels. Features -Standard Ultra-Wide 3.5 Black Velvet Trim Frame. -Screen Material Elite Screens CineGray. -Frame Trim Pro-Trim Black Velour Surfacing to absorb light overshoot. -Wall installation only. -Flat tension screen surface- -Black backed material eliminates light penetration. -Available in CineGrey 1.0 gain gray . -Easy to assemble and install in minutes. -Sliding wall mounts to ensure the installation is properly centered. -Wide projection angle. -Sizes available from 84 to 200 . -Split frame design for added protection during shipment and storage. Specifications -16 9 format. -135 diagonal. -Screen Gain 1.0. -Overall Dimensions 73 H x 124 W x 1.5 D. -3-year parts and labor manufacturer warranty. Brochure ELI1052 Tension Screen Material is best for those using low contrast ratio LCD projectors in a home theater environment and need to improve picture black levels.   Features Standard Ultra-Wide 3.5 Black Velvet Trim Frame Screen Material Elite Screens CineGray Frame Trim Pro-Trim Black Velour Surfacing to absorb light overshoot Wall installation only Flat tension screen surface  Black backed material eliminates light penetration Available in CineGrey 1.0 gain gray Easy to assemble and install in minutes Sliding wall mounts to ensure the installation is properly centered Wide projection angle Sizes available from 84 to 200 Split frame design for added protection during shipment and storage  Specifications 16 9 format 135 diagonal Screen Gain 1.0 Overall Dimensions 73 H x 124 W x 1.5 D 3-year parts and labor manufacturer warranty,,,,,,
hard_negative_wag,results/model_checkpoints/20260721_200947_seed1337_bda60282_best_step1500.pt,1500,walmart_amazon,cross_source,False,0.9999659,0,"title, brand, modelno, category, price, description",236,338,,,,,,,,,,,,,,,,,,,,,,,,,,,,,,,,,,,,,,,,,,,,,Da-Plex Base Rear Projection Screen - 57 3 4 x 77 Video Format,VIZIO XVT553SV 55-Inch Class Full Array TruLED with Smart Dimming LCD HDTV 240 Hz SPS with VIZIO Internet Apps,,,,,,,,,,,,,Da-Lite,Vizio,,XVT553SV,Projection Screens,TVs,2608.99,1652.63,27528 Da-Lite offers a wide range of rigid rear projection screen systems for any need ranging from corporate boardrooms to home theaters. With Da-Lite rear projection screens viewers can enjoy bright high resolution images without turning the lights off. Base Factory Installed Frame -Mitered corners eliminate rear light leaks without caulking -Black anodized finish. Constructed of lightweight extruded aluminum U-channel -Frame insert size equals screen viewing area plus 2-1 2,55-inch direct type LED-backlit LCD HDTV with full 1080p HD resolution 1920 x 1080 pixels and 240Hz refresh rate Connect to the Internet via built in dual-band Wi-Fi 802.11n or Ethernet to stream video audio and news content from VIZIO Internet Apps VIA Smart Dimming intelligently controls LED blocks to produce 10 000 000 1 dynamic contrast ratio Connections 5 HDMI 1 component 1 composite 1 PC 1 RF 1 Ethernet 1 optical digital output 1 audio output and 3 USB Includes detachable base and thumbscrew and Bluetooth remote with slide-out QWERTY keyboard VIZIO s 55 Class Full Array TruLEDTM LCD HDTV with VIZIO Internet AppsTM delivers the ultimate HDTV experience. Packed with the latest technology this high performance HDTV combines advanced picture quality immersive virtual surround sound and premium wireless Internet connectivity so you can enjoy sports movies even the best of the web all right on your HDTV. Featuring Full Array TruLED backlighting with Smart Dimming 120 zones 240 Hz SPS 1080p Full HD and 10 million to 1 Dynamic Contrast Ratio this HDTV renders every image with amazing clarity color and contrast. Enjoy immersive virtual surround sound with SRS TruSurround HDTM and SRS TruVolume premium audio processing. It also includes VIZIO Internet AppsTM with built-in WiFi 802.11n dual-band giving you the convenience of on-demand movies TV shows social networking music photos and more at the push of a button on the premium Bluetooth universal remote. Full Array TruLEDTM backlighting with Smart Dimming 120 zones  VIZIO Internet AppsTM Built-in WiFi 802.11n dual-band 240 Hz SPS 10 million to 1 Dynamic Contrast Ratio Bluetooth Universal Remote Control 1080p Full HD SRS TruSurround HDTM and SRS TruVolume audio Ambient Light Sensing technology Exceeds Energy StarTM 4.0 guidelines Five HDMI ports VIZIO s XVT553SV 55 TruLED LCD HDTV with VIZIO Internet Apps delivers the ultimate HDTV experience. Packed with the latest technology this high performance HDTV combines advanced picture quality immersive virtual high definition sound and premium wireless Internet connectivity with built-in Wi-Fi 802.11n dual-band so you can enjoy the convenience of on-demand movies TV shows social networking music photos and more with just the push of a button on the premium Bluetooth QWERTY keyboard universal remote.          Backlit LED blocks turn on and off based on the real-time content.            240Hz SPS technology delivers 240 scenes per second for clarity.            Control TV and Internet Apps via remote with QWERTY keypad.            Save money as you conserve the planet s resources with ECO HD.           Featuring full array TruLED backlighting with Smart Dimming for brilliant clarity 240Hz SPS refresh rate for sharper blur free images full 1080p high definition detail and 10 000 000 to 1 Dynamic Contrast Ratio delivering deeper blacks and brighter whites through contrast and dimensions the XVT553SV renders every image with amazing precision color and contrast. Enjoy immersive virtual high definition sound with SRS TruSurround HD premium audio processing and SRS TruVolume eliminating volume inconsistencies between programming. Take pleasure in knowing this energy efficient LED LCD HDTV exceeds new ENERGY STAR 4.1 guidelines conserving our planet s resources while saving you money.    Key Features         Advanced picture quality immersive virtual high definition sound and premium wireless Internet connectivity.  View larger.            The customized Bluetooth VUR10 remote with slide out QWERTY keypad.  View larger.            Plenty of high definition inputs and connection including 4 HDMI Ethernet 3 USB and more.  View larger.        55-inch HDTV  featuring 1920 x 1080 pixels and support for 1.06 billion colors.    Features VIZIO TruLED and Smart Dimming technologies  providing backlit illumination of the screen that results in breathtaking clarity and depth of color while consuming up to 50 percent less energy than other HDTVs.    Full 1080P High Definition resolution  gives you over 2 million pixels making the clarity and detail of your picture razor sharp.    240Hz refresh rate  delivers 240 scenes per second producing enhanced frame rate and delivering sharper clarity of fast action scenes for blur free images.    178-Degree horizontal vertical viewing angle  results in a crisp and clear picture that is easily visible from just about anywhere in the room.    Two built-in 15-watt speakers  provide room-filling sound.    SRS Audio Technologies SRS TruVolume evens out dynamics to limit volume inconsistencies between programming while SRS TruSurround HD delivers immersive virtual high-definition surround sound out of the unit s two speakers.    Connect to the Internet via integrated Wireless-N Wi-Fi  or via the included Ethernet port.    VIZIO Internet Apps VIA let you easily connect to the Internet and stream movies and TV shows listen to music and get the latest news sports and weather. VIA comes with Amazon Instant Video Flickr Netflix Rhapsody Twitter VUDU and Yahoo TV Widgets pre-loaded on the TV ready to launch on-screen at the touch of a single button on the remote. You can continually discover and download more apps from other content and service providers by browsing our gallery of apps that is dynamically updated right on your VIZIO HDTV. Learn more Customized Bluetooth remote with slide out QWERTY keypad  enables you to control your TV even type on-screen from any spot in the room--all without having to point the remote at the TV. This universal remote also uses infrared to control all of the A V devices connected to their HDTV such as DVD and Blu-ray players VCRs audio devices cable and satellite set-top boxes DVRs and other components.    ECO HD  exceeds the current Energy Star Guidelines by 50 percent below Energy Star 3.0 saving you money on your utility bills while limiting the impact on our planet.    Mercury free display The display s backlight is environmentally-friendly due to the fact that LED backlights do not utilize mercury an environmentally harmful substance.    Warranty One year parts and labor and free lifetime technical support.    Connections    HDMI with HDCP 5 1 side Component 1   Composite A V 1   RF 1   PC input RGB 1   SPDIF Digital Optical Output 1   Stereo Audio Output 1   USB 3 on the side Dimensions    TV with stand 52.18 x 35.06 x 12.90  WxHxD 77.16 pounds   TV without stand 52.18 x 33.28 x 2.95  WxHxD 76.06 pounds    What size TV should you get What s in the Box    VIZIO XVT553SV HDTV VIZIO remote control VUR10 AA batteries for the remote control 2 detachable base and thumb screw power cord VIZIO cloth safety strap user manual quick setup guide registration card.    Technical Specifications    Screen size 55 inches   Tuner ATSC Clear QAM Tuner   Native Panel Resolution 1920 x 1080 pixels   Computer Support 1920x1080 1360x768 800x600 640x480 via VGA HDMI   Dynamic Contrast Ratio 10 000 000 1 w DCR   Brightness 500 nits   Response Time 5ms   Picture-in-Picture PIP Yes   Picture-outside-Picture POP Yes   Zero Bright Pixel Defect Guarantee Yes   V-Chip Yes   3D Comb Filter Yes   3 2 or 2 2 Reverse Pull-down Yes   ATSC with 8VSB and QAM demodulation Yes   ATSC with MPEG-2 decoding Yes   NTSC Video decoding via Video Yes   Progressive Scan Video Yes   Color Fine Tuning Independent Red Green and Blue   Universal Remote VIZIO Bluetooth Remote Control with Qwerty Keyboard - VUR10   Panel Lamp Life typical 50 000 hours   Voltage Range 100 240 Vac at 50 60 Hz   Power Consumption 225W AVG Wall mount hole pattern VESA standard 200mm x 200mm    Learn More       VIZIO Internet Apps          VIZIO Internet Apps VIA connects your HDTV to a variety of online entertainment and news sources.  Learn more.        This VIZIO HDTV includes the VIZIO Internet Apps feature VIA and it comes pre-loaded with Amazon Instant Video Flickr Netflix Rhapsody Twitter VUDU and Yahoo TV Widgets ready to launch on-screen at the touch of a single button on the premium Bluetooth universal remote control. A high-speed Internet connection is required to access content and receive product updates and this model enables you to connect to the Internet via integrated Wireless-N Wi-Fi or wired Ethernet.     When you press the VIA button on your remote the Apps Dock appears along the bottom of your screen with a selection of different Apps that let you watch movies TV shows listen to music or get weather and news information all on demand. In addition to the providers listed above new partners for 2010 include blip.tv Blip.tv is an online television network that hosts the best original shows on the Web from scripted sitcoms and dramas to shows about fashion technology politics and more.    CBS The CBS Widget offers easy access to CBS schedule information program metadata previews and clips cast photos and BIOS and more.    NBC View NBC s show schedule view full screen photo galleries and catch up on your favorite shows with up-to-date quick text recaps cast BIOS and more.    CNBC The CNBC widget allows you to interact with CNBC s real-time stock quotes direct from the NYSE and NASDAQ real-time watchlists to track favorite stocks and other key analytics.    iMemories Now all your old home movies photos and slides can be watched directly on your VIZIO TV with iMemories. iMemories digitally converts and preserves all your favorite memories online regardless of the original media format.    Roxio CinemaNow The Roxio CinemaNow platform enables you to instantly access a broad range of high-quality digital entertainment from your favorite consumer electronic devices.    The Weather Channel Get your weather forecast when you want it with the press of your remote. The Weather Channel Widget delivers current conditions the 5-day forecast and more for your zip code and thousands more.          VIZIO 2011 XVT Series Comparison    Series    XVT3D-0SV      XVT3D-4SV      XVT-3SV      Display Sizes    65 42  47  55 32  37  47  55 Panel Type   Edge-Lit LED    Full Array LED 47 55 Edge-Lit LED 42 LED with  Smart Dimming     3D Ready   Theater 3D    Full HD 3D    Full HD 3D     Resolution   1080p    1080p    1080p     Contrast Ratio   1 000 000 1    10 000 000 1 47 55 1 000 000 1 42 1 000 000 1 32 37 10 000 000 1 47 55 Response Time 5 ms    4 ms    5 ms     Refresh Rate   120Hz    480Hz    120Hz 32 37 240Hz 47 55 Light Sensor             --     VIZIO Internet Apps                   Wireless LAN   802.11n  Dual Band    802.11n  Dual Band    802.11n  Dual Band     Ethernet                   HDMI Inputs   5    5    4 32 37 5 47 55 PC Input                   USB 2.0 Ports   3    3    3     USB Supported Formats    MP3 JPEG MPEG may be available via future firmware update.,,,,,,
hard_negative_wag,results/model_checkpoints/20260721_200947_seed1337_bda60282_best_step1500.pt,1500,walmart_amazon,cross_source,False,0.9999659,0,"title, brand, modelno, category, price, description",452,884,,,,,,,,,,,,,,,,,,,,,,,,,,,,,,,,,,,,,,,,,,,,,42LV5500 42 Class 1080P 120Hz LED TV with SmartTV,Da-Lite High Power Advantage Manual with CSR - HDTV Format 133 diagonal,,,,,,,,,,,,,LG,Da-Lite,,85742,TVs,Electronics - General,1029.99,1267.99,LG Smart TV LED Backlighting TruMotion 120Hz Wi-Fi Ready Adapter Included Magic Motion Remote Included Full HD 1080p Resolution DLNA Certified ENERGY STAR Qualified Picture Wizard II Intelligent Sensor Smart Energy Saving ISFccc Ready The LV5500 delivers LED picture quality that along with a whole lot more You can tap directly into instant entertainment with Smart TV and with TruMotion 120Hz refresh rate sports and faction movies never looked better,Features -Ceiling recessed manually operated screen..-Developed with the installation process in mind the Advantage  Manual Screen with Controlled Screen Return CSR provides the convenience and flexibility of installing the case and fabric roller assemblies at separate stages of construction..-A floating mounting method utilizing adjustable roller brackets is designed into the lightweight extruded aluminum case allowing the centering or offsetting of the screen..-Finished case edges provide a clean look and comfortable build-in of ceiling tiles..-The CSR system ensures the quiet controlled return of the screen into the case providing optimal performance and smooth consistent operation..-Screens with the CSR feature must be fully extended. There are not intermediate stopping positions..-Pull cord included.. Screen Material High Power A technological breakthrough providing the reflectivity and optical characteristics of a traditional glass beaded surface with the ability to clean the surface when necessary. Its smooth textured surface provides the highest gain of all front projection screen surfaces with no resolution loss. The moderate viewing angle and its ability to reflect light back along the projection axis make this surface the best choice for situations where there is a moderate amount of ambient light and the projector is placed on a table-top or in the same horizontal viewing plane as the audience. Flame retardant and mildew resistant. Viewing Angle 30  Gain 2.4 DL6124 Features Ceiling recessed manually operated screen. Developed with the installation process in mind the Advantage Manual Screen with Controlled Screen Return CSR provides the convenience and flexibility of installing the case and fabric roller assemblies at separate stages of construction. A floating mounting method utilizing adjustable roller brackets is designed into the lightweight extruded aluminum case allowing the centering or offsetting of the screen. Finished case edges provide a clean look and comfortable build-in of ceiling tiles. The CSR system ensures the quiet controlled return of the screen into the case providing optimal performance and smooth consistent operation. Screens with the CSR feature must be fully extended. There are not intermediate stopping positions. Pull cord included.    Screen Material High Power  A technological breakthrough providing the reflectivity and optical characteristics of a traditional glass beaded surface with the ability to clean the surface when necessary. Its smooth textured surface provides the highest gain of all front projection screen surfaces with no resolution loss. The moderate viewing angle and its ability to reflect light back along the projection axis make this surface the best choice for situations where there is a moderate amount of ambient light and the projector is placed on a table-top or in the same horizontal viewing plane as the audience. Flame retardant and mildew resistant. Viewing Angle 30 Gain 2.4,,,,,,
hard_negative_wag,results/model_checkpoints/20260721_200947_seed1337_bda60282_best_step1500.pt,1500,walmart_amazon,cross_source,False,0.9999659,1,"title, brand, category, price, description",855,885,,,,,,,,,,,,,,,,,,,,,,,,,,,,,,,,,,,,,,,,,,,,,CineGray Prime Vision Series Fixed Frame Screen - 135 Diagonal,Da-Lite Advantage Manual With CSR - Projection screen - 133 in - 16 9 - High Power,,,,,,,,,,,,,Elite,Da-Lite,,,Projection Screens,Home Audio Theater,1069.00,904.95,PVR135H1 Tension Screen Material is best for those using low contrast ratio LCD projectors in a home theater environment and need to improve picture black levels. Features -Standard Ultra-Wide 3.5 Black Velvet Trim Frame. -Screen Material Elite Screens CineGray. -Frame Trim Pro-Trim Black Velour Surfacing to absorb light overshoot. -Wall installation only. -Flat tension screen surface- -Black backed material eliminates light penetration. -Available in CineGrey 1.0 gain gray . -Easy to assemble and install in minutes. -Sliding wall mounts to ensure the installation is properly centered. -Wide projection angle. -Sizes available from 84 to 200 . -Split frame design for added protection during shipment and storage. Specifications -16 9 format. -135 diagonal. -Screen Gain 1.0. -Overall Dimensions 73 H x 124 W x 1.5 D. -3-year parts and labor manufacturer warranty. Brochure,Provides Optimal Performance and Smooth Consistent Operation Designed for ceiling recessed installation. Surface with black masking borders standard on flame retardant and mildew resistant fiberglass fabric mounted on a ball bearing rigid steel spring roller. A floating mounting method utilizing adjustable roller brackets is designed into a lightweight extruded aluminum case allowing the centering or offsetting of the screen. Equipped with Controlled Screen Return CSR to control the return speed of the screen surface back into the case. The Advantage Manual is a ceiling recessed manually operated screen. Developed with the installation process in mind the Advantage Manual Screen with Controlled Screen Return CSR provides the convenience and flexibility of installing the case and fabric roller assemblies at separate stages of construction. A floating mounting method utilizing adjustable roller brackets is designed into the lightweight extruded aluminum case allowing the centering or offsetting of the screen. Finished case edges provide a clean look and comfortable build-in of ceiling tiles. Offered exclusively by Da-Lite the Controlled Screen Return CSR system adds an impressive feature to the Advantage design. The CSR system ensures the quiet controlled return of the screen into the case providing optimal performance and smooth consistent operation Screens with the CSR feature must be fully extended. There are no intermediate stopping positions. Matte White fabric up to and including 10 high will be seamless. Video Spectra 1.5 and High Contrast Matte White fabric up to and including 8 high will be seamless. High Power fabric up to and including 6 high will be seamless. High Power A technological breakthrough providing the reflectivity and optical characteristics of a traditional glass beaded surface with the ability to clean the surface when necessary. Its smooth textured surface provides the highest gain of all front projection scree,,,,,,
hard_negative_wag,results/model_checkpoints/20260721_200947_seed1337_bda60282_best_step1500.pt,1500,walmart_amazon,cross_source,False,0.9999658,2,"title, modelno, price, description",349,884,,,,,,,,,,,,,,,,,,,,,,,,,,,,,,,,,,,,,,,,,,,,,Da-Lite Matte White Concord Designer Manual Screen - 70 x 70 AV Format,Da-Lite High Power Advantage Manual with CSR - HDTV Format 133 diagonal,,,,,,,,,,,,,Da-Lite,Da-Lite,76454,85742,Electronics - General,Electronics - General,923.99,1267.99,Features -Great for any room especially boardrooms where aesthetics are important..-Mounts either to wall or ceiling. Patented in-the-roller motor mounting system for quiet operation..-Standard with a Decora style three position wall switch..-Available with a silent motor option.. Screen Material Matte White One of the most versatile screen surfaces and a good choice for situations when presentation material is being projected and ambient light is controllable. Its surface evenly distributes light over a wide viewing area. Colors remain bright and life-like with no shifts in hue. Flame retardant and mildew resistant. Viewing Angle 60  Gain 1.0 DL6714 Features Great for any room especially boardrooms where aesthetics are important. Mounts either to wall or ceiling. Patented in-the-roller motor mounting system for quiet operation. Standard with a Decora style three position wall switch. Available with a silent motor option.    Screen Material Matte White  One of the most versatile screen surfaces and a good choice for situations when presentation material is being projected and ambient light is controllable. Its surface evenly distributes light over a wide viewing area. Colors remain bright and life-like with no shifts in hue. Flame retardant and mildew resistant. Viewing Angle 60 Gain 1.0,Features -Ceiling recessed manually operated screen..-Developed with the installation process in mind the Advantage  Manual Screen with Controlled Screen Return CSR provides the convenience and flexibility of installing the case and fabric roller assemblies at separate stages of construction..-A floating mounting method utilizing adjustable roller brackets is designed into the lightweight extruded aluminum case allowing the centering or offsetting of the screen..-Finished case edges provide a clean look and comfortable build-in of ceiling tiles..-The CSR system ensures the quiet controlled return of the screen into the case providing optimal performance and smooth consistent operation..-Screens with the CSR feature must be fully extended. There are not intermediate stopping positions..-Pull cord included.. Screen Material High Power A technological breakthrough providing the reflectivity and optical characteristics of a traditional glass beaded surface with the ability to clean the surface when necessary. Its smooth textured surface provides the highest gain of all front projection screen surfaces with no resolution loss. The moderate viewing angle and its ability to reflect light back along the projection axis make this surface the best choice for situations where there is a moderate amount of ambient light and the projector is placed on a table-top or in the same horizontal viewing plane as the audience. Flame retardant and mildew resistant. Viewing Angle 30  Gain 2.4 DL6124 Features Ceiling recessed manually operated screen. Developed with the installation process in mind the Advantage Manual Screen with Controlled Screen Return CSR provides the convenience and flexibility of installing the case and fabric roller assemblies at separate stages of construction. A floating mounting method utilizing adjustable roller brackets is designed into the lightweight extruded aluminum case allowing the centering or offsetting of the screen. Finished case edges provide a clean look and comfortable build-in of ceiling tiles. The CSR system ensures the quiet controlled return of the screen into the case providing optimal performance and smooth consistent operation. Screens with the CSR feature must be fully extended. There are not intermediate stopping positions. Pull cord included.    Screen Material High Power  A technological breakthrough providing the reflectivity and optical characteristics of a traditional glass beaded surface with the ability to clean the surface when necessary. Its smooth textured surface provides the highest gain of all front projection screen surfaces with no resolution loss. The moderate viewing angle and its ability to reflect light back along the projection axis make this surface the best choice for situations where there is a moderate amount of ambient light and the projector is placed on a table-top or in the same horizontal viewing plane as the audience. Flame retardant and mildew resistant. Viewing Angle 30 Gain 2.4,,,,,,
hard_negative_wag,results/model_checkpoints/20260721_200947_seed1337_bda60282_best_step1500.pt,1500,walmart_amazon,cross_source,False,0.9999652,0,"title, brand, modelno, category, price, description",678,854,,,,,,,,,,,,,,,,,,,,,,,,,,,,,,,,,,,,,,,,,,,,,Panasonic BB-HCM580A PoE Zoom MPEG-4 Network Camera,Elite Screens CineGray Prime Vision Series Fixed Frame Screen - 135 Diagonal,,,,,,,,,,,,,Panasonic,Elite Screens,BB-HCM580A,PVR135H1,Garden - General,Electronics - General,779.82,1069,1 4  CCD sensor Video Resolution up to 640 x 480 pixels Simultaneous MPEG4 and JPEG monitoring The Panasonic BB-HCM580A PoE Zoom MPEG-4 Network Camera lets you monitor very large areas with its maximum 360-degree pan and 158-degree tilt functions. A full 42x power zoom also makes it possible to check places in super-fine detail. And dual-stack IPv4 IPv6 protocol prepares it for IPv6 services. This lets you grab every business possibility by breaking distance and time barriers with Zero Distance Management. Panasonic BB-HCM580A PoE Zoom MPEG-4 Network Camera 1 4  CCD sensor Video Resolution up to 640 x 480 pixels Simultaneous MPEG4 and JPEG monitoring Motion detection Color Night View mode 360 degree pan 158 degree tilt Full 42x power zoom SD memory card recording Cell phone monitoring Analog video output,Tension Screen Material is best for those using low contrast ratio LCD projectors in a home theater environment and need to improve picture black levels. Features -Standard Ultra-Wide 3.5 Black Velvet Trim Frame. -Screen Material Elite Screens CineGray. -Frame Trim Pro-Trim Black Velour Surfacing to absorb light overshoot. -Wall installation only. -Flat tension screen surface- -Black backed material eliminates light penetration. -Available in CineGrey 1.0 gain gray . -Easy to assemble and install in minutes. -Sliding wall mounts to ensure the installation is properly centered. -Wide projection angle. -Sizes available from 84 to 200 . -Split frame design for added protection during shipment and storage. Specifications -16 9 format. -135 diagonal. -Screen Gain 1.0. -Overall Dimensions 73 H x 124 W x 1.5 D. -3-year parts and labor manufacturer warranty. Brochure ELI1052 Tension Screen Material is best for those using low contrast ratio LCD projectors in a home theater environment and need to improve picture black levels.   Features Standard Ultra-Wide 3.5 Black Velvet Trim Frame Screen Material Elite Screens CineGray Frame Trim Pro-Trim Black Velour Surfacing to absorb light overshoot Wall installation only Flat tension screen surface  Black backed material eliminates light penetration Available in CineGrey 1.0 gain gray Easy to assemble and install in minutes Sliding wall mounts to ensure the installation is properly centered Wide projection angle Sizes available from 84 to 200 Split frame design for added protection during shipment and storage  Specifications 16 9 format 135 diagonal Screen Gain 1.0 Overall Dimensions 73 H x 124 W x 1.5 D 3-year parts and labor manufacturer warranty,,,,,,
hard_negative_wag,results/model_checkpoints/20260721_200947_seed1337_bda60282_best_step1500.pt,1500,walmart_amazon,cross_source,False,0.9999652,1,"title, brand, modelno, price, description",854,884,,,,,,,,,,,,,,,,,,,,,,,,,,,,,,,,,,,,,,,,,,,,,Elite Screens CineGray Prime Vision Series Fixed Frame Screen - 135 Diagonal,Da-Lite High Power Advantage Manual with CSR - HDTV Format 133 diagonal,,,,,,,,,,,,,Elite Screens,Da-Lite,PVR135H1,85742,Electronics - General,Electronics - General,1069,1267.99,Tension Screen Material is best for those using low contrast ratio LCD projectors in a home theater environment and need to improve picture black levels. Features -Standard Ultra-Wide 3.5 Black Velvet Trim Frame. -Screen Material Elite Screens CineGray. -Frame Trim Pro-Trim Black Velour Surfacing to absorb light overshoot. -Wall installation only. -Flat tension screen surface- -Black backed material eliminates light penetration. -Available in CineGrey 1.0 gain gray . -Easy to assemble and install in minutes. -Sliding wall mounts to ensure the installation is properly centered. -Wide projection angle. -Sizes available from 84 to 200 . -Split frame design for added protection during shipment and storage. Specifications -16 9 format. -135 diagonal. -Screen Gain 1.0. -Overall Dimensions 73 H x 124 W x 1.5 D. -3-year parts and labor manufacturer warranty. Brochure ELI1052 Tension Screen Material is best for those using low contrast ratio LCD projectors in a home theater environment and need to improve picture black levels.   Features Standard Ultra-Wide 3.5 Black Velvet Trim Frame Screen Material Elite Screens CineGray Frame Trim Pro-Trim Black Velour Surfacing to absorb light overshoot Wall installation only Flat tension screen surface  Black backed material eliminates light penetration Available in CineGrey 1.0 gain gray Easy to assemble and install in minutes Sliding wall mounts to ensure the installation is properly centered Wide projection angle Sizes available from 84 to 200 Split frame design for added protection during shipment and storage  Specifications 16 9 format 135 diagonal Screen Gain 1.0 Overall Dimensions 73 H x 124 W x 1.5 D 3-year parts and labor manufacturer warranty,Features -Ceiling recessed manually operated screen..-Developed with the installation process in mind the Advantage  Manual Screen with Controlled Screen Return CSR provides the convenience and flexibility of installing the case and fabric roller assemblies at separate stages of construction..-A floating mounting method utilizing adjustable roller brackets is designed into the lightweight extruded aluminum case allowing the centering or offsetting of the screen..-Finished case edges provide a clean look and comfortable build-in of ceiling tiles..-The CSR system ensures the quiet controlled return of the screen into the case providing optimal performance and smooth consistent operation..-Screens with the CSR feature must be fully extended. There are not intermediate stopping positions..-Pull cord included.. Screen Material High Power A technological breakthrough providing the reflectivity and optical characteristics of a traditional glass beaded surface with the ability to clean the surface when necessary. Its smooth textured surface provides the highest gain of all front projection screen surfaces with no resolution loss. The moderate viewing angle and its ability to reflect light back along the projection axis make this surface the best choice for situations where there is a moderate amount of ambient light and the projector is placed on a table-top or in the same horizontal viewing plane as the audience. Flame retardant and mildew resistant. Viewing Angle 30  Gain 2.4 DL6124 Features Ceiling recessed manually operated screen. Developed with the installation process in mind the Advantage Manual Screen with Controlled Screen Return CSR provides the convenience and flexibility of installing the case and fabric roller assemblies at separate stages of construction. A floating mounting method utilizing adjustable roller brackets is designed into the lightweight extruded aluminum case allowing the centering or offsetting of the screen. Finished case edges provide a clean look and comfortable build-in of ceiling tiles. The CSR system ensures the quiet controlled return of the screen into the case providing optimal performance and smooth consistent operation. Screens with the CSR feature must be fully extended. There are not intermediate stopping positions. Pull cord included.    Screen Material High Power  A technological breakthrough providing the reflectivity and optical characteristics of a traditional glass beaded surface with the ability to clean the surface when necessary. Its smooth textured surface provides the highest gain of all front projection screen surfaces with no resolution loss. The moderate viewing angle and its ability to reflect light back along the projection axis make this surface the best choice for situations where there is a moderate amount of ambient light and the projector is placed on a table-top or in the same horizontal viewing plane as the audience. Flame retardant and mildew resistant. Viewing Angle 30 Gain 2.4,,,,,,
hard_negative_wag,results/model_checkpoints/20260721_200947_seed1337_bda60282_best_step1500.pt,1500,walmart_amazon,cross_source,False,0.9999651,0,"title, brand, modelno, category, price, description",349,678,,,,,,,,,,,,,,,,,,,,,,,,,,,,,,,,,,,,,,,,,,,,,Da-Lite Matte White Concord Designer Manual Screen - 70 x 70 AV Format,Panasonic BB-HCM580A PoE Zoom MPEG-4 Network Camera,,,,,,,,,,,,,Da-Lite,Panasonic,76454,BB-HCM580A,Electronics - General,Garden - General,923.99,779.82,Features -Great for any room especially boardrooms where aesthetics are important..-Mounts either to wall or ceiling. Patented in-the-roller motor mounting system for quiet operation..-Standard with a Decora style three position wall switch..-Available with a silent motor option.. Screen Material Matte White One of the most versatile screen surfaces and a good choice for situations when presentation material is being projected and ambient light is controllable. Its surface evenly distributes light over a wide viewing area. Colors remain bright and life-like with no shifts in hue. Flame retardant and mildew resistant. Viewing Angle 60  Gain 1.0 DL6714 Features Great for any room especially boardrooms where aesthetics are important. Mounts either to wall or ceiling. Patented in-the-roller motor mounting system for quiet operation. Standard with a Decora style three position wall switch. Available with a silent motor option.    Screen Material Matte White  One of the most versatile screen surfaces and a good choice for situations when presentation material is being projected and ambient light is controllable. Its surface evenly distributes light over a wide viewing area. Colors remain bright and life-like with no shifts in hue. Flame retardant and mildew resistant. Viewing Angle 60 Gain 1.0,1 4  CCD sensor Video Resolution up to 640 x 480 pixels Simultaneous MPEG4 and JPEG monitoring The Panasonic BB-HCM580A PoE Zoom MPEG-4 Network Camera lets you monitor very large areas with its maximum 360-degree pan and 158-degree tilt functions. A full 42x power zoom also makes it possible to check places in super-fine detail. And dual-stack IPv4 IPv6 protocol prepares it for IPv6 services. This lets you grab every business possibility by breaking distance and time barriers with Zero Distance Management. Panasonic BB-HCM580A PoE Zoom MPEG-4 Network Camera 1 4  CCD sensor Video Resolution up to 640 x 480 pixels Simultaneous MPEG4 and JPEG monitoring Motion detection Color Night View mode 360 degree pan 158 degree tilt Full 42x power zoom SD memory card recording Cell phone monitoring Analog video output,,,,,,
hard_negative_wag,results/model_checkpoints/20260721_200947_seed1337_bda60282_best_step1500.pt,1500,walmart_amazon,cross_source,False,0.9999651,1,"title, brand, modelno, price, description",386,569,,,,,,,,,,,,,,,,,,,,,,,,,,,,,,,,,,,,,,,,,,,,,Tripp Lite SmartOnline SU1500RTXL2Ua 1500VA Tower Rack Mountable UPS,ATI FirePro V7800 2GB PCI Express 2.0 Graphics Card,,,,,,,,,,,,,Tripp Lite,ATI,SU1500RTXL2UA,100505604,Electronics - General,Electronics - General,599,739.82,Operation through blackouts voltage fluctuations and surges Compact rack mount form factor Ships with all mounting accessories The Tripp Lite SmartOnline SU1500RTXL2Ua 1500VA Tower Rack Mountable UPS system for critical server network and telecommunications equipment has a 2U rack mount form factor with an installed depth of only 19 . Operates continuously without using battery power during brownouts to 65V and over voltages to 138V. Highly efficient operation in optional economy mode saves BTU heat output and energy costs. It has NEMA 5-15P input plug and NEMA 5-15R output receptacles. Network management interfaces support simultaneous communications via USB port DB9 serial port and SNMPWEBCARD slot. HID-compliant USB interface enables integration with built-in power management and auto shutdown features of Windows and Mac OS X. Supports simultaneous detailed monitoring of equipment load levels self-test data and utility power conditions via all three network interfaces. Tripp Lite SmartOnline SU1500RTXL2Ua 1500VA Tower Rack Mountable UPS Operation through blackouts voltage fluctuations and surges Compact rack mount form factor Built-in Emergency Power Off interface cable Removes harmonic distortion 14 minutes half load and 5 minutes full load runtime Communications via USB port DB9 serial port and SNMPWEBCARD slot Ships with all mounting accessories,Supports both dual-link DVI and DisplayPort connectivity Drives up to 3 independent 30  displays 2GB GDDR5 memory Introducing the ATI FirePro V7800 graphics card a high-end workstation solution with professional-level performance. This high-end workstation solution features ATI Eyefinity technology and 2GB of ultra high-speed GDDR5 memory. With its large frame buffer and full 30-bit display pipeline the ATI FirePro V7800 is ideally suited for users who work on complex models and visual effects and need to meet the requirements of demanding visualization jobs. ATI FirePro V7800 2GB PCI Express 2.0 Graphics Card Supports both dual-link DVI and DisplayPort connectivity ATI Eyefinity technology Drives up to 3 independent 30  displays 12.3 million pixels 2GB GDDR5 memory High Dynamic Range HDR rendering with 8-bit 10-bit and 16-bit per RGD color component support Scalable ultra-parallel processing architecture with 1440 steam processors AutoDetect technology instinctively optimizes performance for multi-application workflow Hardware acceleration of DirectX 11 and OpenGL 3.2 advanced features Optimized and certified for many major CAD and DDC applications PCI Express 2.0 compliant Full 30-bit display pipeline enables more color values than 24-bit products for more accurate color reproduction Full Shader Model 5.0 Support creates more complex geometry and scenes without taxing the CPU,,,,,,
hard_negative_wag,results/model_checkpoints/20260721_200947_seed1337_bda60282_best_step1500.pt,1500,walmart_amazon,cross_source,False,0.99996495,0,"title, brand, modelno, category, price, description",349,710,,,,,,,,,,,,,,,,,,,,,,,,,,,,,,,,,,,,,,,,,,,,,Da-Lite Matte White Concord Designer Manual Screen - 70 x 70 AV Format,ViewSonic PJD7383 XGA 1024x768 Ultra Short Throw DLP Projector - 3000 Lumens 3000 1 DCR 120Hz 3D Ready 10W Speakers,,,,,,,,,,,,,Da-Lite,ViewSonic,76454,PJD7383,Electronics - General,Video Projectors,923.99,764.99,Features -Great for any room especially boardrooms where aesthetics are important..-Mounts either to wall or ceiling. Patented in-the-roller motor mounting system for quiet operation..-Standard with a Decora style three position wall switch..-Available with a silent motor option.. Screen Material Matte White One of the most versatile screen surfaces and a good choice for situations when presentation material is being projected and ambient light is controllable. Its surface evenly distributes light over a wide viewing area. Colors remain bright and life-like with no shifts in hue. Flame retardant and mildew resistant. Viewing Angle 60  Gain 1.0 DL6714 Features Great for any room especially boardrooms where aesthetics are important. Mounts either to wall or ceiling. Patented in-the-roller motor mounting system for quiet operation. Standard with a Decora style three position wall switch. Available with a silent motor option.    Screen Material Matte White  One of the most versatile screen surfaces and a good choice for situations when presentation material is being projected and ambient light is controllable. Its surface evenly distributes light over a wide viewing area. Colors remain bright and life-like with no shifts in hue. Flame retardant and mildew resistant. Viewing Angle 60 Gain 1.0,1024 x 768 XGA resolution 3000 Lumens 3000 1 DCR PC-Less Picture Slide Show Presentation USB Thumb Drive Network amp USB Display Wireless Capable by Optional USB Dongle Ultra Short Throw 0.61 1 Projects 81 image from 1m 120Hz 3D TI DLP Link Ready Stunning Color Clarity Powered by TI BrilliantColor Technology Control Management via Ethernet RJ45 with Creston RoomView Express Free Download Lamp Life 4000 6000 hrs N Eco 1W usage in Power Saving Mode Laser Remote Control amp Batteries Included The PJD7383 is an advanced ultra short throw DLP projector which includes BrilliantColor tech nology to produce more vibrant colors while the high brightness and contrast ratios make this projector shine in virtually any lighting situa tion. The PJD7383 delivers 3000 lumens 3000 1 dynamic contrast ratio with a 1024 x 768 XGA native resolution and equips with a wide range of input options including dual RGB ports Ethernet RJ45 USB and WiFi with optional adapter . The PJD7383 can be displayed and managed over the network through its advanced management software. The ViewSonic PJD7383 is the ideal projector for both businesses and schools.,,,,,,
hard_negative_wag,results/model_checkpoints/20260721_200947_seed1337_bda60282_best_step1500.pt,1500,walmart_amazon,cross_source,False,0.99996495,1,"title, brand, category, price, description",387,855,,,,,,,,,,,,,,,,,,,,,,,,,,,,,,,,,,,,,,,,,,,,,New-1500VA UPS SYSTEM SMARTONLINE RACK - SU1500RTXL2UA,CineGray Prime Vision Series Fixed Frame Screen - 135 Diagonal,,,,,,,,,,,,,Tripp Lite,Elite,,,Power Supplies,Projection Screens,762.60,1069.00,T R I P P   L I T E   S U 1 5 0 0 R T X L 2 U A   6 - O U T L E T   U P S   S M A R T   O N L I N E   R A C K T O W E R 1 5 0 0 V A 1 2 0 0 W Tripp Lite SmartOnline SU1500RTXL2Ua 1500VA Tower Rack-mountable UPS - 1500VA 1200W - 5 Minute Full Load - 6 x NEMA 5-15R,PVR135H1 Tension Screen Material is best for those using low contrast ratio LCD projectors in a home theater environment and need to improve picture black levels. Features -Standard Ultra-Wide 3.5 Black Velvet Trim Frame. -Screen Material Elite Screens CineGray. -Frame Trim Pro-Trim Black Velour Surfacing to absorb light overshoot. -Wall installation only. -Flat tension screen surface- -Black backed material eliminates light penetration. -Available in CineGrey 1.0 gain gray . -Easy to assemble and install in minutes. -Sliding wall mounts to ensure the installation is properly centered. -Wide projection angle. -Sizes available from 84 to 200 . -Split frame design for added protection during shipment and storage. Specifications -16 9 format. -135 diagonal. -Screen Gain 1.0. -Overall Dimensions 73 H x 124 W x 1.5 D. -3-year parts and labor manufacturer warranty. Brochure,,,,,,
hard_negative_wag,results/model_checkpoints/20260721_200947_seed1337_bda60282_best_step1500.pt,1500,walmart_amazon,cross_source,False,0.9999647,1,"title, brand, category, price, description",236,452,,,,,,,,,,,,,,,,,,,,,,,,,,,,,,,,,,,,,,,,,,,,,Da-Plex Base Rear Projection Screen - 57 3 4 x 77 Video Format,42LV5500 42 Class 1080P 120Hz LED TV with SmartTV,,,,,,,,,,,,,Da-Lite,LG,,,Projection Screens,TVs,2608.99,1029.99,27528 Da-Lite offers a wide range of rigid rear projection screen systems for any need ranging from corporate boardrooms to home theaters. With Da-Lite rear projection screens viewers can enjoy bright high resolution images without turning the lights off. Base Factory Installed Frame -Mitered corners eliminate rear light leaks without caulking -Black anodized finish. Constructed of lightweight extruded aluminum U-channel -Frame insert size equals screen viewing area plus 2-1 2,LG Smart TV LED Backlighting TruMotion 120Hz Wi-Fi Ready Adapter Included Magic Motion Remote Included Full HD 1080p Resolution DLNA Certified ENERGY STAR Qualified Picture Wizard II Intelligent Sensor Smart Energy Saving ISFccc Ready The LV5500 delivers LED picture quality that along with a whole lot more You can tap directly into instant entertainment with Smart TV and with TruMotion 120Hz refresh rate sports and faction movies never looked better,,,,,,
hard_negative_wag,results/model_checkpoints/20260721_200947_seed1337_bda60282_best_step1500.pt,1500,walmart_amazon,cross_source,False,0.9999645,0,"title, brand, modelno, category, price, description",338,855,,,,,,,,,,,,,,,,,,,,,,,,,,,,,,,,,,,,,,,,,,,,,VIZIO XVT553SV 55-Inch Class Full Array TruLED with Smart Dimming LCD HDTV 240 Hz SPS with VIZIO Internet Apps,CineGray Prime Vision Series Fixed Frame Screen - 135 Diagonal,,,,,,,,,,,,,Vizio,Elite,XVT553SV,,TVs,Projection Screens,1652.63,1069.00,55-inch direct type LED-backlit LCD HDTV with full 1080p HD resolution 1920 x 1080 pixels and 240Hz refresh rate Connect to the Internet via built in dual-band Wi-Fi 802.11n or Ethernet to stream video audio and news content from VIZIO Internet Apps VIA Smart Dimming intelligently controls LED blocks to produce 10 000 000 1 dynamic contrast ratio Connections 5 HDMI 1 component 1 composite 1 PC 1 RF 1 Ethernet 1 optical digital output 1 audio output and 3 USB Includes detachable base and thumbscrew and Bluetooth remote with slide-out QWERTY keyboard VIZIO s 55 Class Full Array TruLEDTM LCD HDTV with VIZIO Internet AppsTM delivers the ultimate HDTV experience. Packed with the latest technology this high performance HDTV combines advanced picture quality immersive virtual surround sound and premium wireless Internet connectivity so you can enjoy sports movies even the best of the web all right on your HDTV. Featuring Full Array TruLED backlighting with Smart Dimming 120 zones 240 Hz SPS 1080p Full HD and 10 million to 1 Dynamic Contrast Ratio this HDTV renders every image with amazing clarity color and contrast. Enjoy immersive virtual surround sound with SRS TruSurround HDTM and SRS TruVolume premium audio processing. It also includes VIZIO Internet AppsTM with built-in WiFi 802.11n dual-band giving you the convenience of on-demand movies TV shows social networking music photos and more at the push of a button on the premium Bluetooth universal remote. Full Array TruLEDTM backlighting with Smart Dimming 120 zones  VIZIO Internet AppsTM Built-in WiFi 802.11n dual-band 240 Hz SPS 10 million to 1 Dynamic Contrast Ratio Bluetooth Universal Remote Control 1080p Full HD SRS TruSurround HDTM and SRS TruVolume audio Ambient Light Sensing technology Exceeds Energy StarTM 4.0 guidelines Five HDMI ports VIZIO s XVT553SV 55 TruLED LCD HDTV with VIZIO Internet Apps delivers the ultimate HDTV experience. Packed with the latest technology this high performance HDTV combines advanced picture quality immersive virtual high definition sound and premium wireless Internet connectivity with built-in Wi-Fi 802.11n dual-band so you can enjoy the convenience of on-demand movies TV shows social networking music photos and more with just the push of a button on the premium Bluetooth QWERTY keyboard universal remote.          Backlit LED blocks turn on and off based on the real-time content.            240Hz SPS technology delivers 240 scenes per second for clarity.            Control TV and Internet Apps via remote with QWERTY keypad.            Save money as you conserve the planet s resources with ECO HD.           Featuring full array TruLED backlighting with Smart Dimming for brilliant clarity 240Hz SPS refresh rate for sharper blur free images full 1080p high definition detail and 10 000 000 to 1 Dynamic Contrast Ratio delivering deeper blacks and brighter whites through contrast and dimensions the XVT553SV renders every image with amazing precision color and contrast. Enjoy immersive virtual high definition sound with SRS TruSurround HD premium audio processing and SRS TruVolume eliminating volume inconsistencies between programming. Take pleasure in knowing this energy efficient LED LCD HDTV exceeds new ENERGY STAR 4.1 guidelines conserving our planet s resources while saving you money.    Key Features         Advanced picture quality immersive virtual high definition sound and premium wireless Internet connectivity.  View larger.            The customized Bluetooth VUR10 remote with slide out QWERTY keypad.  View larger.            Plenty of high definition inputs and connection including 4 HDMI Ethernet 3 USB and more.  View larger.        55-inch HDTV  featuring 1920 x 1080 pixels and support for 1.06 billion colors.    Features VIZIO TruLED and Smart Dimming technologies  providing backlit illumination of the screen that results in breathtaking clarity and depth of color while consuming up to 50 percent less energy than other HDTVs.    Full 1080P High Definition resolution  gives you over 2 million pixels making the clarity and detail of your picture razor sharp.    240Hz refresh rate  delivers 240 scenes per second producing enhanced frame rate and delivering sharper clarity of fast action scenes for blur free images.    178-Degree horizontal vertical viewing angle  results in a crisp and clear picture that is easily visible from just about anywhere in the room.    Two built-in 15-watt speakers  provide room-filling sound.    SRS Audio Technologies SRS TruVolume evens out dynamics to limit volume inconsistencies between programming while SRS TruSurround HD delivers immersive virtual high-definition surround sound out of the unit s two speakers.    Connect to the Internet via integrated Wireless-N Wi-Fi  or via the included Ethernet port.    VIZIO Internet Apps VIA let you easily connect to the Internet and stream movies and TV shows listen to music and get the latest news sports and weather. VIA comes with Amazon Instant Video Flickr Netflix Rhapsody Twitter VUDU and Yahoo TV Widgets pre-loaded on the TV ready to launch on-screen at the touch of a single button on the remote. You can continually discover and download more apps from other content and service providers by browsing our gallery of apps that is dynamically updated right on your VIZIO HDTV. Learn more Customized Bluetooth remote with slide out QWERTY keypad  enables you to control your TV even type on-screen from any spot in the room--all without having to point the remote at the TV. This universal remote also uses infrared to control all of the A V devices connected to their HDTV such as DVD and Blu-ray players VCRs audio devices cable and satellite set-top boxes DVRs and other components.    ECO HD  exceeds the current Energy Star Guidelines by 50 percent below Energy Star 3.0 saving you money on your utility bills while limiting the impact on our planet.    Mercury free display The display s backlight is environmentally-friendly due to the fact that LED backlights do not utilize mercury an environmentally harmful substance.    Warranty One year parts and labor and free lifetime technical support.    Connections    HDMI with HDCP 5 1 side Component 1   Composite A V 1   RF 1   PC input RGB 1   SPDIF Digital Optical Output 1   Stereo Audio Output 1   USB 3 on the side Dimensions    TV with stand 52.18 x 35.06 x 12.90  WxHxD 77.16 pounds   TV without stand 52.18 x 33.28 x 2.95  WxHxD 76.06 pounds    What size TV should you get What s in the Box    VIZIO XVT553SV HDTV VIZIO remote control VUR10 AA batteries for the remote control 2 detachable base and thumb screw power cord VIZIO cloth safety strap user manual quick setup guide registration card.    Technical Specifications    Screen size 55 inches   Tuner ATSC Clear QAM Tuner   Native Panel Resolution 1920 x 1080 pixels   Computer Support 1920x1080 1360x768 800x600 640x480 via VGA HDMI   Dynamic Contrast Ratio 10 000 000 1 w DCR   Brightness 500 nits   Response Time 5ms   Picture-in-Picture PIP Yes   Picture-outside-Picture POP Yes   Zero Bright Pixel Defect Guarantee Yes   V-Chip Yes   3D Comb Filter Yes   3 2 or 2 2 Reverse Pull-down Yes   ATSC with 8VSB and QAM demodulation Yes   ATSC with MPEG-2 decoding Yes   NTSC Video decoding via Video Yes   Progressive Scan Video Yes   Color Fine Tuning Independent Red Green and Blue   Universal Remote VIZIO Bluetooth Remote Control with Qwerty Keyboard - VUR10   Panel Lamp Life typical 50 000 hours   Voltage Range 100 240 Vac at 50 60 Hz   Power Consumption 225W AVG Wall mount hole pattern VESA standard 200mm x 200mm    Learn More       VIZIO Internet Apps          VIZIO Internet Apps VIA connects your HDTV to a variety of online entertainment and news sources.  Learn more.        This VIZIO HDTV includes the VIZIO Internet Apps feature VIA and it comes pre-loaded with Amazon Instant Video Flickr Netflix Rhapsody Twitter VUDU and Yahoo TV Widgets ready to launch on-screen at the touch of a single button on the premium Bluetooth universal remote control. A high-speed Internet connection is required to access content and receive product updates and this model enables you to connect to the Internet via integrated Wireless-N Wi-Fi or wired Ethernet.     When you press the VIA button on your remote the Apps Dock appears along the bottom of your screen with a selection of different Apps that let you watch movies TV shows listen to music or get weather and news information all on demand. In addition to the providers listed above new partners for 2010 include blip.tv Blip.tv is an online television network that hosts the best original shows on the Web from scripted sitcoms and dramas to shows about fashion technology politics and more.    CBS The CBS Widget offers easy access to CBS schedule information program metadata previews and clips cast photos and BIOS and more.    NBC View NBC s show schedule view full screen photo galleries and catch up on your favorite shows with up-to-date quick text recaps cast BIOS and more.    CNBC The CNBC widget allows you to interact with CNBC s real-time stock quotes direct from the NYSE and NASDAQ real-time watchlists to track favorite stocks and other key analytics.    iMemories Now all your old home movies photos and slides can be watched directly on your VIZIO TV with iMemories. iMemories digitally converts and preserves all your favorite memories online regardless of the original media format.    Roxio CinemaNow The Roxio CinemaNow platform enables you to instantly access a broad range of high-quality digital entertainment from your favorite consumer electronic devices.    The Weather Channel Get your weather forecast when you want it with the press of your remote. The Weather Channel Widget delivers current conditions the 5-day forecast and more for your zip code and thousands more.          VIZIO 2011 XVT Series Comparison    Series    XVT3D-0SV      XVT3D-4SV      XVT-3SV      Display Sizes    65 42  47  55 32  37  47  55 Panel Type   Edge-Lit LED    Full Array LED 47 55 Edge-Lit LED 42 LED with  Smart Dimming     3D Ready   Theater 3D    Full HD 3D    Full HD 3D     Resolution   1080p    1080p    1080p     Contrast Ratio   1 000 000 1    10 000 000 1 47 55 1 000 000 1 42 1 000 000 1 32 37 10 000 000 1 47 55 Response Time 5 ms    4 ms    5 ms     Refresh Rate   120Hz    480Hz    120Hz 32 37 240Hz 47 55 Light Sensor             --     VIZIO Internet Apps                   Wireless LAN   802.11n  Dual Band    802.11n  Dual Band    802.11n  Dual Band     Ethernet                   HDMI Inputs   5    5    4 32 37 5 47 55 PC Input                   USB 2.0 Ports   3    3    3     USB Supported Formats    MP3 JPEG MPEG may be available via future firmware update.,PVR135H1 Tension Screen Material is best for those using low contrast ratio LCD projectors in a home theater environment and need to improve picture black levels. Features -Standard Ultra-Wide 3.5 Black Velvet Trim Frame. -Screen Material Elite Screens CineGray. -Frame Trim Pro-Trim Black Velour Surfacing to absorb light overshoot. -Wall installation only. -Flat tension screen surface- -Black backed material eliminates light penetration. -Available in CineGrey 1.0 gain gray . -Easy to assemble and install in minutes. -Sliding wall mounts to ensure the installation is properly centered. -Wide projection angle. -Sizes available from 84 to 200 . -Split frame design for added protection during shipment and storage. Specifications -16 9 format. -135 diagonal. -Screen Gain 1.0. -Overall Dimensions 73 H x 124 W x 1.5 D. -3-year parts and labor manufacturer warranty. Brochure,,,,,,
hard_negative_wag,results/model_checkpoints/20260721_200947_seed1337_bda60282_best_step1500.pt,1500,walmart_amazon,cross_source,False,0.99996436,0,"title, brand, modelno, category, price, description",17,678,,,,,,,,,,,,,,,,,,,,,,,,,,,,,,,,,,,,,,,,,,,,,Toshiba 55  Class LCD 1080p 120Hz HDTV 55G310U,Panasonic BB-HCM580A PoE Zoom MPEG-4 Network Camera,,,,,,,,,,,,,Toshiba,Panasonic,55G310U,BB-HCM580A,Television,Garden - General,899,779.82,55  diagonal screen size 3 HDMI inputs VESA wall mount compatible ClearFrame 120Hz Technology Featuring an all-new design this 55  Class LCD 1080p 120Hz HDTV. Contact your local cable or satellite TV provider for details on how to upgrade. Toshiba 55  screen measured diagonally from corner to corner VESA wall mount compatible VESA mounting pattern 400mm x 400mm Built-in digital tuner Watch digital broadcasts including HDTV programs where available ClearFrame 120Hz technology Increase detail and depth of the images on your screen Invisible speaker design Outputs clear natural sound that makes movies and gaming more enjoyable HDMI Inputs 3 Enjoy a superior HD experience with HDMI one cable solution,1 4  CCD sensor Video Resolution up to 640 x 480 pixels Simultaneous MPEG4 and JPEG monitoring The Panasonic BB-HCM580A PoE Zoom MPEG-4 Network Camera lets you monitor very large areas with its maximum 360-degree pan and 158-degree tilt functions. A full 42x power zoom also makes it possible to check places in super-fine detail. And dual-stack IPv4 IPv6 protocol prepares it for IPv6 services. This lets you grab every business possibility by breaking distance and time barriers with Zero Distance Management. Panasonic BB-HCM580A PoE Zoom MPEG-4 Network Camera 1 4  CCD sensor Video Resolution up to 640 x 480 pixels Simultaneous MPEG4 and JPEG monitoring Motion detection Color Night View mode 360 degree pan 158 degree tilt Full 42x power zoom SD memory card recording Cell phone monitoring Analog video output,,,,,,
hard_negative_wag,results/model_checkpoints/20260721_200947_seed1337_bda60282_best_step1500.pt,1500,walmart_amazon,cross_source,False,0.99996436,1,"title, modelno, category, price, description",236,304,,,,,,,,,,,,,,,,,,,,,,,,,,,,,,,,,,,,,,,,,,,,,Da-Plex Base Rear Projection Screen - 57 3 4 x 77 Video Format,Da-Lite Da-Glas Standard Rear Projection Screen 72 x 96 Video Format,,,,,,,,,,,,,Da-Lite,Da-Lite,,27639,Projection Screens,Electronics - General,2608.99,4448.99,27528 Da-Lite offers a wide range of rigid rear projection screen systems for any need ranging from corporate boardrooms to home theaters. With Da-Lite rear projection screens viewers can enjoy bright high resolution images without turning the lights off. Base Factory Installed Frame -Mitered corners eliminate rear light leaks without caulking -Black anodized finish. Constructed of lightweight extruded aluminum U-channel -Frame insert size equals screen viewing area plus 2-1 2,A Da-Lite Polacoat rear projection screen consists of a specially formulated optical coating designed to provide the highest resolution and most accurate color fidelity. This coating is deposited on a transparent glass Da-Glas or acrylic Da-Plex substrate. Da-Lite utilizes a special coating process which chemically bonds the optical layer to the substrate creating a very high degree of adhesion guaranteed not to peel or strip off. Standard Frame Features -Impressive architectural design adds sophistication to any installation -1 x 1-3 4 rectangular tube base -Dovetail frame eliminates light leakage -For screen panels 1 4 and 3 8 thick -Black anodized finish -Frame insert size equals screen viewing area plus 4 DL8256A Da-Lite Polacoat rear projection screen consists of a specially formulated optical coating designed to provide the highest resolution and most accurate color fidelity. This coating is deposited on a transparent glass Da-Glas or acrylic Da-Plex substrate. Da-Lite utilizes a special coating process which chemically bonds the optical layer to the substrate creating a very high degree of adhesion guaranteed not to peel or strip off.  Standard Frame Features Impressive architectural design adds sophistication to any installation 1 x 1-3 4 rectangular tube base Dovetail frame eliminates light leakage For screen panels 1 4 and 3 8 thick Black anodized finish Frame insert size equals screen viewing area plus 4,,,,,,
hard_negative_wag,results/model_checkpoints/20260721_200947_seed1337_bda60282_best_step1500.pt,1500,walmart_amazon,cross_source,False,0.99996424,2,"title, modelno, price, description",235,884,,,,,,,,,,,,,,,,,,,,,,,,,,,,,,,,,,,,,,,,,,,,,Da-Lite Da-Plex Base Rear Projection Screen - 57 3 4 x 77 Video Format,Da-Lite High Power Advantage Manual with CSR - HDTV Format 133 diagonal,,,,,,,,,,,,,Da-Lite,Da-Lite,27528,85742,Electronics - General,Electronics - General,2608.99,1267.99,Da-Lite offers a wide range of rigid rear projection screen systems for any need ranging from corporate boardrooms to home theaters. With Da-Lite rear projection screens viewers can enjoy bright high resolution images without turning the lights off. Base Factory Installed Frame -Mitered corners eliminate rear light leaks without caulking -Black anodized finish. Constructed of lightweight extruded aluminum U-channel -Frame insert size equals screen viewing area plus 2-1 2 DL8140Da-Lite offers a wide range of rigid rear projection screen systems for any need ranging from corporate boardrooms to home theaters. With Da-Lite rear projection screens viewers can enjoy bright high resolution images without turning the lights off.  Base Factory Installed Frame Mitered corners eliminate rear light leaks without caulking Black anodized finish. Constructed of lightweight extruded aluminum U-channel Frame insert size equals screen viewing area plus 2-1 2,Features -Ceiling recessed manually operated screen..-Developed with the installation process in mind the Advantage  Manual Screen with Controlled Screen Return CSR provides the convenience and flexibility of installing the case and fabric roller assemblies at separate stages of construction..-A floating mounting method utilizing adjustable roller brackets is designed into the lightweight extruded aluminum case allowing the centering or offsetting of the screen..-Finished case edges provide a clean look and comfortable build-in of ceiling tiles..-The CSR system ensures the quiet controlled return of the screen into the case providing optimal performance and smooth consistent operation..-Screens with the CSR feature must be fully extended. There are not intermediate stopping positions..-Pull cord included.. Screen Material High Power A technological breakthrough providing the reflectivity and optical characteristics of a traditional glass beaded surface with the ability to clean the surface when necessary. Its smooth textured surface provides the highest gain of all front projection screen surfaces with no resolution loss. The moderate viewing angle and its ability to reflect light back along the projection axis make this surface the best choice for situations where there is a moderate amount of ambient light and the projector is placed on a table-top or in the same horizontal viewing plane as the audience. Flame retardant and mildew resistant. Viewing Angle 30  Gain 2.4 DL6124 Features Ceiling recessed manually operated screen. Developed with the installation process in mind the Advantage Manual Screen with Controlled Screen Return CSR provides the convenience and flexibility of installing the case and fabric roller assemblies at separate stages of construction. A floating mounting method utilizing adjustable roller brackets is designed into the lightweight extruded aluminum case allowing the centering or offsetting of the screen. Finished case edges provide a clean look and comfortable build-in of ceiling tiles. The CSR system ensures the quiet controlled return of the screen into the case providing optimal performance and smooth consistent operation. Screens with the CSR feature must be fully extended. There are not intermediate stopping positions. Pull cord included.    Screen Material High Power  A technological breakthrough providing the reflectivity and optical characteristics of a traditional glass beaded surface with the ability to clean the surface when necessary. Its smooth textured surface provides the highest gain of all front projection screen surfaces with no resolution loss. The moderate viewing angle and its ability to reflect light back along the projection axis make this surface the best choice for situations where there is a moderate amount of ambient light and the projector is placed on a table-top or in the same horizontal viewing plane as the audience. Flame retardant and mildew resistant. Viewing Angle 30 Gain 2.4,,,,,,
hard_negative_wag,results/model_checkpoints/20260721_200947_seed1337_bda60282_best_step1500.pt,1500,walmart_amazon,cross_source,False,0.99996424,0,"title, brand, modelno, category, price, description",385,568,,,,,,,,,,,,,,,,,,,,,,,,,,,,,,,,,,,,,,,,,,,,,HP C8560A Drum Unit,ATI FirePro V7800 2 GB DDR5 DVI 2DisplayPort PCI-Express Video Card 100-505604 - Retail,,,,,,,,,,,,,HP,ATI,C8563A,100-505604,Printers,Computers Accessories,671.69,599.99,Black print color  Up to 40 000 page yield Image Drum for the HP Color LaserJet 9500 9500MFP Series works with the printer to make professional printing easy cost-effective and reliable. High-yield HP 9500 print cartridges HP papers and film and the printer are designed together to work together. Innovative toner formulations use chemically-grown toner that enables precise control and placement. Pigment and gloss enhancements provide a wide range of colors. Calibrated with HP specialty papers and smart printing system technology these print cartridges provide consistently vibrant accurate color and uniform gloss on high-coverage documents. Smart printing technology also enhances cost-effectiveness and ease of use. Automatic alerts advise when toner is low. Simple installation and reliable operation improve productivity for ongoing savings. The result is clear to see Black print color  Up to 40 000 page yield  Compatible with HP Color LaserJet 9500,ATI Eyefinity Technology Support ATI CrossFire Pro Technology Support ATI FirePro S400 Synchronization Module AutoDetect Technology Full 30-bit Display Pipeline Multi-View Display Certification Support DirectX 11.0 Full Shader Model 5.0 and OpenGL 3.2 OpenCL 1.0 GPU ATI FirePro V7800 Memory 2GB DDR5 Brandwidth 128.0 GB s Shader Processing Units 1440 Memory Interface 256-bit Bus PCI-Express 2.0 x16 Max. Resolution 2560x1600 60Hz Connectors DVI Dual DisplayPort Thermal Fansink Support Microsoft DirectX 11 Shader Model 5.0 and OpenGL 3.2 System Requirements 512MB of system memory CD-ROM drive or internet access for software installation Power supply w 75W for graphics One 2x3 power connectors ATI FirePro V7800 2GB DDR5 DVI 2DisplayPort PCI-Express Video Card Retail,,,,,,
hard_negative_wag,results/model_checkpoints/20260721_200947_seed1337_bda60282_best_step1500.pt,1500,walmart_amazon,cross_source,False,0.99996424,1,"title, brand, category, price, description",452,855,,,,,,,,,,,,,,,,,,,,,,,,,,,,,,,,,,,,,,,,,,,,,42LV5500 42 Class 1080P 120Hz LED TV with SmartTV,CineGray Prime Vision Series Fixed Frame Screen - 135 Diagonal,,,,,,,,,,,,,LG,Elite,,,TVs,Projection Screens,1029.99,1069.00,LG Smart TV LED Backlighting TruMotion 120Hz Wi-Fi Ready Adapter Included Magic Motion Remote Included Full HD 1080p Resolution DLNA Certified ENERGY STAR Qualified Picture Wizard II Intelligent Sensor Smart Energy Saving ISFccc Ready The LV5500 delivers LED picture quality that along with a whole lot more You can tap directly into instant entertainment with Smart TV and with TruMotion 120Hz refresh rate sports and faction movies never looked better,PVR135H1 Tension Screen Material is best for those using low contrast ratio LCD projectors in a home theater environment and need to improve picture black levels. Features -Standard Ultra-Wide 3.5 Black Velvet Trim Frame. -Screen Material Elite Screens CineGray. -Frame Trim Pro-Trim Black Velour Surfacing to absorb light overshoot. -Wall installation only. -Flat tension screen surface- -Black backed material eliminates light penetration. -Available in CineGrey 1.0 gain gray . -Easy to assemble and install in minutes. -Sliding wall mounts to ensure the installation is properly centered. -Wide projection angle. -Sizes available from 84 to 200 . -Split frame design for added protection during shipment and storage. Specifications -16 9 format. -135 diagonal. -Screen Gain 1.0. -Overall Dimensions 73 H x 124 W x 1.5 D. -3-year parts and labor manufacturer warranty. Brochure,,,,,,
hard_negative_wag,results/model_checkpoints/20260721_200947_seed1337_bda60282_best_step1500.pt,1500,walmart_amazon,cross_source,False,0.9999641,0,"title, brand, modelno, category, price, description",338,884,,,,,,,,,,,,,,,,,,,,,,,,,,,,,,,,,,,,,,,,,,,,,VIZIO XVT553SV 55-Inch Class Full Array TruLED with Smart Dimming LCD HDTV 240 Hz SPS with VIZIO Internet Apps,Da-Lite High Power Advantage Manual with CSR - HDTV Format 133 diagonal,,,,,,,,,,,,,Vizio,Da-Lite,XVT553SV,85742,TVs,Electronics - General,1652.63,1267.99,55-inch direct type LED-backlit LCD HDTV with full 1080p HD resolution 1920 x 1080 pixels and 240Hz refresh rate Connect to the Internet via built in dual-band Wi-Fi 802.11n or Ethernet to stream video audio and news content from VIZIO Internet Apps VIA Smart Dimming intelligently controls LED blocks to produce 10 000 000 1 dynamic contrast ratio Connections 5 HDMI 1 component 1 composite 1 PC 1 RF 1 Ethernet 1 optical digital output 1 audio output and 3 USB Includes detachable base and thumbscrew and Bluetooth remote with slide-out QWERTY keyboard VIZIO s 55 Class Full Array TruLEDTM LCD HDTV with VIZIO Internet AppsTM delivers the ultimate HDTV experience. Packed with the latest technology this high performance HDTV combines advanced picture quality immersive virtual surround sound and premium wireless Internet connectivity so you can enjoy sports movies even the best of the web all right on your HDTV. Featuring Full Array TruLED backlighting with Smart Dimming 120 zones 240 Hz SPS 1080p Full HD and 10 million to 1 Dynamic Contrast Ratio this HDTV renders every image with amazing clarity color and contrast. Enjoy immersive virtual surround sound with SRS TruSurround HDTM and SRS TruVolume premium audio processing. It also includes VIZIO Internet AppsTM with built-in WiFi 802.11n dual-band giving you the convenience of on-demand movies TV shows social networking music photos and more at the push of a button on the premium Bluetooth universal remote. Full Array TruLEDTM backlighting with Smart Dimming 120 zones  VIZIO Internet AppsTM Built-in WiFi 802.11n dual-band 240 Hz SPS 10 million to 1 Dynamic Contrast Ratio Bluetooth Universal Remote Control 1080p Full HD SRS TruSurround HDTM and SRS TruVolume audio Ambient Light Sensing technology Exceeds Energy StarTM 4.0 guidelines Five HDMI ports VIZIO s XVT553SV 55 TruLED LCD HDTV with VIZIO Internet Apps delivers the ultimate HDTV experience. Packed with the latest technology this high performance HDTV combines advanced picture quality immersive virtual high definition sound and premium wireless Internet connectivity with built-in Wi-Fi 802.11n dual-band so you can enjoy the convenience of on-demand movies TV shows social networking music photos and more with just the push of a button on the premium Bluetooth QWERTY keyboard universal remote.          Backlit LED blocks turn on and off based on the real-time content.            240Hz SPS technology delivers 240 scenes per second for clarity.            Control TV and Internet Apps via remote with QWERTY keypad.            Save money as you conserve the planet s resources with ECO HD.           Featuring full array TruLED backlighting with Smart Dimming for brilliant clarity 240Hz SPS refresh rate for sharper blur free images full 1080p high definition detail and 10 000 000 to 1 Dynamic Contrast Ratio delivering deeper blacks and brighter whites through contrast and dimensions the XVT553SV renders every image with amazing precision color and contrast. Enjoy immersive virtual high definition sound with SRS TruSurround HD premium audio processing and SRS TruVolume eliminating volume inconsistencies between programming. Take pleasure in knowing this energy efficient LED LCD HDTV exceeds new ENERGY STAR 4.1 guidelines conserving our planet s resources while saving you money.    Key Features         Advanced picture quality immersive virtual high definition sound and premium wireless Internet connectivity.  View larger.            The customized Bluetooth VUR10 remote with slide out QWERTY keypad.  View larger.            Plenty of high definition inputs and connection including 4 HDMI Ethernet 3 USB and more.  View larger.        55-inch HDTV  featuring 1920 x 1080 pixels and support for 1.06 billion colors.    Features VIZIO TruLED and Smart Dimming technologies  providing backlit illumination of the screen that results in breathtaking clarity and depth of color while consuming up to 50 percent less energy than other HDTVs.    Full 1080P High Definition resolution  gives you over 2 million pixels making the clarity and detail of your picture razor sharp.    240Hz refresh rate  delivers 240 scenes per second producing enhanced frame rate and delivering sharper clarity of fast action scenes for blur free images.    178-Degree horizontal vertical viewing angle  results in a crisp and clear picture that is easily visible from just about anywhere in the room.    Two built-in 15-watt speakers  provide room-filling sound.    SRS Audio Technologies SRS TruVolume evens out dynamics to limit volume inconsistencies between programming while SRS TruSurround HD delivers immersive virtual high-definition surround sound out of the unit s two speakers.    Connect to the Internet via integrated Wireless-N Wi-Fi  or via the included Ethernet port.    VIZIO Internet Apps VIA let you easily connect to the Internet and stream movies and TV shows listen to music and get the latest news sports and weather. VIA comes with Amazon Instant Video Flickr Netflix Rhapsody Twitter VUDU and Yahoo TV Widgets pre-loaded on the TV ready to launch on-screen at the touch of a single button on the remote. You can continually discover and download more apps from other content and service providers by browsing our gallery of apps that is dynamically updated right on your VIZIO HDTV. Learn more Customized Bluetooth remote with slide out QWERTY keypad  enables you to control your TV even type on-screen from any spot in the room--all without having to point the remote at the TV. This universal remote also uses infrared to control all of the A V devices connected to their HDTV such as DVD and Blu-ray players VCRs audio devices cable and satellite set-top boxes DVRs and other components.    ECO HD  exceeds the current Energy Star Guidelines by 50 percent below Energy Star 3.0 saving you money on your utility bills while limiting the impact on our planet.    Mercury free display The display s backlight is environmentally-friendly due to the fact that LED backlights do not utilize mercury an environmentally harmful substance.    Warranty One year parts and labor and free lifetime technical support.    Connections    HDMI with HDCP 5 1 side Component 1   Composite A V 1   RF 1   PC input RGB 1   SPDIF Digital Optical Output 1   Stereo Audio Output 1   USB 3 on the side Dimensions    TV with stand 52.18 x 35.06 x 12.90  WxHxD 77.16 pounds   TV without stand 52.18 x 33.28 x 2.95  WxHxD 76.06 pounds    What size TV should you get What s in the Box    VIZIO XVT553SV HDTV VIZIO remote control VUR10 AA batteries for the remote control 2 detachable base and thumb screw power cord VIZIO cloth safety strap user manual quick setup guide registration card.    Technical Specifications    Screen size 55 inches   Tuner ATSC Clear QAM Tuner   Native Panel Resolution 1920 x 1080 pixels   Computer Support 1920x1080 1360x768 800x600 640x480 via VGA HDMI   Dynamic Contrast Ratio 10 000 000 1 w DCR   Brightness 500 nits   Response Time 5ms   Picture-in-Picture PIP Yes   Picture-outside-Picture POP Yes   Zero Bright Pixel Defect Guarantee Yes   V-Chip Yes   3D Comb Filter Yes   3 2 or 2 2 Reverse Pull-down Yes   ATSC with 8VSB and QAM demodulation Yes   ATSC with MPEG-2 decoding Yes   NTSC Video decoding via Video Yes   Progressive Scan Video Yes   Color Fine Tuning Independent Red Green and Blue   Universal Remote VIZIO Bluetooth Remote Control with Qwerty Keyboard - VUR10   Panel Lamp Life typical 50 000 hours   Voltage Range 100 240 Vac at 50 60 Hz   Power Consumption 225W AVG Wall mount hole pattern VESA standard 200mm x 200mm    Learn More       VIZIO Internet Apps          VIZIO Internet Apps VIA connects your HDTV to a variety of online entertainment and news sources.  Learn more.        This VIZIO HDTV includes the VIZIO Internet Apps feature VIA and it comes pre-loaded with Amazon Instant Video Flickr Netflix Rhapsody Twitter VUDU and Yahoo TV Widgets ready to launch on-screen at the touch of a single button on the premium Bluetooth universal remote control. A high-speed Internet connection is required to access content and receive product updates and this model enables you to connect to the Internet via integrated Wireless-N Wi-Fi or wired Ethernet.     When you press the VIA button on your remote the Apps Dock appears along the bottom of your screen with a selection of different Apps that let you watch movies TV shows listen to music or get weather and news information all on demand. In addition to the providers listed above new partners for 2010 include blip.tv Blip.tv is an online television network that hosts the best original shows on the Web from scripted sitcoms and dramas to shows about fashion technology politics and more.    CBS The CBS Widget offers easy access to CBS schedule information program metadata previews and clips cast photos and BIOS and more.    NBC View NBC s show schedule view full screen photo galleries and catch up on your favorite shows with up-to-date quick text recaps cast BIOS and more.    CNBC The CNBC widget allows you to interact with CNBC s real-time stock quotes direct from the NYSE and NASDAQ real-time watchlists to track favorite stocks and other key analytics.    iMemories Now all your old home movies photos and slides can be watched directly on your VIZIO TV with iMemories. iMemories digitally converts and preserves all your favorite memories online regardless of the original media format.    Roxio CinemaNow The Roxio CinemaNow platform enables you to instantly access a broad range of high-quality digital entertainment from your favorite consumer electronic devices.    The Weather Channel Get your weather forecast when you want it with the press of your remote. The Weather Channel Widget delivers current conditions the 5-day forecast and more for your zip code and thousands more.          VIZIO 2011 XVT Series Comparison    Series    XVT3D-0SV      XVT3D-4SV      XVT-3SV      Display Sizes    65 42  47  55 32  37  47  55 Panel Type   Edge-Lit LED    Full Array LED 47 55 Edge-Lit LED 42 LED with  Smart Dimming     3D Ready   Theater 3D    Full HD 3D    Full HD 3D     Resolution   1080p    1080p    1080p     Contrast Ratio   1 000 000 1    10 000 000 1 47 55 1 000 000 1 42 1 000 000 1 32 37 10 000 000 1 47 55 Response Time 5 ms    4 ms    5 ms     Refresh Rate   120Hz    480Hz    120Hz 32 37 240Hz 47 55 Light Sensor             --     VIZIO Internet Apps                   Wireless LAN   802.11n  Dual Band    802.11n  Dual Band    802.11n  Dual Band     Ethernet                   HDMI Inputs   5    5    4 32 37 5 47 55 PC Input                   USB 2.0 Ports   3    3    3     USB Supported Formats    MP3 JPEG MPEG may be available via future firmware update.,Features -Ceiling recessed manually operated screen..-Developed with the installation process in mind the Advantage  Manual Screen with Controlled Screen Return CSR provides the convenience and flexibility of installing the case and fabric roller assemblies at separate stages of construction..-A floating mounting method utilizing adjustable roller brackets is designed into the lightweight extruded aluminum case allowing the centering or offsetting of the screen..-Finished case edges provide a clean look and comfortable build-in of ceiling tiles..-The CSR system ensures the quiet controlled return of the screen into the case providing optimal performance and smooth consistent operation..-Screens with the CSR feature must be fully extended. There are not intermediate stopping positions..-Pull cord included.. Screen Material High Power A technological breakthrough providing the reflectivity and optical characteristics of a traditional glass beaded surface with the ability to clean the surface when necessary. Its smooth textured surface provides the highest gain of all front projection screen surfaces with no resolution loss. The moderate viewing angle and its ability to reflect light back along the projection axis make this surface the best choice for situations where there is a moderate amount of ambient light and the projector is placed on a table-top or in the same horizontal viewing plane as the audience. Flame retardant and mildew resistant. Viewing Angle 30  Gain 2.4 DL6124 Features Ceiling recessed manually operated screen. Developed with the installation process in mind the Advantage Manual Screen with Controlled Screen Return CSR provides the convenience and flexibility of installing the case and fabric roller assemblies at separate stages of construction. A floating mounting method utilizing adjustable roller brackets is designed into the lightweight extruded aluminum case allowing the centering or offsetting of the screen. Finished case edges provide a clean look and comfortable build-in of ceiling tiles. The CSR system ensures the quiet controlled return of the screen into the case providing optimal performance and smooth consistent operation. Screens with the CSR feature must be fully extended. There are not intermediate stopping positions. Pull cord included.    Screen Material High Power  A technological breakthrough providing the reflectivity and optical characteristics of a traditional glass beaded surface with the ability to clean the surface when necessary. Its smooth textured surface provides the highest gain of all front projection screen surfaces with no resolution loss. The moderate viewing angle and its ability to reflect light back along the projection axis make this surface the best choice for situations where there is a moderate amount of ambient light and the projector is placed on a table-top or in the same horizontal viewing plane as the audience. Flame retardant and mildew resistant. Viewing Angle 30 Gain 2.4,,,,,,
hard_negative_wag,results/model_checkpoints/20260721_200947_seed1337_bda60282_best_step1500.pt,1500,amazon_google_price_numeric,cross_source,False,0.9999684,1,"title, description, price",366,590,,,,,,,,,,,,,,,,,,,,,,,,,,,,,,,,,,,,,,,,,,,,,enfocus software pp7.0-u1-001 - pitstop pro 7.0 upgr - 5.x or below,the printshop pro publisher v22 deluxe dvd-rom,,,,,,,,,,,,,,,,,,,257.97,69.9,enfocus software pp7.0-u1-001 : enfocus software pitstop pro 7.0 upgr - 5.x or below - pp7.0-u1-001,overview create professional projects with all the tools you need in one complete package! this powerful version of the print shop deluxe is loaded with all of your favorite features and even more valuable tools and programs than ever before. ...,,,,,,
hard_negative_wag,results/model_checkpoints/20260721_200947_seed1337_bda60282_best_step1500.pt,1500,amazon_google_price_numeric,cross_source,False,0.9999676,0,"title, description, manufacturer, price",173,1055,,,,,,,,,,,,,,,,,,,,,,,,,,,,,,,,,,,,,,,,,,,,,jeopardy! deluxe,imsi turbocad designer 11,,,,,,,,,,,,,,,,,,,19.99,12.9,you've never been in jeopardy! like this before. choose money tiles in various categories and give the question to which each clue is the answer. enjoy the full tv-game experience with more puzzles and double jeopardy. full-screen mode for distraction-free gaming,lets even the most novice computer user design like a pro. use the interactive tutorials and start creating impressive 2d sketches and precision technical drawings and more. whether your a beginner casual designer or a design enthusiast this ...,encore,,,,,
hard_negative_wag,results/model_checkpoints/20260721_200947_seed1337_bda60282_best_step1500.pt,1500,amazon_google_price_numeric,cross_source,False,0.9999676,1,"title, description, price",207,653,,,,,,,,,,,,,,,,,,,,,,,,,,,,,,,,,,,,,,,,,,,,,master server-upg,laughingbird the logo creator,,,,,,,,,,,,,,,,,,,174.99,34.99,,system requirements: operating system: mac os x 10.1 or later cpu: g3 or better ram: 256mb 120mb hard drive space recommended: operating system: mac os x 10.2 or later cpu: g4 or better ram: 512mb,,,,,,
hard_negative_wag,results/model_checkpoints/20260721_200947_seed1337_bda60282_best_step1500.pt,1500,amazon_google_price_numeric,cross_source,False,0.99996734,1,"title, description, price",1014,1033,,,,,,,,,,,,,,,,,,,,,,,,,,,,,,,,,,,,,,,,,,,,,topics entertainment snap! kakuro,sos aggregation company - 100800104 - buku karkuro - topware interactive,,,,,,,,,,,,,,,,,,,3.44,15.95,snap! kakuro is the big sister to the popular number logic game sudoku. in kakuro follow mathematical clues to fill in an irregularly-shaped grid to complete the puzzle- it's a crossword for numbers instead of words! system requirements:,this game of logic and strategy will enhance even the most seasoned mind. get into the puzzle craze! hours and hours of addictive kakuro puzzle. create and solve your own puzzles. make your own playing boards or choose various themes. easy to learn,,,,,,
hard_negative_wag,results/model_checkpoints/20260721_200947_seed1337_bda60282_best_step1500.pt,1500,amazon_google_price_numeric,cross_source,False,0.99996674,0,"title, description, manufacturer, price",45,678,,,,,,,,,,,,,,,,,,,,,,,,,,,,,,,,,,,,,,,,,,,,,adobe creative suite cs3 web standard upgrade [mac],total training for adobe creative suite 3 design premium,,,,,,,,,,,,,,,,,,,399.0,279.95,note: this is the upgrade version of adobe creative suite 3 web standard. adobe creative suite 3 web standard upgrade software is the basic toolkit for web designers and developers. it offers all-new versions of fundamental tools for creating and maintaining interactive websites applications and mobile device content. prototype your projects design assets and build and maintain professional web experiences. flash cs3 professional for interactive design dreamweaver cs3 for web design and development acrobat 8 professional for adobe pdf workflows build your prototype with adobe fireworks cs3 streamline web design development and maintenance adobe creative suite 3 web standard software is the basic toolkit for web designers and developers. it offers all-new versions of fundamental tools for creating and maintaining interactive websites applications and mobile device content. prototype your projects design assets and build and maintain professional web experiences. get the fundamental tools move from concept to completion with adobe creative suite 3 web standard software. design assets and build your prototype with adobe fireworks cs3 software. bring your project to life with adobe dreamweaver cs3 and adobe flash cs3 professional the preferred web design and development tools. easily maintain the final project and integrate user-generated content with adobe contribute cs3. creative suite 3 web standard combines the fundamental web tools all in one place. discover intelligent integration take advantage of tight integration between your core tools so you can forget the software and focus on the project. roundtrip editing between adobe fireworks cs3 flash cs3 and dreamweaver cs3 ensures a fluid workspace that makes it easy to move and modify assets. improved css support allows you to start your css in fireworks and easily transition to dreamweaver. dreamweaver and contribute offer improved rendering compatibility as well as new flv tools that accelerate video integration. enjoy the latest workflows use the integrated tools in creative suite 3 web standard to refine your current skill set while expanding into exciting new techniques and technologies. catch the wave of online video with sophisticated web video tools or explore new opportunities in mobile content design. reach into development with the spry framework for ajax and new actionscript 3.0 language for flash. with creative suite 3 web standard the future is yours. visually manage assets in adobe bridge test mobile designs in adobe device central coordinate with team members using adobe version cue host real-time web-based meetings with adobe acrobat connect top new features of adobe creative suite 3 latest versions of the best tools get the newest releases of the industry's favorite tools for web design and development. adobe creative suite 3 web standard software offers innovative new features and advanced integration across adobe dreamweaver cs3 adobe flash cs3 professional adobe fireworks cs3 and adobe contribute cs3 software. high-productivity tools turbo-charge the web design and development process. roundtrip editing between fireworks flash and dreamweaver enables speedy prototyping graphics creation and optimization. move css layouts from fireworks to dreamweaver. use contribute with dreamweaver for controlled user-based web maintenance. emerging technologies prepare for the next generation of web technology while applying best practices. create dynamic user interfaces with css and ajax add flash video incorporate new standards-based user elements and support user-generated content for dynamic experiences. creative flexibility flow through the design process quickly with new flash creative tools such as the pen tool for better control shape primitives for easily creating unique shapes and new filter effects. use advanced video exporting and encoding to create high-quality video experiences. actionscript 3.0 development go farther with actionscript 3.0 the high-performance object-oriented programming language for adobe flash player. convert animations to actionscript and explore a whole new world of customization using the rich language api libraries and expansive community support services. rapid prototyping mock up css designs in fireworks with speed and ease. a common library contains prebuilt easily accessible objects such as forms browser and os elements. apply reskinnable color weight and font elements. move designs into flash and dreamweaver or leverage an extensible api. easy web maintenance free yourself from simple web edits. with contribute cs3 enable individuals or workgroups to easily edit and publish content to websites and blogs from a controlled permissions-based application or from within microsoft applications. mobile content authoring use adobe device central cs3 to design develop preview and test content for a wide range of mobile and consumer devices. easily showcase your work in numerous mobile device skins through built-in and regularly updated device profiles. browser and platform compatibility ensure your experience is consistent across any operating system browser or platform using the new browser compatibility check in dreamweaver and the adobe css advisor website an invaluable source of user-contributed insight on css issues. macintosh or windows pick your platform. creative suite 3 web standard is available for mac os--including intel based macintosh computers--windows xp and windows vista. design in your preferred platform and then deliver across platforms with consistent results. additional features powerful integration leverage integrated workflows that enable fast efficient exchange of assets so you move from design to delivery efficiently. roundtrip editing between fireworks flash and dreamweaver enables speedy prototyping graphics creation and optimization. import files from other adobe creative tools. professional interactive design discover the powerful expressive flash authoring environment. add life to graphics with acclaimed animation tools high-quality text rendering filters and other effects and the popular flash video tools complete with alpha channel support and batch rendering. latest technologies and standards keep pace with evolving technology and standards. design with css and xml; integrate with development environments like html xhtml xml adobe coldfusion asp asp.net jsp or php; test content across myriad browsers and operating systems; and prepare for the new internet protocol version 6 (ipv6). best practices easily apply best practices of web design and development. create consistent css-based designs with the css layout and visualization tools in dreamweaver. drag and drop an xml feed onto a web page. use the industry's first integrated tool for section 508 and wcag priority 2 checkpoints. produce for today and tomorrow whether you're updating a website to support the latest standards and technologies integrating interactive video migrating to css-based designs conforming to accessibility governances or experimenting with mobile content development creative suite 3 web standard lets you get it done today yet scales to support new web or device projects in the future. adobe creative suite 3: what's in each edition? adobe creative suite 3 editions design premium design standard web premium web standard production premium master collection adobe photoshop cs3 extended adobe photoshop cs3 adobe illustrator cs3 adobe indesign cs3 adobe acrobat 8 professional adobe flash cs3 professional adobe dreamweaver cs3 adobe contribute cs3 adobe fireworks cs3 adobe after effects cs3 professional adobe premiere pro cs3 adobe soundbooth cs3 adobe encore cs3 adobe onlocation * adobe ultra cs3 * additional features and services in adobe creative suite 3 adobe bridge cs3 adobe version cue cs3 adobe device central cs3 adobe dynamic link adobe stock photos adobe acrobat connect * adobe ultra runs on microsoft windows only. for macintosh users adobe onlocation requires bootcamp and windows (purchased separately) or a separate windows-based computer.,the adobe design premium bundle is a collection of tools geared for creative professionals that work in both print and web mediums. while similar to the web premium bundle this video series also includes training on indesign cs3. let total training ...,adobe,,,,,
hard_negative_wag,results/model_checkpoints/20260721_200947_seed1337_bda60282_best_step1500.pt,1500,amazon_google_price_numeric,cross_source,False,0.99996674,0,"title, description, manufacturer, price",305,902,,,,,,,,,,,,,,,,,,,,,,,,,,,,,,,,,,,,,,,,,,,,,jeopardy,snap! spelling (jewel case),,,,,,,,,,,,,,,,,,,9.99,19.95,jeopardy! is one of the all-time tv game shows and now it's available on your computer. choose money tiles in various categories -- behind each one is the answer to a question. can you guess what the question is? enjoy the full tv-game experience with more puzzles and double jeopardy.,give your youngster a head start with snap spelling the colorful cd-rom software that focuses on this important language skill. designed especially for kids ages five to nine this disc is chock full of entertaining graphics cleverly utilized to reinforce the basics of word formation through the rules of letter combination. with its solid blend of activities and education snap spelling takes kids from point a to z.features:12 animated story episodes in 2 partsinterrupt the story at any time indulge in word play funprintable word mastery achievement certificateswindows system requirements:pentium 90 mhz or higherwindows 95/9816 mb ram2x cd-rom drivewindows compatible sound card256 colors or higher display graphicsmousemac system requirements:68040 or higher (including power pc)imac g3 or highersystem 7.5 or higher16 mb ram2x cd-rom drivecolor display capablemouse,encore,topics entertainment,,,,
hard_negative_wag,results/model_checkpoints/20260721_200947_seed1337_bda60282_best_step1500.pt,1500,amazon_google_price_numeric,cross_source,False,0.9999665,0,"title, description, manufacturer, price",801,1055,,,,,,,,,,,,,,,,,,,,,,,,,,,,,,,,,,,,,,,,,,,,,print explosion deluxe 3.0 (mac),imsi turbocad designer 11,,,,,,,,,,,,,,,,,,,49.99,12.9,with print explosion deluxe 3.0 you'll have the fastest easiest way to create spectacular custom print projects. first time publishers and professional designers alike will enjoy rich graphics layout features and text effects once found only in programs costing ten times as much.take advantage of the latest os x innovations delivering more creative options than ever before. the easy-to-use interface will walk you through the process from concept to finished product in a matter of minutes! all-new user interface browse and import photos from iphoto print out cd & dvd labels with itunes playlists photorealistic new scrapbook graphics,lets even the most novice computer user design like a pro. use the interactive tutorials and start creating impressive 2d sketches and precision technical drawings and more. whether your a beginner casual designer or a design enthusiast this ...,nova development,,,,,
hard_negative_wag,results/model_checkpoints/20260721_200947_seed1337_bda60282_best_step1500.pt,1500,amazon_google_price_numeric,cross_source,False,0.99996614,0,"title, description, manufacturer, price",51,468,,,,,,,,,,,,,,,,,,,,,,,,,,,,,,,,,,,,,,,,,,,,,adobe illustrator cs3 (mac),adobe soundbooth cs3 [mac],,,,,,,,,,,,,,,,,,,599.0,199.0,key features: live color live trace live paint advanced typography user's manual...,adobe soundbooth cs3 software lets you take command of your audio in film video or adobe flash projects. soundbooth gives you focused tools to bring the same superior quality to your sound as you bring to your visuals. use on-clip controls to make fast edits and intuitive task-based tools to clean up recordings polish voice-overs customize music modify sound effects apply high-quality filters and much more. an intuitive interface and on-clip controls simplify everyday sound tasks like cleaning editing and creating audio. clean up recordings polish voice-overs record audio create audio loops create and export markers to xml and flv to synchronize sound with animation and much more. tight integration with adobe premiere pro cs3 and flash cs3 professional software and an intuitive visual interface mean you can get the job done quickly without sacrificing creative control. intuitive audio editing with on-clip controls autocomposer with customizable music content for homemade scores more than 15 high-quality audio filters -- combine up to 5 with the effects rack streamlined mastering tools polish your file & clarify vocals visual tools for healing sound - reveal and remove individual sounds from a waveform open video files to edit and clean up their audio use adobe media encoder to export to major video formats - mpeg-2 h.264 realvideo flv and more,,adobe,,,,
hard_negative_wag,results/model_checkpoints/20260721_200947_seed1337_bda60282_best_step1500.pt,1500,amazon_google_price_numeric,cross_source,False,0.99996614,3,title,131,252,,,,,,,,,,,,,,,,,,,,,,,,,,,,,,,,,,,,,,,,,,,,,adobe indesign cs3 for mac upgrade,adobe indesign cs3 for mac upgrade from pagemaker,,,,,,,,,,,,,,,,,,,205.99,205.99,system requirements powerpc g4 or g5 or intel core processor mac os x v10.4.8 256mb ram (512mb recommended) 1.6gb free hard-disk space (additional space required during installation) 1024 x 768 display resolution with 16-bit video card dvd-rom drive ...,system requirements powerpc g4 or g5 or intel core processor mac os x v10.4.8 256mb ram (512mb recommended) 1.6gb free hard-disk space (additional space required during installation) 1024 x 768 display resolution with 16-bit video card dvd-rom drive ...,,,,,,
hard_negative_wag,results/model_checkpoints/20260721_200947_seed1337_bda60282_best_step1500.pt,1500,amazon_google_price_numeric,cross_source,False,0.999966,1,"title, description, price",18,674,,,,,,,,,,,,,,,,,,,,,,,,,,,,,,,,,,,,,,,,,,,,,corel ulead videostudio 11 video editing and dvd authoring software for windows authoring software,corel ulead videostudio 11 plus video editing and dvd authoring software - win authoring software,,,,,,,,,,,,,,,,,,,89.95,129.95,videostudio 11 video editing and dvd authoring software for windows special offer the videostudio 11 video editing and dvd authoring software for windows from corel ulead is a great way to get started editing your home movies and burning them onto ...,videostudio 11 plus video editing and dvd authoring software for windows special offer the videostudio 11 plus video editing and dvd authoring software for windows from corel ulead is a great way to get started editing your home movies and burning ...,,,,,,
hard_negative_wag,results/model_checkpoints/20260721_200947_seed1337_bda60282_best_step1500.pt,1500,amazon_google_price_numeric,cross_source,False,0.999966,2,"title, description",260,589,,,,,,,,,,,,,,,,,,,,,,,,,,,,,,,,,,,,,,,,,,,,,print shop 22 pro publisher deluxe,the print shop pro publisher 22 deluxe [dvd],,,,,,,,,,,,,,,,,,,99.99,99.99,with print shop pro publisher deluxe 22 you can unlock your publishing potential! this software is your complete source for designing powerful publications for all of your home and business needs is bigger and better than ever. it's the simple effective way to create banners business cards cd/dvd labels signs greeting cards invitations and more! small business center dvd for windows - requires pc with dvd drive to run,the print shop pro publisher deluxe edition 22 gives you all the tools you need to design and publish professional business materials creative projects and web pages. a wealth of photo manipulation tools at your fingertips helps you get closer to the final product. see all that you can do with pro publisher deluxe. with pro publisher deluxe you can express your creativity promote your business design your own web site and much more all from one place. your complete source for designing powerful publications for all of your home and business needs pro publisher deluxe lets you create banners letterhead business cards postcards and more. find out which version of the print shop is right for you. 22 000 templates and 400 000 images at your fingertips with 22 000 pre-designed project templates to choose from it's easy to start your next project from scratch. pro publisher deluxe features flexible design and layout tools more than 850 fonts a complete logo creator and several professional quality printing options that will help you tailor your projects to your precise needs. you can design layouts for multimedia presentations letterhead business cards greeting cards forms multi-page brochures stationery sets cd/dvd labels newsletters and much more. a multi-page booklet template helps you create exciting projects including programs menus informational pamphlets brochures and more. you can even turn your family's history into a work of art with the unique and fun-to-use family tree templates! pro publisher deluxe offers a wider variety of paper sizes with several new templates including 4x6 inches for notecards and postcard 11x17 inch pages and square 6x6 8x8 and 12x12 page sizes. when it's time to add the perfect image to your project pro publisher deluxe features a gallery for more than 400 000 premium images (including 5 000 getty images) that include photos graphics illustrations web art backgrounds and textures seasonal images and more. you'll always have the ideal template and the perfect image to complete your project. the program also includes 3 100 sentiments so you'll have the precise tools to add the perfect phrase or quote to your design. an advanced search function lets you conveniently search for a project template or image by type tone category or keyword. when you purchase pro publisher deluxe you also receive a full year of free access to the million image club where you will find even more images to complement your designs. advanced design and print tools a convenient pdf tool lets you easily convert your projects and images into pdf files for easy sharing while maintaining high resolution and color accuracy. you also have access to tools that let you create sophisticated web pages with no html coding skills required. simple drag-and-drop capabilities allow you to move images and text to where you want them. some of the advanced html features include dynamic web templates rollover effects hotspots online form creation and spell check. professional graphic tools give you the power to manipulate your images so that you can take your business communications to the next level. with pro publisher deluxe you'll master tools that let you create and edit vector art create 3-d shapes add 3-d texture effects and even draw using pastel charcoal and watercolor. and when it's time to print pro publisher deluxe offers the advantages of several professional print options such as borderless printing and printing directly on printable cds/dvds. you can print multiple labels with a variety of images or text simultaneously on one sheet -- a feature that's perfect for mass mailings or customizing a variety of labels with ease. you can even personalize your ipod skin with your favorite photo pictures of your friends a cool design or more. these are only some of the many ways that pro publisher deluxe can help you business grow and your personal projects thrive. the possibilities are endless; the only limit with pro publisher deluxe is your imagination.,encore,encore,,,,
hard_negative_wag,results/model_checkpoints/20260721_200947_seed1337_bda60282_best_step1500.pt,1500,amazon_google_price_numeric,cross_source,False,0.999966,0,"title, description, manufacturer, price",589,816,,,,,,,,,,,,,,,,,,,,,,,,,,,,,,,,,,,,,,,,,,,,,the print shop pro publisher 22 deluxe [dvd],art text,,,,,,,,,,,,,,,,,,,99.99,49.95,the print shop pro publisher deluxe edition 22 gives you all the tools you need to design and publish professional business materials creative projects and web pages. a wealth of photo manipulation tools at your fingertips helps you get closer to the final product. see all that you can do with pro publisher deluxe. with pro publisher deluxe you can express your creativity promote your business design your own web site and much more all from one place. your complete source for designing powerful publications for all of your home and business needs pro publisher deluxe lets you create banners letterhead business cards postcards and more. find out which version of the print shop is right for you. 22 000 templates and 400 000 images at your fingertips with 22 000 pre-designed project templates to choose from it's easy to start your next project from scratch. pro publisher deluxe features flexible design and layout tools more than 850 fonts a complete logo creator and several professional quality printing options that will help you tailor your projects to your precise needs. you can design layouts for multimedia presentations letterhead business cards greeting cards forms multi-page brochures stationery sets cd/dvd labels newsletters and much more. a multi-page booklet template helps you create exciting projects including programs menus informational pamphlets brochures and more. you can even turn your family's history into a work of art with the unique and fun-to-use family tree templates! pro publisher deluxe offers a wider variety of paper sizes with several new templates including 4x6 inches for notecards and postcard 11x17 inch pages and square 6x6 8x8 and 12x12 page sizes. when it's time to add the perfect image to your project pro publisher deluxe features a gallery for more than 400 000 premium images (including 5 000 getty images) that include photos graphics illustrations web art backgrounds and textures seasonal images and more. you'll always have the ideal template and the perfect image to complete your project. the program also includes 3 100 sentiments so you'll have the precise tools to add the perfect phrase or quote to your design. an advanced search function lets you conveniently search for a project template or image by type tone category or keyword. when you purchase pro publisher deluxe you also receive a full year of free access to the million image club where you will find even more images to complement your designs. advanced design and print tools a convenient pdf tool lets you easily convert your projects and images into pdf files for easy sharing while maintaining high resolution and color accuracy. you also have access to tools that let you create sophisticated web pages with no html coding skills required. simple drag-and-drop capabilities allow you to move images and text to where you want them. some of the advanced html features include dynamic web templates rollover effects hotspots online form creation and spell check. professional graphic tools give you the power to manipulate your images so that you can take your business communications to the next level. with pro publisher deluxe you'll master tools that let you create and edit vector art create 3-d shapes add 3-d texture effects and even draw using pastel charcoal and watercolor. and when it's time to print pro publisher deluxe offers the advantages of several professional print options such as borderless printing and printing directly on printable cds/dvds. you can print multiple labels with a variety of images or text simultaneously on one sheet -- a feature that's perfect for mass mailings or customizing a variety of labels with ease. you can even personalize your ipod skin with your favorite photo pictures of your friends a cool design or more. these are only some of the many ways that pro publisher deluxe can help you business grow and your personal projects thrive. the possibilities are endless; the only limit with pro publisher deluxe is your imagination.,art text is an application to create high quality textual graphics headings logos icons web banners and buttons. the program implements the latest mac os x technologies which allow you to easily modify any texts and vector shapes into a fancy graphic. use the result with iwork microsoft office belight applications and other programs. create more compelling business presentations brochures flyers postcards business cards and web sites with the program. pre-designed styles shapes icon art images shading materials and other advanced visual effects make art text a powerful and intuitive program which is a great example of delivering mac os x technologies to everyone. not only professionals but anyone who wants to make his text work look attractive will find a use for the program. apply shadow and glow effects ability to combine text with background image bend text using 22 adjustable vector transformation shapes or bezier splines ability to export into a file or clipboard in tiff jpeg pdf png or other formats system requirements - mac os x 10.4 or later,encore,belight software,,,,
hard_negative_wag,results/model_checkpoints/20260721_200947_seed1337_bda60282_best_step1500.pt,1500,amazon_google_price_numeric,cross_source,False,0.9999659,0,"title, description, manufacturer, price",308,794,,,,,,,,,,,,,,,,,,,,,,,,,,,,,,,,,,,,,,,,,,,,,quickbooks simple start 2007 intuit,bookkeeper 2008,,,,,,,,,,,,,,,,,,,99.99,39.99,key features: track sales and expenses user-friendly organized data instant reports...,,,individual software,,,,
hard_negative_wag,results/model_checkpoints/20260721_200947_seed1337_bda60282_best_step1500.pt,1500,amazon_google_price_numeric,cross_source,False,0.9999658,1,"title, description, price",325,366,,,,,,,,,,,,,,,,,,,,,,,,,,,,,,,,,,,,,,,,,,,,,adobe contribute cs3,enfocus software pp7.0-u1-001 - pitstop pro 7.0 upgr - 5.x or below,,,,,,,,,,,,,,,,,,,155.99,257.97,system requirements powerpc g4 or g5 or intel core processor mac os x v10.4.8 512mb ram 1.4gb free hard-disk space 1024 x 768 display resolution dvd-rom drive internet or phone connection required for product activation firefox 2.0 required for ...,enfocus software pp7.0-u1-001 : enfocus software pitstop pro 7.0 upgr - 5.x or below - pp7.0-u1-001,,,,,,
hard_negative_wag,results/model_checkpoints/20260721_200947_seed1337_bda60282_best_step1500.pt,1500,amazon_google_price_numeric,cross_source,False,0.99996567,0,"title, description, manufacturer, price",305,786,,,,,,,,,,,,,,,,,,,,,,,,,,,,,,,,,,,,,,,,,,,,,jeopardy,destineer rise of nations gold edition,,,,,,,,,,,,,,,,,,,9.99,45.99,jeopardy! is one of the all-time tv game shows and now it's available on your computer. choose money tiles in various categories -- behind each one is the answer to a question. can you guess what the question is? enjoy the full tv-game experience with more puzzles and double jeopardy.,system requirements: any macintosh with 600mhz or faster processor mac os x v10.2.8 or higher 256mb ram (512 recommended for online play) 32mb video card monitor with support for 1024 x 768 or higher resolution cd-rom drive 1gb free hard drive space ...,encore,,,,,
hard_negative_wag,results/model_checkpoints/20260721_200947_seed1337_bda60282_best_step1500.pt,1500,amazon_google_price_numeric,cross_source,False,0.99996567,1,"title, description, price",366,393,,,,,,,,,,,,,,,,,,,,,,,,,,,,,,,,,,,,,,,,,,,,,enfocus software pp7.0-u1-001 - pitstop pro 7.0 upgr - 5.x or below,the printshop v22 deluxe,,,,,,,,,,,,,,,,,,,257.97,29.9,enfocus software pp7.0-u1-001 : enfocus software pitstop pro 7.0 upgr - 5.x or below - pp7.0-u1-001,overview create professional projects with all the tools you need in one complete package! this powerful version of the print shop deluxe is loaded with all of your favorite features and even more valuable tools and programs than ever before. ...,,,,,,
hard_negative_wag,results/model_checkpoints/20260721_200947_seed1337_bda60282_best_step1500.pt,1500,amazon_google_price_numeric,cross_source,False,0.99996555,1,"title, description, price",40,713,,,,,,,,,,,,,,,,,,,,,,,,,,,,,,,,,,,,,,,,,,,,,make finale 2007 software - educational discount music production software,make finale 2007 software music production software,,,,,,,,,,,,,,,,,,,289.95,429.95,finale 2007 - professional notation and score publishing software for mac os x and windows 2000/xp - educational discount for the professional composer or music publisher producing and outputting music scores and instrumental parts finale 2007 from ...,finale 2007 - professional notation and score publishing software for mac os x and windows 2000/xp for the professional composer or music publisher producing and outputting music scores and instrumental parts finale 2007 from makemusic is the ...,,,,,,
hard_negative_wag,results/model_checkpoints/20260721_200947_seed1337_bda60282_best_step1500.pt,1500,amazon_google_price_numeric,cross_source,False,0.99996555,0,"title, description, manufacturer, price",244,614,,,,,,,,,,,,,,,,,,,,,,,,,,,,,,,,,,,,,,,,,,,,,onone software ice-10770 intellihance pro 4.1 mac/win (buy now and get free cs3 compatibility upgrades),onone software intellihance pro 4 for mac/pc,,,,,,,,,,,,,,,,,,,158.99,159.99,dynamic image enhancement and color correction intellihance pro 4 quickly and dynamically enhances images to make them look their best. compare and print up to 25 professional enhancement variations at once.highlights:^^ quickly and dynamically ...,calumet photographic-the photographers catalog: photoshop users have long preferred intellihance pro for color correcting and enhancing images. intellihance pro automatically analyzes and corrects images from any source including digital cameras ...,onone software,,,,,
hard_negative_wag,results/model_checkpoints/20260721_200947_seed1337_bda60282_best_step1500.pt,1500,amazon_google_price_numeric,cross_source,False,0.99996555,1,"title, description, price",357,651,,,,,,,,,,,,,,,,,,,,,,,,,,,,,,,,,,,,,,,,,,,,,intuit quickbooks pro 2007 for mac,apple mac os x 10.4.6 tiger,,,,,,,,,,,,,,,,,,,185.99,119.99,recommended system configuration computer: macintosh with g4 g5 or intel core processor operating system: mac 0s x v10.4.7 memory: 256 mb installed ram hard disk space: at least 100 mb of free disk space monitor: color monitor with 1280x854 minimum ...,hardware requirements powerpc g5 g4 or g3 processor built-in firewire dvd drive is required for installation at least 256mb of physical ram some features of mac os x v10.4 require a compatible internet service provider; fees may apply. some ...,,,,,,
hard_negative_wag,results/model_checkpoints/20260721_200947_seed1337_bda60282_best_step1500.pt,1500,amazon_google_price_numeric,cross_source,False,0.9999654,0,"title, description, manufacturer, price",130,674,,,,,,,,,,,,,,,,,,,,,,,,,,,,,,,,,,,,,,,,,,,,,adobe indesign cs3 upgrade [mac],corel ulead videostudio 11 plus video editing and dvd authoring software - win authoring software,,,,,,,,,,,,,,,,,,,199.0,129.95,note: this is the upgrade version of adobe indesign cs3. explore more creative possibilities and experience new levels of productivity using adobe indesign cs3 upgrade page layout software. built for demanding workflows indesign integrates smoothly with the adobe tools you use every day streamlines repetitive tasks reliably outputs pages and offers powerful features for creating richer more complex documents. design and produce professional page layouts. import and place several files at the same time with the new multi-file place feature. in the new indesign cs3 workspace you can collapse panels as horizontally labeled icons. add gradient stops to create a feather effect. explore new creative possibilities discover a world of design possibilities with indesign cs3. expanded creative tools and options allow you to experiment quickly and flexibly and create sophisticated effects for text images and objects from within your page layout application. apply effects such as inner glows and bevels without having to update linked files. finer transparency control allows you to apply transparency independently on an object's stroke fill or content. fade objects into the background using gradient feathers. and set beautiful typography using professional tools. be more productive boost your efficiency through new and enhanced productivity tools that make it faster and easier to lay out export and print graphically rich pages. support for styled tables and table cells as well as a host of powerful layout features including an expanded find/change feature allow you to easily apply global formatting and consistently edit text and objects. and work efficiently thanks to tight integration with other adobe tools and technologies; native file format support; and consistent reliable adobe pdf output. automate routine tasks save time and money by automating production workflows using indesign cs3. from robust long-document support to flexible xml import indesign offers powerful features that minimize repetitive tasks. streamline the creation of long documents with features such as advanced bullets and numbering as well as running headers and footers. accelerate routine tasks by writing scripts and generate layouts from xml content with flexible and robust script-based rules. audience benefit graphic designers discover new levels of creative freedom and productivity with adobe indesign cs3 software. tightly integrated with the adobe applications you use most indesign cs3 delivers efficient production workflows and a more fluid creative environment for designing professional layouts with sophisticated graphics and typography. adobe pagemaker users there's never been a better time for pagemaker users to switch to adobe indesign cs3 software. with its built-in support for familiar pagemaker features such as multiple undo robust style support flexible gradients easy table creation and more indesign cs3 brings you a new level of creative freedom and productivity. it's also packed with features to help smooth your transition including support for converting pagemaker 6.0-7.x files a set of pagemaker compatible keyboard shortcuts and popular pagemaker features such as data merge and print booklet for imposition. with an exclusive upgrade price for licensed pagemaker users indesign cs3 delivers superb functionality at a compelling value. print service providers adobe indesign cs3 software addresses the needs of print professionals worldwide for reliable consistent output controls. encourage your customers to preflight and package their indesign projects to help ensure smoother handoffs. prevent costly errors on press by evaluating and adjusting separations overprint and transparency flattener settings onscreen. then use print presets to output files more efficiently. easily set up high-end adobe pdf-based print production workflows automate processes using jdf and provide adobe pdf export presets to customers to get the best results. with indesign cs3 you can exercise exacting control over your print production workflow. it professionals and developers invest in adobe indesign cs3 software for professional page layout to help streamline production reduce costs and increase quality in your publishing workflows. tight integration with other adobe applications and built-in support for native adobe file formats helps shorten production cycles while better supporting all-digital workflows. indesign snippets style sets custom workspaces and other resources allow teams to work more efficiently and consistently. flexible xml import and export controls plus robust scripting support lay a strong foundation for automating workflows and efficiently publishing to multiple media. join leading publishers and design organizations worldwide in achieving higher productivity with better quality and lower costs using indesign cs3. the effects button is one of many new options included in the context-sensitive control panel (above) as well as being available in the effects panel itself. top ten new features creative effects and controls design compelling page layouts that include transparency creative effects and gradient feathers. since effects are live and nondestructive you can experiment with ease. apply effects independently to an object's stroke fill or content. productivity enhancements perform a variety of tasks more efficiently using new and enhanced productivity features including multi-file place quick apply faster frame fitting and the visual pages panel. table and cell styles quickly and consistently format tables using table and cell styles. even use regional cell styles to apply unique formatting to specific areas of a table such as its header footer and body. robust long-document support maintain consistency and streamline the production of long documents using advanced bullets and numbering running headers and footers and synchronized master pages. advanced find/change on text and objects apply changes to text and object attributes across one or more documents. include master pages footnotes and locked or hidden layers in a search; save search settings for easy reuse; and perform grep pattern-based searches on strings of text. xhtml export enable multiformat publishing including print-to-web workflows by exporting adobe indesign content as xhtml. edit the exported content in adobe dreamweaver cs3 software (available separately) and automatically format it using cascading style sheets. intuitive and customizable workspace work in an environment that makes it easier to be productive. keep just the tools panels and menus you use most at your fingertips and dock self-adjusting panels out of the way when not in use to free up your workspace. placed indesign files reuse layouts by placing indd files in another indesign document. links remain intact and indesign automatically notifies you of updates to the linked indd file. rule-based layouts from xml use scripts that apply rules to automatically build page layouts and format text and graphics from xml content. automation through scripting automate tasks by writing scripts in javascript applescript and vbscript. attach a javascript to a menu command so it runs automatically when the command is chosen and protect scripts for commercial use through enhanced javascript. create xhtml files for product listings and more. you can select the objects you want to export to xhtml if you don't want to export an entire document. inspect and manage xml data with the structure pane. additional features extensive integration work smoothly with adobe photoshop illustrator acrobat incopy and dreamweaver software; enjoy consistency by using shared presets and color settings; work more efficiently with native file format support; and easily publish to multiple media. reliable prepress and printing have confidence in your output. get accurate consistent results every time you print using sophisticated preview capabilities exporting reliable adobe pdf files and sharing custom presets. professional typographical controls compose beautiful typography using professional controls including the paragraph composer opentype fonts drop caps glyphs and optical kerning and margin alignment. full-featured tables create richly formatted tables. import tab-delimited text files and styled microsoft word or excel tables or build tables in indesign. apply a wide variety of formatting options manually or using table and cell styles. smart text handling control your text with intelligent text-handling features including the ability to import styled text from microsoft word files apply complex text wraps around objects and comprehensively replace fonts. scripting and extensibility accelerate and simplify workflows by automating processes using scripts and extending the capabilities of indesign using the extendscript toolkit. creative effects apply new visual effects such as inner glow or bevel and emboss using an interface that's consistent with adobe photoshop to specify offset angle and other options. apply effects independently to an object's stroke fill and content. gradient feathers create beautiful effects by applying masks that contain gradients so the objects fade into the background. customize options such as gradient angles and fade rates all within adobe indesign. adobe-standard user interface get up to speed quickly with familiar commands tools panels and keyboard shortcuts. backward compatibility open quarkxpress 3.3-4.1x files pagemaker 6.0-7.x files and files created in earlier versions of adobe indesign in indesign interchange (inx) format in indesign cs3 to keep working with legacy files. adobe photoshop and adobe pdf layer support control the visibility of layers in imported photoshop and pdf files. experiment with design options or use multiple variations of a file in your layout all while linking to a single file. adobe pdf file export use built-in adobe pdf export presets--or create custom presets--to consistently and reliably create adobe pdf files for electronic review or final output. create iso-standard pdf/x-1a and pdf/x-3 files for high-resolution cmyk printing as well as pdf/x-4 (draft) files. table and cell styles quickly and consistently format tables using table and cell styles. even use regional cell styles to apply unique formatting to specific areas of a table such as its header footer and body. multiple undo/redo experiment freely and retrace multiple steps using the undo and redo commands. high-resolution graphics preview display graphics in high resolution for precision work or to preview the graphics within your layout. easily switch back to lower resolution view for faster onscreen display. enhanced control panel see more options in the context-sensitive control panel including transparency text wrap and rotation. customize the panel to show the options you use most frequently. custom print presets define and share custom print presets among service providers and customers for a fast reliable way to print jobs that require consistent settings for many print options. jdf integration between adobe indesign and acrobat pass jdf job information to acrobat with adobe pdf files that you export from indesign. print service providers can then streamline prepress and print processes using jdf automation. output previews prevent mistakes from occurring on press by checking plates overprinting and ink limits and help ensure the best results when printing transparency effects using output preview panels. use overprint preview mode to proof spot-color effects and overprint settings. preflight and packaging avoid delays and costly production errors by preflighting documents to check for problems. then package them for print or web handoff or export them as adobe pdf files. consistent color synchronize icc-based color management settings across adobe applications to achieve consistent color onscreen. exchange swatches across the components of adobe creative suite 3 design software. flexible xml workflows use xml rules to dynamically generate documents with formatting and graphics based on imported xml and apply xslt style sheets when importing or exporting xml content. automation through scripting automate tasks by writing scripts in javascript applescript and vbscript. attach a javascript to a menu command so it runs automatically when the command is chosen and protect scripts for commercial use through enhanced javascript. extendscript utility use the extendscript toolkit to create edit and debug javascripts in indesign.,videostudio 11 plus video editing and dvd authoring software for windows special offer the videostudio 11 plus video editing and dvd authoring software for windows from corel ulead is a great way to get started editing your home movies and burning ...,adobe,,,,,
hard_negative_wag,results/model_checkpoints/20260721_200947_seed1337_bda60282_best_step1500.pt,1500,amazon_google_price_both,cross_source,False,0.9999665,0,"title, description, manufacturer, price_text, price_numeric",341,788,,,,,,,,,,,,,,,,,,,,,,,,,,,,,,,,,,,,,,,,,,,,,scratches: directors cut,allume stuffit deluxe 10.0 os x 10.4 or higher,,,,,,,,,,,,,,,,,,,,,scratches is a terrifying story where a story from the past emerges to haunt the present. you control famed horror writer michael arthate as he explores blackwood manor a victorian house near an english market town. it's a quiet and pleasant existance until odd noises in the basement keep him up at night. as they grow louder you'll explore the house and unlock the strange tales that echo through its walls. special director's cut includes: alternate ending and 2 additional hours of gameplay.,system requirements mac os 10.3 or better. mac os 10.4 tiger is required for automator and spotlight support.,got game,,19.99,69.99,19.99,69.99
hard_negative_wag,results/model_checkpoints/20260721_200947_seed1337_bda60282_best_step1500.pt,1500,amazon_google_price_both,cross_source,False,0.99996626,0,"title, description, manufacturer, price_text, price_numeric",104,911,,,,,,,,,,,,,,,,,,,,,,,,,,,,,,,,,,,,,,,,,,,,,stationery design studio (win 98 me 2000 xp),the print shop 22 pro publisher deluxe sb cs by the print shop,,,,,,,,,,,,,,,,,,,,,use custom layouts to design and print high impact business stationery without the added cost of additional software. reinforce your identity by instantly matching letterhead labels and envelopes to your business card before sending your results to ...,the print shop 22 pro publisher deluxe delivers more creative tools than any other print shop product along with the professional features you need to take control of your business communications. 400 000+ premium images & graphics plus! 22 000 professionally designed project templates! packed with the text and layout tools you need you'll easily create high quality projects including multi-page brochures stationery cd/dvd labels newsletters and more. enhanced photo editing tools provide the professional touch you need to make your photos look your best. whether you create slideshows burn to cd resize for a mobile phone or design and publish your own web pages showcasing your photos is easier than ever. new project size options photo quality printing and borderless print features mean your projects will have the refined look you want. dynamic project and image search capabilities will help you quickly and effortless find your saved projects or the perfect image or graphic for your creation. for easy share options export your projects to multiple file types including pdf jpeg tiff gif and much more! even manage your time with calender creator express the address book and improved mail merge for effortless mailings every time!,,encore software,19.99,99.95,19.99,99.95
hard_negative_wag,results/model_checkpoints/20260721_200947_seed1337_bda60282_best_step1500.pt,1500,amazon_google_price_both,cross_source,False,0.999966,0,"title, description, manufacturer, price_text, price_numeric",174,1055,,,,,,,,,,,,,,,,,,,,,,,,,,,,,,,,,,,,,,,,,,,,,jeopardy! deluxe,imsi turbocad designer 11,,,,,,,,,,,,,,,,,,,,,you've never been in jeopardy! like this before. choose money tiles in various categories and give the question to which each clue is the answer. enjoy the full tv-game experience with more puzzles and double jeopardy. full-screen mode for distraction-free gaming,lets even the most novice computer user design like a pro. use the interactive tutorials and start creating impressive 2d sketches and precision technical drawings and more. whether your a beginner casual designer or a design enthusiast this ...,encore,,19.99,12.9,19.99,12.9
hard_negative_wag,results/model_checkpoints/20260721_200947_seed1337_bda60282_best_step1500.pt,1500,amazon_google_price_both,cross_source,False,0.99996567,4,title,131,252,,,,,,,,,,,,,,,,,,,,,,,,,,,,,,,,,,,,,,,,,,,,,adobe indesign cs3 for mac upgrade,adobe indesign cs3 for mac upgrade from pagemaker,,,,,,,,,,,,,,,,,,,,,system requirements powerpc g4 or g5 or intel core processor mac os x v10.4.8 256mb ram (512mb recommended) 1.6gb free hard-disk space (additional space required during installation) 1024 x 768 display resolution with 16-bit video card dvd-rom drive ...,system requirements powerpc g4 or g5 or intel core processor mac os x v10.4.8 256mb ram (512mb recommended) 1.6gb free hard-disk space (additional space required during installation) 1024 x 768 display resolution with 16-bit video card dvd-rom drive ...,,,205.99,205.99,205.99,205.99
hard_negative_wag,results/model_checkpoints/20260721_200947_seed1337_bda60282_best_step1500.pt,1500,amazon_google_price_both,cross_source,False,0.99996567,0,"title, description, manufacturer, price_text, price_numeric",695,1000,,,,,,,,,,,,,,,,,,,,,,,,,,,,,,,,,,,,,,,,,,,,,giggles computer funtime for baby - shapes (win/mac),sibelius sibelius 4 software - educational discount music production software,,,,,,,,,,,,,,,,,,,,,,sibelius 4 - software for writing playing printing and publishing music notation for mac os x and windows - educational discount sibelius 4 from sibelius is a fully featured and complete software solution for writing playing printing and publishing ...,navarre (software),,24.95,249.95,24.95,249.95
hard_negative_wag,results/model_checkpoints/20260721_200947_seed1337_bda60282_best_step1500.pt,1500,amazon_google_price_both,cross_source,False,0.9999653,3,"title, description",130,253,,,,,,,,,,,,,,,,,,,,,,,,,,,,,,,,,,,,,,,,,,,,,adobe indesign cs3 upgrade [mac],adobe indesign cs3 upgrade from pagemaker [mac],,,,,,,,,,,,,,,,,,,,,note: this is the upgrade version of adobe indesign cs3. explore more creative possibilities and experience new levels of productivity using adobe indesign cs3 upgrade page layout software. built for demanding workflows indesign integrates smoothly with the adobe tools you use every day streamlines repetitive tasks reliably outputs pages and offers powerful features for creating richer more complex documents. design and produce professional page layouts. import and place several files at the same time with the new multi-file place feature. in the new indesign cs3 workspace you can collapse panels as horizontally labeled icons. add gradient stops to create a feather effect. explore new creative possibilities discover a world of design possibilities with indesign cs3. expanded creative tools and options allow you to experiment quickly and flexibly and create sophisticated effects for text images and objects from within your page layout application. apply effects such as inner glows and bevels without having to update linked files. finer transparency control allows you to apply transparency independently on an object's stroke fill or content. fade objects into the background using gradient feathers. and set beautiful typography using professional tools. be more productive boost your efficiency through new and enhanced productivity tools that make it faster and easier to lay out export and print graphically rich pages. support for styled tables and table cells as well as a host of powerful layout features including an expanded find/change feature allow you to easily apply global formatting and consistently edit text and objects. and work efficiently thanks to tight integration with other adobe tools and technologies; native file format support; and consistent reliable adobe pdf output. automate routine tasks save time and money by automating production workflows using indesign cs3. from robust long-document support to flexible xml import indesign offers powerful features that minimize repetitive tasks. streamline the creation of long documents with features such as advanced bullets and numbering as well as running headers and footers. accelerate routine tasks by writing scripts and generate layouts from xml content with flexible and robust script-based rules. audience benefit graphic designers discover new levels of creative freedom and productivity with adobe indesign cs3 software. tightly integrated with the adobe applications you use most indesign cs3 delivers efficient production workflows and a more fluid creative environment for designing professional layouts with sophisticated graphics and typography. adobe pagemaker users there's never been a better time for pagemaker users to switch to adobe indesign cs3 software. with its built-in support for familiar pagemaker features such as multiple undo robust style support flexible gradients easy table creation and more indesign cs3 brings you a new level of creative freedom and productivity. it's also packed with features to help smooth your transition including support for converting pagemaker 6.0-7.x files a set of pagemaker compatible keyboard shortcuts and popular pagemaker features such as data merge and print booklet for imposition. with an exclusive upgrade price for licensed pagemaker users indesign cs3 delivers superb functionality at a compelling value. print service providers adobe indesign cs3 software addresses the needs of print professionals worldwide for reliable consistent output controls. encourage your customers to preflight and package their indesign projects to help ensure smoother handoffs. prevent costly errors on press by evaluating and adjusting separations overprint and transparency flattener settings onscreen. then use print presets to output files more efficiently. easily set up high-end adobe pdf-based print production workflows automate processes using jdf and provide adobe pdf export presets to customers to get the best results. with indesign cs3 you can exercise exacting control over your print production workflow. it professionals and developers invest in adobe indesign cs3 software for professional page layout to help streamline production reduce costs and increase quality in your publishing workflows. tight integration with other adobe applications and built-in support for native adobe file formats helps shorten production cycles while better supporting all-digital workflows. indesign snippets style sets custom workspaces and other resources allow teams to work more efficiently and consistently. flexible xml import and export controls plus robust scripting support lay a strong foundation for automating workflows and efficiently publishing to multiple media. join leading publishers and design organizations worldwide in achieving higher productivity with better quality and lower costs using indesign cs3. the effects button is one of many new options included in the context-sensitive control panel (above) as well as being available in the effects panel itself. top ten new features creative effects and controls design compelling page layouts that include transparency creative effects and gradient feathers. since effects are live and nondestructive you can experiment with ease. apply effects independently to an object's stroke fill or content. productivity enhancements perform a variety of tasks more efficiently using new and enhanced productivity features including multi-file place quick apply faster frame fitting and the visual pages panel. table and cell styles quickly and consistently format tables using table and cell styles. even use regional cell styles to apply unique formatting to specific areas of a table such as its header footer and body. robust long-document support maintain consistency and streamline the production of long documents using advanced bullets and numbering running headers and footers and synchronized master pages. advanced find/change on text and objects apply changes to text and object attributes across one or more documents. include master pages footnotes and locked or hidden layers in a search; save search settings for easy reuse; and perform grep pattern-based searches on strings of text. xhtml export enable multiformat publishing including print-to-web workflows by exporting adobe indesign content as xhtml. edit the exported content in adobe dreamweaver cs3 software (available separately) and automatically format it using cascading style sheets. intuitive and customizable workspace work in an environment that makes it easier to be productive. keep just the tools panels and menus you use most at your fingertips and dock self-adjusting panels out of the way when not in use to free up your workspace. placed indesign files reuse layouts by placing indd files in another indesign document. links remain intact and indesign automatically notifies you of updates to the linked indd file. rule-based layouts from xml use scripts that apply rules to automatically build page layouts and format text and graphics from xml content. automation through scripting automate tasks by writing scripts in javascript applescript and vbscript. attach a javascript to a menu command so it runs automatically when the command is chosen and protect scripts for commercial use through enhanced javascript. create xhtml files for product listings and more. you can select the objects you want to export to xhtml if you don't want to export an entire document. inspect and manage xml data with the structure pane. additional features extensive integration work smoothly with adobe photoshop illustrator acrobat incopy and dreamweaver software; enjoy consistency by using shared presets and color settings; work more efficiently with native file format support; and easily publish to multiple media. reliable prepress and printing have confidence in your output. get accurate consistent results every time you print using sophisticated preview capabilities exporting reliable adobe pdf files and sharing custom presets. professional typographical controls compose beautiful typography using professional controls including the paragraph composer opentype fonts drop caps glyphs and optical kerning and margin alignment. full-featured tables create richly formatted tables. import tab-delimited text files and styled microsoft word or excel tables or build tables in indesign. apply a wide variety of formatting options manually or using table and cell styles. smart text handling control your text with intelligent text-handling features including the ability to import styled text from microsoft word files apply complex text wraps around objects and comprehensively replace fonts. scripting and extensibility accelerate and simplify workflows by automating processes using scripts and extending the capabilities of indesign using the extendscript toolkit. creative effects apply new visual effects such as inner glow or bevel and emboss using an interface that's consistent with adobe photoshop to specify offset angle and other options. apply effects independently to an object's stroke fill and content. gradient feathers create beautiful effects by applying masks that contain gradients so the objects fade into the background. customize options such as gradient angles and fade rates all within adobe indesign. adobe-standard user interface get up to speed quickly with familiar commands tools panels and keyboard shortcuts. backward compatibility open quarkxpress 3.3-4.1x files pagemaker 6.0-7.x files and files created in earlier versions of adobe indesign in indesign interchange (inx) format in indesign cs3 to keep working with legacy files. adobe photoshop and adobe pdf layer support control the visibility of layers in imported photoshop and pdf files. experiment with design options or use multiple variations of a file in your layout all while linking to a single file. adobe pdf file export use built-in adobe pdf export presets--or create custom presets--to consistently and reliably create adobe pdf files for electronic review or final output. create iso-standard pdf/x-1a and pdf/x-3 files for high-resolution cmyk printing as well as pdf/x-4 (draft) files. table and cell styles quickly and consistently format tables using table and cell styles. even use regional cell styles to apply unique formatting to specific areas of a table such as its header footer and body. multiple undo/redo experiment freely and retrace multiple steps using the undo and redo commands. high-resolution graphics preview display graphics in high resolution for precision work or to preview the graphics within your layout. easily switch back to lower resolution view for faster onscreen display. enhanced control panel see more options in the context-sensitive control panel including transparency text wrap and rotation. customize the panel to show the options you use most frequently. custom print presets define and share custom print presets among service providers and customers for a fast reliable way to print jobs that require consistent settings for many print options. jdf integration between adobe indesign and acrobat pass jdf job information to acrobat with adobe pdf files that you export from indesign. print service providers can then streamline prepress and print processes using jdf automation. output previews prevent mistakes from occurring on press by checking plates overprinting and ink limits and help ensure the best results when printing transparency effects using output preview panels. use overprint preview mode to proof spot-color effects and overprint settings. preflight and packaging avoid delays and costly production errors by preflighting documents to check for problems. then package them for print or web handoff or export them as adobe pdf files. consistent color synchronize icc-based color management settings across adobe applications to achieve consistent color onscreen. exchange swatches across the components of adobe creative suite 3 design software. flexible xml workflows use xml rules to dynamically generate documents with formatting and graphics based on imported xml and apply xslt style sheets when importing or exporting xml content. automation through scripting automate tasks by writing scripts in javascript applescript and vbscript. attach a javascript to a menu command so it runs automatically when the command is chosen and protect scripts for commercial use through enhanced javascript. extendscript utility use the extendscript toolkit to create edit and debug javascripts in indesign.,note: this is the upgrade from pagemaker version of adobe indesign cs3. explore more creative possibilities and experience new levels of productivity using adobe indesign cs3 upgrade page layout software. built for demanding workflows indesign integrates smoothly with the adobe tools you use every day streamlines repetitive tasks reliably outputs pages and offers powerful features for creating richer more complex documents. design and produce professional page layouts. import and place several files at the same time with the new multi-file place feature. in the new indesign cs3 workspace you can collapse panels as horizontally labeled icons. add gradient stops to create a feather effect. explore new creative possibilities discover a world of design possibilities with indesign cs3. expanded creative tools and options allow you to experiment quickly and flexibly and create sophisticated effects for text images and objects from within your page layout application. apply effects such as inner glows and bevels without having to update linked files. finer transparency control allows you to apply transparency independently on an object's stroke fill or content. fade objects into the background using gradient feathers. and set beautiful typography using professional tools. be more productive boost your efficiency through new and enhanced productivity tools that make it faster and easier to lay out export and print graphically rich pages. support for styled tables and table cells as well as a host of powerful layout features including an expanded find/change feature allow you to easily apply global formatting and consistently edit text and objects. and work efficiently thanks to tight integration with other adobe tools and technologies; native file format support; and consistent reliable adobe pdf output. automate routine tasks save time and money by automating production workflows using indesign cs3. from robust long-document support to flexible xml import indesign offers powerful features that minimize repetitive tasks. streamline the creation of long documents with features such as advanced bullets and numbering as well as running headers and footers. accelerate routine tasks by writing scripts and generate layouts from xml content with flexible and robust script-based rules. audience benefit graphic designers discover new levels of creative freedom and productivity with adobe indesign cs3 software. tightly integrated with the adobe applications you use most indesign cs3 delivers efficient production workflows and a more fluid creative environment for designing professional layouts with sophisticated graphics and typography. adobe pagemaker users there's never been a better time for pagemaker users to switch to adobe indesign cs3 software. with its built-in support for familiar pagemaker features such as multiple undo robust style support flexible gradients easy table creation and more indesign cs3 brings you a new level of creative freedom and productivity. it's also packed with features to help smooth your transition including support for converting pagemaker 6.0-7.x files a set of pagemaker compatible keyboard shortcuts and popular pagemaker features such as data merge and print booklet for imposition. with an exclusive upgrade price for licensed pagemaker users indesign cs3 delivers superb functionality at a compelling value. print service providers adobe indesign cs3 software addresses the needs of print professionals worldwide for reliable consistent output controls. encourage your customers to preflight and package their indesign projects to help ensure smoother handoffs. prevent costly errors on press by evaluating and adjusting separations overprint and transparency flattener settings onscreen. then use print presets to output files more efficiently. easily set up high-end adobe pdf-based print production workflows automate processes using jdf and provide adobe pdf export presets to customers to get the best results. with indesign cs3 you can exercise exacting control over your print production workflow. it professionals and developers invest in adobe indesign cs3 software for professional page layout to help streamline production reduce costs and increase quality in your publishing workflows. tight integration with other adobe applications and built-in support for native adobe file formats helps shorten production cycles while better supporting all-digital workflows. indesign snippets style sets custom workspaces and other resources allow teams to work more efficiently and consistently. flexible xml import and export controls plus robust scripting support lay a strong foundation for automating workflows and efficiently publishing to multiple media. join leading publishers and design organizations worldwide in achieving higher productivity with better quality and lower costs using indesign cs3. the effects button is one of many new options included in the context-sensitive control panel (above) as well as being available in the effects panel itself. top ten new features creative effects and controls design compelling page layouts that include transparency creative effects and gradient feathers. since effects are live and nondestructive you can experiment with ease. apply effects independently to an object's stroke fill or content. productivity enhancements perform a variety of tasks more efficiently using new and enhanced productivity features including multi-file place quick apply faster frame fitting and the visual pages panel. table and cell styles quickly and consistently format tables using table and cell styles. even use regional cell styles to apply unique formatting to specific areas of a table such as its header footer and body. robust long-document support maintain consistency and streamline the production of long documents using advanced bullets and numbering running headers and footers and synchronized master pages. advanced find/change on text and objects apply changes to text and object attributes across one or more documents. include master pages footnotes and locked or hidden layers in a search; save search settings for easy reuse; and perform grep pattern-based searches on strings of text. xhtml export enable multiformat publishing including print-to-web workflows by exporting adobe indesign content as xhtml. edit the exported content in adobe dreamweaver cs3 software (available separately) and automatically format it using cascading style sheets. intuitive and customizable workspace work in an environment that makes it easier to be productive. keep just the tools panels and menus you use most at your fingertips and dock self-adjusting panels out of the way when not in use to free up your workspace. placed indesign files reuse layouts by placing indd files in another indesign document. links remain intact and indesign automatically notifies you of updates to the linked indd file. rule-based layouts from xml use scripts that apply rules to automatically build page layouts and format text and graphics from xml content. automation through scripting automate tasks by writing scripts in javascript applescript and vbscript. attach a javascript to a menu command so it runs automatically when the command is chosen and protect scripts for commercial use through enhanced javascript. create xhtml files for product listings and more. you can select the objects you want to export to xhtml if you don't want to export an entire document. inspect and manage xml data with the structure pane. additional features extensive integration work smoothly with adobe photoshop illustrator acrobat incopy and dreamweaver software; enjoy consistency by using shared presets and color settings; work more efficiently with native file format support; and easily publish to multiple media. reliable prepress and printing have confidence in your output. get accurate consistent results every time you print using sophisticated preview capabilities exporting reliable adobe pdf files and sharing custom presets. professional typographical controls compose beautiful typography using professional controls including the paragraph composer opentype fonts drop caps glyphs and optical kerning and margin alignment. full-featured tables create richly formatted tables. import tab-delimited text files and styled microsoft word or excel tables or build tables in indesign. apply a wide variety of formatting options manually or using table and cell styles. smart text handling control your text with intelligent text-handling features including the ability to import styled text from microsoft word files apply complex text wraps around objects and comprehensively replace fonts. scripting and extensibility accelerate and simplify workflows by automating processes using scripts and extending the capabilities of indesign using the extendscript toolkit. creative effects apply new visual effects such as inner glow or bevel and emboss using an interface that's consistent with adobe photoshop to specify offset angle and other options. apply effects independently to an object's stroke fill and content. gradient feathers create beautiful effects by applying masks that contain gradients so the objects fade into the background. customize options such as gradient angles and fade rates all within adobe indesign. adobe-standard user interface get up to speed quickly with familiar commands tools panels and keyboard shortcuts. backward compatibility open quarkxpress 3.3-4.1x files pagemaker 6.0-7.x files and files created in earlier versions of adobe indesign in indesign interchange (inx) format in indesign cs3 to keep working with legacy files. adobe photoshop and adobe pdf layer support control the visibility of layers in imported photoshop and pdf files. experiment with design options or use multiple variations of a file in your layout all while linking to a single file. adobe pdf file export use built-in adobe pdf export presets--or create custom presets--to consistently and reliably create adobe pdf files for electronic review or final output. create iso-standard pdf/x-1a and pdf/x-3 files for high-resolution cmyk printing as well as pdf/x-4 (draft) files. table and cell styles quickly and consistently format tables using table and cell styles. even use regional cell styles to apply unique formatting to specific areas of a table such as its header footer and body. multiple undo/redo experiment freely and retrace multiple steps using the undo and redo commands. high-resolution graphics preview display graphics in high resolution for precision work or to preview the graphics within your layout. easily switch back to lower resolution view for faster onscreen display. enhanced control panel see more options in the context-sensitive control panel including transparency text wrap and rotation. customize the panel to show the options you use most frequently. custom print presets define and share custom print presets among service providers and customers for a fast reliable way to print jobs that require consistent settings for many print options. jdf integration between adobe indesign and acrobat pass jdf job information to acrobat with adobe pdf files that you export from indesign. print service providers can then streamline prepress and print processes using jdf automation. output previews prevent mistakes from occurring on press by checking plates overprinting and ink limits and help ensure the best results when printing transparency effects using output preview panels. use overprint preview mode to proof spot-color effects and overprint settings. preflight and packaging avoid delays and costly production errors by preflighting documents to check for problems. then package them for print or web handoff or export them as adobe pdf files. consistent color synchronize icc-based color management settings across adobe applications to achieve consistent color onscreen. exchange swatches across the components of adobe creative suite 3 design software. flexible xml workflows use xml rules to dynamically generate documents with formatting and graphics based on imported xml and apply xslt style sheets when importing or exporting xml content. automation through scripting automate tasks by writing scripts in javascript applescript and vbscript. attach a javascript to a menu command so it runs automatically when the command is chosen and protect scripts for commercial use through enhanced javascript. extendscript utility use the extendscript toolkit to create edit and debug javascripts in indesign.,adobe,adobe,199,199,199.0,199.0
hard_negative_wag,results/model_checkpoints/20260721_200947_seed1337_bda60282_best_step1500.pt,1500,amazon_google_price_both,cross_source,False,0.9999652,0,"title, description, manufacturer, price_text, price_numeric",685,794,,,,,,,,,,,,,,,,,,,,,,,,,,,,,,,,,,,,,,,,,,,,,perfect attorney premium (pc) cosmi,bookkeeper 2008,,,,,,,,,,,,,,,,,,,,,key features: create legal documents tutorials and self-help ...,,,individual software,29.99,39.99,29.99,39.99
hard_negative_wag,results/model_checkpoints/20260721_200947_seed1337_bda60282_best_step1500.pt,1500,amazon_google_price_both,cross_source,False,0.99996483,3,"title, description",131,469,,,,,,,,,,,,,,,,,,,,,,,,,,,,,,,,,,,,,,,,,,,,,adobe indesign cs3 for mac upgrade,adobe soundbooth cs3,,,,,,,,,,,,,,,,,,,,,system requirements powerpc g4 or g5 or intel core processor mac os x v10.4.8 256mb ram (512mb recommended) 1.6gb free hard-disk space (additional space required during installation) 1024 x 768 display resolution with 16-bit video card dvd-rom drive ...,system requirements multicore intel processor mac os x v.10.4.9 512mb of ram (1gb for dv playback; 2gb for hdv and hd playback) 10gb of available hard-disk space 1280x900 monitor resolution with 32-bit video card and 16mb of vram core audio ...,,,205.99,205.99,205.99,205.99
hard_negative_wag,results/model_checkpoints/20260721_200947_seed1337_bda60282_best_step1500.pt,1500,amazon_google_price_both,cross_source,False,0.9999647,0,"title, description, manufacturer, price_text, price_numeric",19,468,,,,,,,,,,,,,,,,,,,,,,,,,,,,,,,,,,,,,,,,,,,,,the print shop 22 sb cs by the print shop,adobe soundbooth cs3 [mac],,,,,,,,,,,,,,,,,,,,,,adobe soundbooth cs3 software lets you take command of your audio in film video or adobe flash projects. soundbooth gives you focused tools to bring the same superior quality to your sound as you bring to your visuals. use on-clip controls to make fast edits and intuitive task-based tools to clean up recordings polish voice-overs customize music modify sound effects apply high-quality filters and much more. an intuitive interface and on-clip controls simplify everyday sound tasks like cleaning editing and creating audio. clean up recordings polish voice-overs record audio create audio loops create and export markers to xml and flv to synchronize sound with animation and much more. tight integration with adobe premiere pro cs3 and flash cs3 professional software and an intuitive visual interface mean you can get the job done quickly without sacrificing creative control. intuitive audio editing with on-clip controls autocomposer with customizable music content for homemade scores more than 15 high-quality audio filters -- combine up to 5 with the effects rack streamlined mastering tools polish your file & clarify vocals visual tools for healing sound - reveal and remove individual sounds from a waveform open video files to edit and clean up their audio use adobe media encoder to export to major video formats - mpeg-2 h.264 realvideo flv and more,encore software,adobe,0,199,0.0,199.0
hard_negative_wag,results/model_checkpoints/20260721_200947_seed1337_bda60282_best_step1500.pt,1500,amazon_google_price_both,cross_source,False,0.9999647,4,title,836,921,,,,,,,,,,,,,,,,,,,,,,,,,,,,,,,,,,,,,,,,,,,,,apple garageband jam pack: rhythm section,apple garageband jam pack: remix tools,,,,,,,,,,,,,,,,,,,,,system requirements requires garageband (installed with ilife '04 or '05)* logic express 7 or logic pro 7. soundtrack supports loops only in jam packs. macintosh computer with g3 600mhz processor or higher to use apple loops (g4 or g5 required for ...,system requirements requires garageband (installed with ilife '04 or '05)* logic express 7 or logic pro 7. soundtrack supports loops only in jam packs. macintosh computer with g3 600mhz processor or higher to use apple loops (g4 or g5 required for ...,,,95.99,95.99,95.99,95.99
hard_negative_wag,results/model_checkpoints/20260721_200947_seed1337_bda60282_best_step1500.pt,1500,amazon_google_price_both,cross_source,False,0.9999646,3,"title, description",287,524,,,,,,,,,,,,,,,,,,,,,,,,,,,,,,,,,,,,,,,,,,,,,encore software 11250 - brain food games: cranium collection 2006 - win 98 me 2000 xp,encore software 11252 - brain food games: cranium collection 2006 - win 98 me 2000 xp,,,,,,,,,,,,,,,,,,,,,encore software 11250 : brain food games cranium collection is back and better than ever! new content new games to train your brain for maximum efficiency! system requirements: windows 2000 sp4/xp (home& pro) sp2³ pentium iii 450 mhz processor or ...,encore software 11252 : brain food games cranium collection is back and better than ever! new content new games to train your brain for maximum efficiency! system requirements: windows 2000 sp4/xp (home& pro) sp2³ pentium iii 450 mhz processor or ...,,,18.97,18.97,18.97,18.97
hard_negative_wag,results/model_checkpoints/20260721_200947_seed1337_bda60282_best_step1500.pt,1500,amazon_google_price_both,cross_source,False,0.99996436,3,"title, description",109,661,,,,,,,,,,,,,,,,,,,,,,,,,,,,,,,,,,,,,,,,,,,,,encore software 11182 - monopoly here & now - win 98 me 2000 xp,encore software 11180 - monopoly here & now - win 98 me 2000 xp,,,,,,,,,,,,,,,,,,,,,encore software 11182 : this special anniversary edition celebrates 70 years of the world s most popular board game with a modern day equivalent to the traditional game. system requirements: operating system: windows(r) 98/me/xp processor: pentium(r ...,encore software 11180 : this special anniversary edition celebrates 70 years of the world s most popular board game with a modern day equivalent to the traditional game. system requirements: operating system: windows(r) 98/me/xp processor: pentium(r ...,,,18.97,18.97,18.97,18.97
hard_negative_wag,results/model_checkpoints/20260721_200947_seed1337_bda60282_best_step1500.pt,1500,amazon_google_price_both,cross_source,False,0.99996436,3,"title, description",122,405,,,,,,,,,,,,,,,,,,,,,,,,,,,,,,,,,,,,,,,,,,,,,microspot macdraft pe personal edition,microspot interiors version 3.6,,,,,,,,,,,,,,,,,,,,,operating system: macintosh os x 10.2 or higher processor: power mac g3 or higher memory (ram): 8 mb free hard disk space: 20 mb minimum screen resolution: 1024 x 768,system requirements: mac os x 10.2 or later 450mhz powerpc g3 processor or higher 256mb of ram (512mb strongly recommended) 520mb free disk space,,,85.99,85.99,85.99,85.99
hard_negative_wag,results/model_checkpoints/20260721_200947_seed1337_bda60282_best_step1500.pt,1500,amazon_google_price_both,cross_source,False,0.9999641,0,"title, description, manufacturer, price_text, price_numeric",149,283,,,,,,,,,,,,,,,,,,,,,,,,,,,,,,,,,,,,,,,,,,,,,instant immersion hawaiian audio,orion/imaginova starry night galaxy explorer,,,,,,,,,,,,,,,,,,,,,,pilot a starship through intergalactic space blast off earth and fly to over 28000 galaxies. learn detailed information through the skyguide as you explore the 3-d universe. even examine the structure of the universe from up to 700 million light y,topics entertainment,,0,8.8,0.0,8.8
hard_negative_wag,results/model_checkpoints/20260721_200947_seed1337_bda60282_best_step1500.pt,1500,amazon_google_price_both,cross_source,False,0.999964,1,"title, description, price_text, price_numeric",574,1060,,,,,,,,,,,,,,,,,,,,,,,,,,,,,,,,,,,,,,,,,,,,,sibelius sibelius 5 software - educational discount music production software,mcsa/mcse self-paced training kit (exams 70-292 and 70-296) upg. your,,,,,,,,,,,,,,,,,,,,,sibelius 5 - software for writing playing printing and publishing music notation for mac os x and windows - educational discount sibelius 5 from sibelius is a fully featured and complete software solution for writing playing printing and publishing ...,get official all-in-one exam prep practice and review for exams 70-292 and 70-296.,,,248.95,39.95,248.95,39.95
hard_negative_wag,results/model_checkpoints/20260721_200947_seed1337_bda60282_best_step1500.pt,1500,amazon_google_price_both,cross_source,False,0.9999639,4,title,13,291,,,,,,,,,,,,,,,,,,,,,,,,,,,,,,,,,,,,,,,,,,,,,fogware hyb space dvd,fogware hyb places dvd,,,,,,,,,,,,,,,,,,,,,macintosh: dvd drive sound card & system no installation required windows: win 2000 xp with minimum memory of 128 megbytes dvd drive sound card & system no installation required,macintosh: dvd drive sound card & system no installation required windows: win 2000 xp with minimum memory of 128 megbytes dvd drive sound card & system no installation required,,,21.99,21.99,21.99,21.99
hard_negative_wag,results/model_checkpoints/20260721_200947_seed1337_bda60282_best_step1500.pt,1500,amazon_google_price_both,cross_source,False,0.99996376,4,title,5,496,,,,,,,,,,,,,,,,,,,,,,,,,,,,,,,,,,,,,,,,,,,,,sos aggregation company panda antivirus + firewall 2008 3-user,sos aggregation company iaudioize - magnetic time,,,,,,,,,,,,,,,,,,,,,,,,,31.53,31.53,31.53,31.53
hard_negative_wag,results/model_checkpoints/20260721_200947_seed1337_bda60282_best_step1500.pt,1500,amazon_google_price_both,cross_source,False,0.99996376,2,"title, description, manufacturer",174,885,,,,,,,,,,,,,,,,,,,,,,,,,,,,,,,,,,,,,,,,,,,,,jeopardy! deluxe,jumpstart advanced 1st grade knowledge adventure,,,,,,,,,,,,,,,,,,,,,you've never been in jeopardy! like this before. choose money tiles in various categories and give the question to which each clue is the answer. enjoy the full tv-game experience with more puzzles and double jeopardy. full-screen mode for distraction-free gaming,key features: four cd set enhances education over 50 skills reviewed special features ...,encore,,19.99,19.99,19.99,19.99
hard_negative_wag,results/model_checkpoints/20260721_200947_seed1337_bda60282_best_step1500.pt,1500,amazon_google_price_both,cross_source,False,0.99996376,1,"title, description, price_text, price_numeric",267,822,,,,,,,,,,,,,,,,,,,,,,,,,,,,,,,,,,,,,,,,,,,,,punch! professional home design,punch! professional home design suite,,,,,,,,,,,,,,,,,,,,,punch professional home design suite does something very few home planning applications achieve: it brings together designing both the interior and the exterior--including the garden--of your home on one cd-rom. while the software is perhaps a bit complex to learn at first the huge range of features offered make this forgivable. you can start with a blank screen work with a pre-drawn plan from the software's library or import scans of the existing floor plans of your home. whichever option you choose simply clicking the onscreen tabs allows you to switch between working on the floor plans electrical plans the plumbing system roofing arrangements heating and air conditioning external decking or landscaping. getting objects such as furniture into position on a plan is mostly a matter of drag and drop while you can also use a computer aided design feature to draw curves arcs and other standard shapes. it is useful to be able to see a flat plan and a 3-d view side by side and to walk through the 3-d view or do a flyover. you can even change the light direction intensity and brightness on the 3-d views to get as close to the real world as possible. with several useful tools above and beyond the designer punch professional home design suite is a rounded application. the 3-d furniture workshop lets you edit the library of furniture objects or design your own from scratch. realmodel lets you turn a home plan into a template for making a scale model--you can even print textures onto paper for pasting to the building materials. homeestimator works out how much it will cost to build your project life-size and how much of each type of material you need. --sandra vogel,12 programs in one intuitive easy-to-use interface... powerful professional tools to help you design all of the critical components of your home including foundations hvac electrical plumbing custom windows custom roofs and much much more!,punch! software,punch! software,89.99,69.99,89.99,69.99
hard_negative_wag,results/model_checkpoints/20260721_200947_seed1337_bda60282_best_step1500.pt,1500,amazon_google_price_both,cross_source,False,0.9999634,3,"title, description",837,922,,,,,,,,,,,,,,,,,,,,,,,,,,,,,,,,,,,,,,,,,,,,,apple garageband jam pack: rhythm section,apple garageband jam pack: remix tools,,,,,,,,,,,,,,,,,,,,,with apple's garageband jam pack 3: rhythm section you'll create beats that sound like they'll be international hits. work with an impressive array of drum kits percussion basses guitars and other essential instruments. build unique tracks with loops for rock blues jazz and country songs. fo undation elements include more than 1000 loops of drum beats and fills and 1000 more bass lines guitar and keyboard riffs and chord progressions. from modern rock beats to country shuffles to pop grooves from around the world jam pack 3: rhythm section gives you core elements to help construct your songs.,with apple's garageband jam pack: remix tools you can create your own club grooves. this complete set of beats bass lines synth hooks and keyboard riffs is perfect for creating the sounds that get butts shaking on the dance floor. whether you're into hip-hop or house r&b or trance jam pack: remix tools gives you everything you need to create songs that make people move.,apple,apple,99,99,99.0,99.0
