model,checkpoint_path,checkpoint_step,benchmark,pair_scope,variant,config_index,n_configs,field_types,manifest_field_types,candidate_pairs,error,roc_auc,pr_auc,oracle_pair_f1,oracle_pair_threshold
default_wag,results/model_checkpoints/20260715_195803_seed1337_20005214_best_step1500.pt,1500,amazon_google_price_numeric,cross_source,exhaustive,1,108,title:text; description:text; manufacturer:text; price:text,title:text; description:text; manufacturer:text; price:numeric,290231,,0.9618809687615739,0.19736914083763155,0.3088480801335559,0.9996203184127808
default_wag,results/model_checkpoints/20260715_195803_seed1337_20005214_best_step1500.pt,1500,amazon_google_price_numeric,cross_source,exhaustive,2,108,title:text; description:text; manufacturer:text; price:identifier,title:text; description:text; manufacturer:text; price:numeric,290231,,0.9618809687615739,0.19736914083763155,0.3088480801335559,0.9996203184127808
default_wag,results/model_checkpoints/20260715_195803_seed1337_20005214_best_step1500.pt,1500,amazon_google_price_numeric,cross_source,exhaustive,3,108,title:text; description:text; manufacturer:text; price:categorical,title:text; description:text; manufacturer:text; price:numeric,290231,,0.6981719379529158,0.021908640625572413,0.10131712259371833,0.9988608360290527
default_wag,results/model_checkpoints/20260715_195803_seed1337_20005214_best_step1500.pt,1500,amazon_google_price_numeric,cross_source,manifest,4,108,title:text; description:text; manufacturer:text; price:numeric,title:text; description:text; manufacturer:text; price:numeric,290231,,0.9527921592680084,0.22972465674645967,0.3522727272727273,0.999984860420227
default_wag,results/model_checkpoints/20260715_195803_seed1337_20005214_best_step1500.pt,1500,amazon_google_price_numeric,cross_source,exhaustive,5,108,title:text; description:text; manufacturer:identifier; price:text,title:text; description:text; manufacturer:text; price:numeric,290231,,0.9618809687615739,0.19736914083763155,0.3088480801335559,0.9996203184127808
default_wag,results/model_checkpoints/20260715_195803_seed1337_20005214_best_step1500.pt,1500,amazon_google_price_numeric,cross_source,exhaustive,6,108,title:text; description:text; manufacturer:identifier; price:identifier,title:text; description:text; manufacturer:text; price:numeric,290231,,0.9618809687615739,0.19736914083763155,0.3088480801335559,0.9996203184127808
default_wag,results/model_checkpoints/20260715_195803_seed1337_20005214_best_step1500.pt,1500,amazon_google_price_numeric,cross_source,exhaustive,7,108,title:text; description:text; manufacturer:identifier; price:categorical,title:text; description:text; manufacturer:text; price:numeric,290231,,0.6981719379529158,0.021908640625572413,0.10131712259371833,0.9988608360290527
default_wag,results/model_checkpoints/20260715_195803_seed1337_20005214_best_step1500.pt,1500,amazon_google_price_numeric,cross_source,exhaustive,8,108,title:text; description:text; manufacturer:identifier; price:numeric,title:text; description:text; manufacturer:text; price:numeric,290231,,0.9527921443868417,0.229724634964732,0.3522727272727273,0.999984860420227
default_wag,results/model_checkpoints/20260715_195803_seed1337_20005214_best_step1500.pt,1500,amazon_google_price_numeric,cross_source,exhaustive,9,108,title:text; description:text; manufacturer:categorical; price:text,title:text; description:text; manufacturer:text; price:numeric,290231,,0.8064826618335812,0.025743292874305455,0.07733952049497293,0.9990812540054321
default_wag,results/model_checkpoints/20260715_195803_seed1337_20005214_best_step1500.pt,1500,amazon_google_price_numeric,cross_source,exhaustive,10,108,title:text; description:text; manufacturer:categorical; price:identifier,title:text; description:text; manufacturer:text; price:numeric,290231,,0.8064826618335812,0.025743292874305455,0.07733952049497293,0.9990812540054321
default_wag,results/model_checkpoints/20260715_195803_seed1337_20005214_best_step1500.pt,1500,amazon_google_price_numeric,cross_source,exhaustive,11,108,title:text; description:text; manufacturer:categorical; price:categorical,title:text; description:text; manufacturer:text; price:numeric,290231,,0.6620473074671671,0.012484063486306096,0.05722260990928123,0.9423954486846924
default_wag,results/model_checkpoints/20260715_195803_seed1337_20005214_best_step1500.pt,1500,amazon_google_price_numeric,cross_source,exhaustive,12,108,title:text; description:text; manufacturer:categorical; price:numeric,title:text; description:text; manufacturer:text; price:numeric,290231,,0.6262660628801915,0.0114673140941962,0.06597938144329897,0.9999831914901733
default_wag,results/model_checkpoints/20260715_195803_seed1337_20005214_best_step1500.pt,1500,amazon_google_price_numeric,cross_source,exhaustive,13,108,title:text; description:identifier; manufacturer:text; price:text,title:text; description:text; manufacturer:text; price:numeric,290231,,0.9618809687615739,0.19736914083763155,0.3088480801335559,0.9996203184127808
default_wag,results/model_checkpoints/20260715_195803_seed1337_20005214_best_step1500.pt,1500,amazon_google_price_numeric,cross_source,exhaustive,14,108,title:text; description:identifier; manufacturer:text; price:identifier,title:text; description:text; manufacturer:text; price:numeric,290231,,0.9618809687615739,0.19736914083763155,0.3088480801335559,0.9996203184127808
default_wag,results/model_checkpoints/20260715_195803_seed1337_20005214_best_step1500.pt,1500,amazon_google_price_numeric,cross_source,exhaustive,15,108,title:text; description:identifier; manufacturer:text; price:categorical,title:text; description:text; manufacturer:text; price:numeric,290231,,0.6981719379529158,0.021908640625572413,0.10131712259371833,0.9988608360290527
default_wag,results/model_checkpoints/20260715_195803_seed1337_20005214_best_step1500.pt,1500,amazon_google_price_numeric,cross_source,exhaustive,16,108,title:text; description:identifier; manufacturer:text; price:numeric,title:text; description:text; manufacturer:text; price:numeric,290231,,0.9527921592680085,0.2297246332803293,0.3522727272727273,0.999984860420227
default_wag,results/model_checkpoints/20260715_195803_seed1337_20005214_best_step1500.pt,1500,amazon_google_price_numeric,cross_source,exhaustive,17,108,title:text; description:identifier; manufacturer:identifier; price:text,title:text; description:text; manufacturer:text; price:numeric,290231,,0.9618809687615739,0.19736914083763155,0.3088480801335559,0.9996203184127808
default_wag,results/model_checkpoints/20260715_195803_seed1337_20005214_best_step1500.pt,1500,amazon_google_price_numeric,cross_source,exhaustive,18,108,title:text; description:identifier; manufacturer:identifier; price:identifier,title:text; description:text; manufacturer:text; price:numeric,290231,,0.9618809687615739,0.19736914083763155,0.3088480801335559,0.9996203184127808
default_wag,results/model_checkpoints/20260715_195803_seed1337_20005214_best_step1500.pt,1500,amazon_google_price_numeric,cross_source,exhaustive,19,108,title:text; description:identifier; manufacturer:identifier; price:categorical,title:text; description:text; manufacturer:text; price:numeric,290231,,0.6981719379529158,0.021908640625572413,0.10131712259371833,0.9988608360290527
default_wag,results/model_checkpoints/20260715_195803_seed1337_20005214_best_step1500.pt,1500,amazon_google_price_numeric,cross_source,exhaustive,20,108,title:text; description:identifier; manufacturer:identifier; price:numeric,title:text; description:text; manufacturer:text; price:numeric,290231,,0.9527921503393085,0.22972462854942385,0.3522727272727273,0.999984860420227
default_wag,results/model_checkpoints/20260715_195803_seed1337_20005214_best_step1500.pt,1500,amazon_google_price_numeric,cross_source,exhaustive,21,108,title:text; description:identifier; manufacturer:categorical; price:text,title:text; description:text; manufacturer:text; price:numeric,290231,,0.8064826618335812,0.025743292874305455,0.07733952049497293,0.9990812540054321
default_wag,results/model_checkpoints/20260715_195803_seed1337_20005214_best_step1500.pt,1500,amazon_google_price_numeric,cross_source,exhaustive,22,108,title:text; description:identifier; manufacturer:categorical; price:identifier,title:text; description:text; manufacturer:text; price:numeric,290231,,0.8064826618335812,0.025743292874305455,0.07733952049497293,0.9990812540054321
default_wag,results/model_checkpoints/20260715_195803_seed1337_20005214_best_step1500.pt,1500,amazon_google_price_numeric,cross_source,exhaustive,23,108,title:text; description:identifier; manufacturer:categorical; price:categorical,title:text; description:text; manufacturer:text; price:numeric,290231,,0.6620473074671671,0.012484063486306096,0.05722260990928123,0.9423954486846924
default_wag,results/model_checkpoints/20260715_195803_seed1337_20005214_best_step1500.pt,1500,amazon_google_price_numeric,cross_source,exhaustive,24,108,title:text; description:identifier; manufacturer:categorical; price:numeric,title:text; description:text; manufacturer:text; price:numeric,290231,,0.6262660360940913,0.011467313555272482,0.06597938144329897,0.9999831914901733
default_wag,results/model_checkpoints/20260715_195803_seed1337_20005214_best_step1500.pt,1500,amazon_google_price_numeric,cross_source,exhaustive,25,108,title:text; description:categorical; manufacturer:text; price:text,title:text; description:text; manufacturer:text; price:numeric,290231,,0.6341455603110473,0.06620970222964061,0.16136363636363635,0.9997496008872986
default_wag,results/model_checkpoints/20260715_195803_seed1337_20005214_best_step1500.pt,1500,amazon_google_price_numeric,cross_source,exhaustive,26,108,title:text; description:categorical; manufacturer:text; price:identifier,title:text; description:text; manufacturer:text; price:numeric,290231,,0.6341455603110473,0.06620970222964061,0.16136363636363635,0.9997496008872986
default_wag,results/model_checkpoints/20260715_195803_seed1337_20005214_best_step1500.pt,1500,amazon_google_price_numeric,cross_source,exhaustive,27,108,title:text; description:categorical; manufacturer:text; price:categorical,title:text; description:text; manufacturer:text; price:numeric,290231,,0.591303103889949,0.010851928772957962,0.0524515393386545,0.9989997744560242
default_wag,results/model_checkpoints/20260715_195803_seed1337_20005214_best_step1500.pt,1500,amazon_google_price_numeric,cross_source,exhaustive,28,108,title:text; description:categorical; manufacturer:text; price:numeric,title:text; description:text; manufacturer:text; price:numeric,290231,,0.6202214758093538,0.08682069397158948,0.22245322245322247,0.9999858140945435
default_wag,results/model_checkpoints/20260715_195803_seed1337_20005214_best_step1500.pt,1500,amazon_google_price_numeric,cross_source,exhaustive,29,108,title:text; description:categorical; manufacturer:identifier; price:text,title:text; description:text; manufacturer:text; price:numeric,290231,,0.6341455603110473,0.06620970222964061,0.16136363636363635,0.9997496008872986
default_wag,results/model_checkpoints/20260715_195803_seed1337_20005214_best_step1500.pt,1500,amazon_google_price_numeric,cross_source,exhaustive,30,108,title:text; description:categorical; manufacturer:identifier; price:identifier,title:text; description:text; manufacturer:text; price:numeric,290231,,0.6341455603110473,0.06620970222964061,0.16136363636363635,0.9997496008872986
default_wag,results/model_checkpoints/20260715_195803_seed1337_20005214_best_step1500.pt,1500,amazon_google_price_numeric,cross_source,exhaustive,31,108,title:text; description:categorical; manufacturer:identifier; price:categorical,title:text; description:text; manufacturer:text; price:numeric,290231,,0.591303103889949,0.010851928772957962,0.0524515393386545,0.9989997744560242
default_wag,results/model_checkpoints/20260715_195803_seed1337_20005214_best_step1500.pt,1500,amazon_google_price_numeric,cross_source,exhaustive,32,108,title:text; description:categorical; manufacturer:identifier; price:numeric,title:text; description:text; manufacturer:text; price:numeric,290231,,0.620221502595454,0.08682069395848269,0.22245322245322247,0.9999858140945435
default_wag,results/model_checkpoints/20260715_195803_seed1337_20005214_best_step1500.pt,1500,amazon_google_price_numeric,cross_source,exhaustive,33,108,title:text; description:categorical; manufacturer:categorical; price:text,title:text; description:text; manufacturer:text; price:numeric,290231,,0.6009677788215759,0.010191851725996412,0.03909465020576131,0.9994038343429565
default_wag,results/model_checkpoints/20260715_195803_seed1337_20005214_best_step1500.pt,1500,amazon_google_price_numeric,cross_source,exhaustive,34,108,title:text; description:categorical; manufacturer:categorical; price:identifier,title:text; description:text; manufacturer:text; price:numeric,290231,,0.6009677788215759,0.010191851725996412,0.03909465020576131,0.9994038343429565
default_wag,results/model_checkpoints/20260715_195803_seed1337_20005214_best_step1500.pt,1500,amazon_google_price_numeric,cross_source,exhaustive,35,108,title:text; description:categorical; manufacturer:categorical; price:categorical,title:text; description:text; manufacturer:text; price:numeric,290231,,0.5688854952553484,0.006577088471360229,0.03394625176803395,0.91632479429245
default_wag,results/model_checkpoints/20260715_195803_seed1337_20005214_best_step1500.pt,1500,amazon_google_price_numeric,cross_source,exhaustive,36,108,title:text; description:categorical; manufacturer:categorical; price:numeric,title:text; description:text; manufacturer:text; price:numeric,290231,,0.5587410038882703,0.006084293278162266,0.03598971722365038,0.9999866485595703
default_wag,results/model_checkpoints/20260715_195803_seed1337_20005214_best_step1500.pt,1500,amazon_google_price_numeric,cross_source,exhaustive,37,108,title:identifier; description:text; manufacturer:text; price:text,title:text; description:text; manufacturer:text; price:numeric,290231,,0.9618809687615739,0.19736914083763155,0.3088480801335559,0.9996203184127808
default_wag,results/model_checkpoints/20260715_195803_seed1337_20005214_best_step1500.pt,1500,amazon_google_price_numeric,cross_source,exhaustive,38,108,title:identifier; description:text; manufacturer:text; price:identifier,title:text; description:text; manufacturer:text; price:numeric,290231,,0.9618809687615739,0.19736914083763155,0.3088480801335559,0.9996203184127808
default_wag,results/model_checkpoints/20260715_195803_seed1337_20005214_best_step1500.pt,1500,amazon_google_price_numeric,cross_source,exhaustive,39,108,title:identifier; description:text; manufacturer:text; price:categorical,title:text; description:text; manufacturer:text; price:numeric,290231,,0.6981719379529158,0.021908640625572413,0.10131712259371833,0.9988608360290527
default_wag,results/model_checkpoints/20260715_195803_seed1337_20005214_best_step1500.pt,1500,amazon_google_price_numeric,cross_source,exhaustive,40,108,title:identifier; description:text; manufacturer:text; price:numeric,title:text; description:text; manufacturer:text; price:numeric,290231,,0.9527921503393084,0.2297246409045324,0.3522727272727273,0.999984860420227
default_wag,results/model_checkpoints/20260715_195803_seed1337_20005214_best_step1500.pt,1500,amazon_google_price_numeric,cross_source,exhaustive,41,108,title:identifier; description:text; manufacturer:identifier; price:text,title:text; description:text; manufacturer:text; price:numeric,290231,,0.9618809687615739,0.19736914083763155,0.3088480801335559,0.9996203184127808
default_wag,results/model_checkpoints/20260715_195803_seed1337_20005214_best_step1500.pt,1500,amazon_google_price_numeric,cross_source,exhaustive,42,108,title:identifier; description:text; manufacturer:identifier; price:identifier,title:text; description:text; manufacturer:text; price:numeric,290231,,0.9618809687615739,0.19736914083763155,0.3088480801335559,0.9996203184127808
default_wag,results/model_checkpoints/20260715_195803_seed1337_20005214_best_step1500.pt,1500,amazon_google_price_numeric,cross_source,exhaustive,43,108,title:identifier; description:text; manufacturer:identifier; price:categorical,title:text; description:text; manufacturer:text; price:numeric,290231,,0.6981719379529158,0.021908640625572413,0.10131712259371833,0.9988608360290527
default_wag,results/model_checkpoints/20260715_195803_seed1337_20005214_best_step1500.pt,1500,amazon_google_price_numeric,cross_source,exhaustive,44,108,title:identifier; description:text; manufacturer:identifier; price:numeric,title:text; description:text; manufacturer:text; price:numeric,290231,,0.9527921443868418,0.22972463757777353,0.3522727272727273,0.999984860420227
default_wag,results/model_checkpoints/20260715_195803_seed1337_20005214_best_step1500.pt,1500,amazon_google_price_numeric,cross_source,exhaustive,45,108,title:identifier; description:text; manufacturer:categorical; price:text,title:text; description:text; manufacturer:text; price:numeric,290231,,0.8064826618335812,0.025743292874305455,0.07733952049497293,0.9990812540054321
default_wag,results/model_checkpoints/20260715_195803_seed1337_20005214_best_step1500.pt,1500,amazon_google_price_numeric,cross_source,exhaustive,46,108,title:identifier; description:text; manufacturer:categorical; price:identifier,title:text; description:text; manufacturer:text; price:numeric,290231,,0.8064826618335812,0.025743292874305455,0.07733952049497293,0.9990812540054321
default_wag,results/model_checkpoints/20260715_195803_seed1337_20005214_best_step1500.pt,1500,amazon_google_price_numeric,cross_source,exhaustive,47,108,title:identifier; description:text; manufacturer:categorical; price:categorical,title:text; description:text; manufacturer:text; price:numeric,290231,,0.6620473074671671,0.012484063486306096,0.05722260990928123,0.9423954486846924
default_wag,results/model_checkpoints/20260715_195803_seed1337_20005214_best_step1500.pt,1500,amazon_google_price_numeric,cross_source,exhaustive,48,108,title:identifier; description:text; manufacturer:categorical; price:numeric,title:text; description:text; manufacturer:text; price:numeric,290231,,0.6262661462147252,0.01146731517398207,0.06597938144329897,0.9999831914901733
default_wag,results/model_checkpoints/20260715_195803_seed1337_20005214_best_step1500.pt,1500,amazon_google_price_numeric,cross_source,exhaustive,49,108,title:identifier; description:identifier; manufacturer:text; price:text,title:text; description:text; manufacturer:text; price:numeric,290231,,0.9618809687615739,0.19736914083763155,0.3088480801335559,0.9996203184127808
default_wag,results/model_checkpoints/20260715_195803_seed1337_20005214_best_step1500.pt,1500,amazon_google_price_numeric,cross_source,exhaustive,50,108,title:identifier; description:identifier; manufacturer:text; price:identifier,title:text; description:text; manufacturer:text; price:numeric,290231,,0.9618809687615739,0.19736914083763155,0.3088480801335559,0.9996203184127808
default_wag,results/model_checkpoints/20260715_195803_seed1337_20005214_best_step1500.pt,1500,amazon_google_price_numeric,cross_source,exhaustive,51,108,title:identifier; description:identifier; manufacturer:text; price:categorical,title:text; description:text; manufacturer:text; price:numeric,290231,,0.6981719379529158,0.021908640625572413,0.10131712259371833,0.9988608360290527
default_wag,results/model_checkpoints/20260715_195803_seed1337_20005214_best_step1500.pt,1500,amazon_google_price_numeric,cross_source,exhaustive,52,108,title:identifier; description:identifier; manufacturer:text; price:numeric,title:text; description:text; manufacturer:text; price:numeric,290231,,0.9527921503393085,0.22972463178913266,0.3522727272727273,0.999984860420227
default_wag,results/model_checkpoints/20260715_195803_seed1337_20005214_best_step1500.pt,1500,amazon_google_price_numeric,cross_source,exhaustive,53,108,title:identifier; description:identifier; manufacturer:identifier; price:text,title:text; description:text; manufacturer:text; price:numeric,290231,,0.9618809687615739,0.19736914083763155,0.3088480801335559,0.9996203184127808
default_wag,results/model_checkpoints/20260715_195803_seed1337_20005214_best_step1500.pt,1500,amazon_google_price_numeric,cross_source,exhaustive,54,108,title:identifier; description:identifier; manufacturer:identifier; price:identifier,title:text; description:text; manufacturer:text; price:numeric,290231,,0.9618809687615739,0.19736914083763155,0.3088480801335559,0.9996203184127808
default_wag,results/model_checkpoints/20260715_195803_seed1337_20005214_best_step1500.pt,1500,amazon_google_price_numeric,cross_source,exhaustive,55,108,title:identifier; description:identifier; manufacturer:identifier; price:categorical,title:text; description:text; manufacturer:text; price:numeric,290231,,0.6981719379529158,0.021908640625572413,0.10131712259371833,0.9988608360290527
default_wag,results/model_checkpoints/20260715_195803_seed1337_20005214_best_step1500.pt,1500,amazon_google_price_numeric,cross_source,exhaustive,56,108,title:identifier; description:identifier; manufacturer:identifier; price:numeric,title:text; description:text; manufacturer:text; price:numeric,290231,,0.9527921741491752,0.22972466497631897,0.3522727272727273,0.999984860420227
default_wag,results/model_checkpoints/20260715_195803_seed1337_20005214_best_step1500.pt,1500,amazon_google_price_numeric,cross_source,exhaustive,57,108,title:identifier; description:identifier; manufacturer:categorical; price:text,title:text; description:text; manufacturer:text; price:numeric,290231,,0.8064826618335812,0.025743292874305455,0.07733952049497293,0.9990812540054321
default_wag,results/model_checkpoints/20260715_195803_seed1337_20005214_best_step1500.pt,1500,amazon_google_price_numeric,cross_source,exhaustive,58,108,title:identifier; description:identifier; manufacturer:categorical; price:identifier,title:text; description:text; manufacturer:text; price:numeric,290231,,0.8064826618335812,0.025743292874305455,0.07733952049497293,0.9990812540054321
default_wag,results/model_checkpoints/20260715_195803_seed1337_20005214_best_step1500.pt,1500,amazon_google_price_numeric,cross_source,exhaustive,59,108,title:identifier; description:identifier; manufacturer:categorical; price:categorical,title:text; description:text; manufacturer:text; price:numeric,290231,,0.6620473074671671,0.012484063486306096,0.05722260990928123,0.9423954486846924
default_wag,results/model_checkpoints/20260715_195803_seed1337_20005214_best_step1500.pt,1500,amazon_google_price_numeric,cross_source,exhaustive,60,108,title:identifier; description:identifier; manufacturer:categorical; price:numeric,title:text; description:text; manufacturer:text; price:numeric,290231,,0.626266083713825,0.011467313796993108,0.06597938144329897,0.9999831914901733
default_wag,results/model_checkpoints/20260715_195803_seed1337_20005214_best_step1500.pt,1500,amazon_google_price_numeric,cross_source,exhaustive,61,108,title:identifier; description:categorical; manufacturer:text; price:text,title:text; description:text; manufacturer:text; price:numeric,290231,,0.6341455603110473,0.06620970222964061,0.16136363636363635,0.9997496008872986
default_wag,results/model_checkpoints/20260715_195803_seed1337_20005214_best_step1500.pt,1500,amazon_google_price_numeric,cross_source,exhaustive,62,108,title:identifier; description:categorical; manufacturer:text; price:identifier,title:text; description:text; manufacturer:text; price:numeric,290231,,0.6341455603110473,0.06620970222964061,0.16136363636363635,0.9997496008872986
default_wag,results/model_checkpoints/20260715_195803_seed1337_20005214_best_step1500.pt,1500,amazon_google_price_numeric,cross_source,exhaustive,63,108,title:identifier; description:categorical; manufacturer:text; price:categorical,title:text; description:text; manufacturer:text; price:numeric,290231,,0.591303103889949,0.010851928772957962,0.0524515393386545,0.9989997744560242
default_wag,results/model_checkpoints/20260715_195803_seed1337_20005214_best_step1500.pt,1500,amazon_google_price_numeric,cross_source,exhaustive,64,108,title:identifier; description:categorical; manufacturer:text; price:numeric,title:text; description:text; manufacturer:text; price:numeric,290231,,0.620221502595454,0.08682069408948878,0.22245322245322247,0.9999858140945435
default_wag,results/model_checkpoints/20260715_195803_seed1337_20005214_best_step1500.pt,1500,amazon_google_price_numeric,cross_source,exhaustive,65,108,title:identifier; description:categorical; manufacturer:identifier; price:text,title:text; description:text; manufacturer:text; price:numeric,290231,,0.6341455603110473,0.06620970222964061,0.16136363636363635,0.9997496008872986
default_wag,results/model_checkpoints/20260715_195803_seed1337_20005214_best_step1500.pt,1500,amazon_google_price_numeric,cross_source,exhaustive,66,108,title:identifier; description:categorical; manufacturer:identifier; price:identifier,title:text; description:text; manufacturer:text; price:numeric,290231,,0.6341455603110473,0.06620970222964061,0.16136363636363635,0.9997496008872986
default_wag,results/model_checkpoints/20260715_195803_seed1337_20005214_best_step1500.pt,1500,amazon_google_price_numeric,cross_source,exhaustive,67,108,title:identifier; description:categorical; manufacturer:identifier; price:categorical,title:text; description:text; manufacturer:text; price:numeric,290231,,0.591303103889949,0.010851928772957962,0.0524515393386545,0.9989997744560242
default_wag,results/model_checkpoints/20260715_195803_seed1337_20005214_best_step1500.pt,1500,amazon_google_price_numeric,cross_source,exhaustive,68,108,title:identifier; description:categorical; manufacturer:identifier; price:numeric,title:text; description:text; manufacturer:text; price:numeric,290231,,0.6202214668806539,0.08682065988876136,0.22245322245322247,0.9999858140945435
default_wag,results/model_checkpoints/20260715_195803_seed1337_20005214_best_step1500.pt,1500,amazon_google_price_numeric,cross_source,exhaustive,69,108,title:identifier; description:categorical; manufacturer:categorical; price:text,title:text; description:text; manufacturer:text; price:numeric,290231,,0.6009677788215759,0.010191851725996412,0.03909465020576131,0.9994038343429565
default_wag,results/model_checkpoints/20260715_195803_seed1337_20005214_best_step1500.pt,1500,amazon_google_price_numeric,cross_source,exhaustive,70,108,title:identifier; description:categorical; manufacturer:categorical; price:identifier,title:text; description:text; manufacturer:text; price:numeric,290231,,0.6009677788215759,0.010191851725996412,0.03909465020576131,0.9994038343429565
default_wag,results/model_checkpoints/20260715_195803_seed1337_20005214_best_step1500.pt,1500,amazon_google_price_numeric,cross_source,exhaustive,71,108,title:identifier; description:categorical; manufacturer:categorical; price:categorical,title:text; description:text; manufacturer:text; price:numeric,290231,,0.5688854952553484,0.006577088471360229,0.03394625176803395,0.91632479429245
default_wag,results/model_checkpoints/20260715_195803_seed1337_20005214_best_step1500.pt,1500,amazon_google_price_numeric,cross_source,exhaustive,72,108,title:identifier; description:categorical; manufacturer:categorical; price:numeric,title:text; description:text; manufacturer:text; price:numeric,290231,,0.5587410455555372,0.006084294758590237,0.03598971722365038,0.9999866485595703
default_wag,results/model_checkpoints/20260715_195803_seed1337_20005214_best_step1500.pt,1500,amazon_google_price_numeric,cross_source,exhaustive,73,108,title:categorical; description:text; manufacturer:text; price:text,title:text; description:text; manufacturer:text; price:numeric,290231,,0.5925188178305902,0.031263077075931206,0.0841799709724238,0.9996254444122314
default_wag,results/model_checkpoints/20260715_195803_seed1337_20005214_best_step1500.pt,1500,amazon_google_price_numeric,cross_source,exhaustive,74,108,title:categorical; description:text; manufacturer:text; price:identifier,title:text; description:text; manufacturer:text; price:numeric,290231,,0.5925188178305902,0.031263077075931206,0.0841799709724238,0.9996254444122314
default_wag,results/model_checkpoints/20260715_195803_seed1337_20005214_best_step1500.pt,1500,amazon_google_price_numeric,cross_source,exhaustive,75,108,title:categorical; description:text; manufacturer:text; price:categorical,title:text; description:text; manufacturer:text; price:numeric,290231,,0.568780472909193,0.009107479583752956,0.04096385542168675,0.9996724128723145
default_wag,results/model_checkpoints/20260715_195803_seed1337_20005214_best_step1500.pt,1500,amazon_google_price_numeric,cross_source,exhaustive,76,108,title:categorical; description:text; manufacturer:text; price:numeric,title:text; description:text; manufacturer:text; price:numeric,290231,,0.6057910953241112,0.021330184854628963,0.0900360144057623,0.999985933303833
default_wag,results/model_checkpoints/20260715_195803_seed1337_20005214_best_step1500.pt,1500,amazon_google_price_numeric,cross_source,exhaustive,77,108,title:categorical; description:text; manufacturer:identifier; price:text,title:text; description:text; manufacturer:text; price:numeric,290231,,0.5925188178305902,0.031263077075931206,0.0841799709724238,0.9996254444122314
default_wag,results/model_checkpoints/20260715_195803_seed1337_20005214_best_step1500.pt,1500,amazon_google_price_numeric,cross_source,exhaustive,78,108,title:categorical; description:text; manufacturer:identifier; price:identifier,title:text; description:text; manufacturer:text; price:numeric,290231,,0.5925188178305902,0.031263077075931206,0.0841799709724238,0.9996254444122314
default_wag,results/model_checkpoints/20260715_195803_seed1337_20005214_best_step1500.pt,1500,amazon_google_price_numeric,cross_source,exhaustive,79,108,title:categorical; description:text; manufacturer:identifier; price:categorical,title:text; description:text; manufacturer:text; price:numeric,290231,,0.568780472909193,0.009107479583752956,0.04096385542168675,0.9996724128723145
default_wag,results/model_checkpoints/20260715_195803_seed1337_20005214_best_step1500.pt,1500,amazon_google_price_numeric,cross_source,exhaustive,80,108,title:categorical; description:text; manufacturer:identifier; price:numeric,title:text; description:text; manufacturer:text; price:numeric,290231,,0.6057910983003446,0.02133018405645124,0.0900360144057623,0.999985933303833
default_wag,results/model_checkpoints/20260715_195803_seed1337_20005214_best_step1500.pt,1500,amazon_google_price_numeric,cross_source,exhaustive,81,108,title:categorical; description:text; manufacturer:categorical; price:text,title:text; description:text; manufacturer:text; price:numeric,290231,,0.580523481350148,0.01046023518857123,0.03416557161629435,0.9998505115509033
default_wag,results/model_checkpoints/20260715_195803_seed1337_20005214_best_step1500.pt,1500,amazon_google_price_numeric,cross_source,exhaustive,82,108,title:categorical; description:text; manufacturer:categorical; price:identifier,title:text; description:text; manufacturer:text; price:numeric,290231,,0.580523481350148,0.01046023518857123,0.03416557161629435,0.9998505115509033
default_wag,results/model_checkpoints/20260715_195803_seed1337_20005214_best_step1500.pt,1500,amazon_google_price_numeric,cross_source,exhaustive,83,108,title:categorical; description:text; manufacturer:categorical; price:categorical,title:text; description:text; manufacturer:text; price:numeric,290231,,0.5670895854571238,0.006199376300309318,0.027613412228796843,0.9863734245300293
default_wag,results/model_checkpoints/20260715_195803_seed1337_20005214_best_step1500.pt,1500,amazon_google_price_numeric,cross_source,exhaustive,84,108,title:categorical; description:text; manufacturer:categorical; price:numeric,title:text; description:text; manufacturer:text; price:numeric,290231,,0.5591450126841112,0.005521697674736758,0.029023746701846966,0.9999880790710449
default_wag,results/model_checkpoints/20260715_195803_seed1337_20005214_best_step1500.pt,1500,amazon_google_price_numeric,cross_source,exhaustive,85,108,title:categorical; description:identifier; manufacturer:text; price:text,title:text; description:text; manufacturer:text; price:numeric,290231,,0.5925188178305902,0.031263077075931206,0.0841799709724238,0.9996254444122314
default_wag,results/model_checkpoints/20260715_195803_seed1337_20005214_best_step1500.pt,1500,amazon_google_price_numeric,cross_source,exhaustive,86,108,title:categorical; description:identifier; manufacturer:text; price:identifier,title:text; description:text; manufacturer:text; price:numeric,290231,,0.5925188178305902,0.031263077075931206,0.0841799709724238,0.9996254444122314
default_wag,results/model_checkpoints/20260715_195803_seed1337_20005214_best_step1500.pt,1500,amazon_google_price_numeric,cross_source,exhaustive,87,108,title:categorical; description:identifier; manufacturer:text; price:categorical,title:text; description:text; manufacturer:text; price:numeric,290231,,0.568780472909193,0.009107479583752956,0.04096385542168675,0.9996724128723145
default_wag,results/model_checkpoints/20260715_195803_seed1337_20005214_best_step1500.pt,1500,amazon_google_price_numeric,cross_source,exhaustive,88,108,title:categorical; description:identifier; manufacturer:text; price:numeric,title:text; description:text; manufacturer:text; price:numeric,290231,,0.6057910983003445,0.021330176734001696,0.0900360144057623,0.999985933303833
default_wag,results/model_checkpoints/20260715_195803_seed1337_20005214_best_step1500.pt,1500,amazon_google_price_numeric,cross_source,exhaustive,89,108,title:categorical; description:identifier; manufacturer:identifier; price:text,title:text; description:text; manufacturer:text; price:numeric,290231,,0.5925188178305902,0.031263077075931206,0.0841799709724238,0.9996254444122314
default_wag,results/model_checkpoints/20260715_195803_seed1337_20005214_best_step1500.pt,1500,amazon_google_price_numeric,cross_source,exhaustive,90,108,title:categorical; description:identifier; manufacturer:identifier; price:identifier,title:text; description:text; manufacturer:text; price:numeric,290231,,0.5925188178305902,0.031263077075931206,0.0841799709724238,0.9996254444122314
default_wag,results/model_checkpoints/20260715_195803_seed1337_20005214_best_step1500.pt,1500,amazon_google_price_numeric,cross_source,exhaustive,91,108,title:categorical; description:identifier; manufacturer:identifier; price:categorical,title:text; description:text; manufacturer:text; price:numeric,290231,,0.568780472909193,0.009107479583752956,0.04096385542168675,0.9996724128723145
default_wag,results/model_checkpoints/20260715_195803_seed1337_20005214_best_step1500.pt,1500,amazon_google_price_numeric,cross_source,exhaustive,92,108,title:categorical; description:identifier; manufacturer:identifier; price:numeric,title:text; description:text; manufacturer:text; price:numeric,290231,,0.6057910774667111,0.02133017691956414,0.0900360144057623,0.999985933303833
default_wag,results/model_checkpoints/20260715_195803_seed1337_20005214_best_step1500.pt,1500,amazon_google_price_numeric,cross_source,exhaustive,93,108,title:categorical; description:identifier; manufacturer:categorical; price:text,title:text; description:text; manufacturer:text; price:numeric,290231,,0.580523481350148,0.01046023518857123,0.03416557161629435,0.9998505115509033
default_wag,results/model_checkpoints/20260715_195803_seed1337_20005214_best_step1500.pt,1500,amazon_google_price_numeric,cross_source,exhaustive,94,108,title:categorical; description:identifier; manufacturer:categorical; price:identifier,title:text; description:text; manufacturer:text; price:numeric,290231,,0.580523481350148,0.01046023518857123,0.03416557161629435,0.9998505115509033
default_wag,results/model_checkpoints/20260715_195803_seed1337_20005214_best_step1500.pt,1500,amazon_google_price_numeric,cross_source,exhaustive,95,108,title:categorical; description:identifier; manufacturer:categorical; price:categorical,title:text; description:text; manufacturer:text; price:numeric,290231,,0.5670895854571238,0.006199376300309318,0.027613412228796843,0.9863734245300293
default_wag,results/model_checkpoints/20260715_195803_seed1337_20005214_best_step1500.pt,1500,amazon_google_price_numeric,cross_source,exhaustive,96,108,title:categorical; description:identifier; manufacturer:categorical; price:numeric,title:text; description:text; manufacturer:text; price:numeric,290231,,0.5591450007791778,0.005521697211724688,0.029023746701846966,0.9999880790710449
default_wag,results/model_checkpoints/20260715_195803_seed1337_20005214_best_step1500.pt,1500,amazon_google_price_numeric,cross_source,exhaustive,97,108,title:categorical; description:categorical; manufacturer:text; price:text,title:text; description:text; manufacturer:text; price:numeric,290231,,0.5370213993558717,0.004663352799422733,0.026119402985074626,0.9999548196792603
default_wag,results/model_checkpoints/20260715_195803_seed1337_20005214_best_step1500.pt,1500,amazon_google_price_numeric,cross_source,exhaustive,98,108,title:categorical; description:categorical; manufacturer:text; price:identifier,title:text; description:text; manufacturer:text; price:numeric,290231,,0.5370213993558717,0.004663352799422733,0.026119402985074626,0.9999548196792603
default_wag,results/model_checkpoints/20260715_195803_seed1337_20005214_best_step1500.pt,1500,amazon_google_price_numeric,cross_source,exhaustive,99,108,title:categorical; description:categorical; manufacturer:text; price:categorical,title:text; description:text; manufacturer:text; price:numeric,290231,,0.5089407805755297,0.0041410628130514274,0.03561887800534283,0.9996837377548218
default_wag,results/model_checkpoints/20260715_195803_seed1337_20005214_best_step1500.pt,1500,amazon_google_price_numeric,cross_source,exhaustive,100,108,title:categorical; description:categorical; manufacturer:text; price:numeric,title:text; description:text; manufacturer:text; price:numeric,290231,,0.5489732441383977,0.0030440905299009245,0.010682594836745829,0.9999834299087524
default_wag,results/model_checkpoints/20260715_195803_seed1337_20005214_best_step1500.pt,1500,amazon_google_price_numeric,cross_source,exhaustive,101,108,title:categorical; description:categorical; manufacturer:identifier; price:text,title:text; description:text; manufacturer:text; price:numeric,290231,,0.5370213993558717,0.004663352799422733,0.026119402985074626,0.9999548196792603
default_wag,results/model_checkpoints/20260715_195803_seed1337_20005214_best_step1500.pt,1500,amazon_google_price_numeric,cross_source,exhaustive,102,108,title:categorical; description:categorical; manufacturer:identifier; price:identifier,title:text; description:text; manufacturer:text; price:numeric,290231,,0.5370213993558717,0.004663352799422733,0.026119402985074626,0.9999548196792603
default_wag,results/model_checkpoints/20260715_195803_seed1337_20005214_best_step1500.pt,1500,amazon_google_price_numeric,cross_source,exhaustive,103,108,title:categorical; description:categorical; manufacturer:identifier; price:categorical,title:text; description:text; manufacturer:text; price:numeric,290231,,0.5089407805755297,0.0041410628130514274,0.03561887800534283,0.9996837377548218
default_wag,results/model_checkpoints/20260715_195803_seed1337_20005214_best_step1500.pt,1500,amazon_google_price_numeric,cross_source,exhaustive,104,108,title:categorical; description:categorical; manufacturer:identifier; price:numeric,title:text; description:text; manufacturer:text; price:numeric,290231,,0.5489732917581314,0.003044096974426513,0.010682594836745829,0.9999834299087524
default_wag,results/model_checkpoints/20260715_195803_seed1337_20005214_best_step1500.pt,1500,amazon_google_price_numeric,cross_source,exhaustive,105,108,title:categorical; description:categorical; manufacturer:categorical; price:text,title:text; description:text; manufacturer:text; price:numeric,290231,,0.5440417653635249,0.003246079238674676,0.020637898686679174,0.9999445676803589
default_wag,results/model_checkpoints/20260715_195803_seed1337_20005214_best_step1500.pt,1500,amazon_google_price_numeric,cross_source,exhaustive,106,108,title:categorical; description:categorical; manufacturer:categorical; price:identifier,title:text; description:text; manufacturer:text; price:numeric,290231,,0.5440417653635249,0.003246079238674676,0.020637898686679174,0.9999445676803589
default_wag,results/model_checkpoints/20260715_195803_seed1337_20005214_best_step1500.pt,1500,amazon_google_price_numeric,cross_source,exhaustive,107,108,title:categorical; description:categorical; manufacturer:categorical; price:categorical,title:text; description:text; manufacturer:text; price:numeric,290231,,0.5298667248659177,0.003534273941849804,0.02737047898338221,0.9865908622741699
default_wag,results/model_checkpoints/20260715_195803_seed1337_20005214_best_step1500.pt,1500,amazon_google_price_numeric,cross_source,exhaustive,108,108,title:categorical; description:categorical; manufacturer:categorical; price:numeric,title:text; description:text; manufacturer:text; price:numeric,290231,,0.5524365410501746,0.002571833308205232,0.00819755600814664,0.9968957901000977
default_wag,results/model_checkpoints/20260715_195803_seed1337_20005214_best_step1500.pt,1500,amazon_google_price_both,cross_source,exhaustive,1,432,title:text; description:text; manufacturer:text; price_text:text; price_numeric:text,title:text; description:text; manufacturer:text; price_text:text; price_numeric:numeric,290231,,0.9085680579446441,0.10410291094007203,0.2075654704170708,0.9997079968452454
default_wag,results/model_checkpoints/20260715_195803_seed1337_20005214_best_step1500.pt,1500,amazon_google_price_both,cross_source,exhaustive,2,432,title:text; description:text; manufacturer:text; price_text:text; price_numeric:identifier,title:text; description:text; manufacturer:text; price_text:text; price_numeric:numeric,290231,,0.9085680579446441,0.10410291094007203,0.2075654704170708,0.9997079968452454
default_wag,results/model_checkpoints/20260715_195803_seed1337_20005214_best_step1500.pt,1500,amazon_google_price_both,cross_source,exhaustive,3,432,title:text; description:text; manufacturer:text; price_text:text; price_numeric:categorical,title:text; description:text; manufacturer:text; price_text:text; price_numeric:numeric,290231,,0.6818919326099816,0.016811503437083174,0.07339449541284403,0.99965500831604
default_wag,results/model_checkpoints/20260715_195803_seed1337_20005214_best_step1500.pt,1500,amazon_google_price_both,cross_source,manifest,4,432,title:text; description:text; manufacturer:text; price_text:text; price_numeric:numeric,title:text; description:text; manufacturer:text; price_text:text; price_numeric:numeric,290231,,0.9451966004510303,0.15977830250730304,0.2741208295761948,0.9999825954437256
default_wag,results/model_checkpoints/20260715_195803_seed1337_20005214_best_step1500.pt,1500,amazon_google_price_both,cross_source,exhaustive,5,432,title:text; description:text; manufacturer:text; price_text:identifier; price_numeric:text,title:text; description:text; manufacturer:text; price_text:text; price_numeric:numeric,290231,,0.9085680579446441,0.10410291094007203,0.2075654704170708,0.9997079968452454
default_wag,results/model_checkpoints/20260715_195803_seed1337_20005214_best_step1500.pt,1500,amazon_google_price_both,cross_source,exhaustive,6,432,title:text; description:text; manufacturer:text; price_text:identifier; price_numeric:identifier,title:text; description:text; manufacturer:text; price_text:text; price_numeric:numeric,290231,,0.9085680579446441,0.10410291094007203,0.2075654704170708,0.9997079968452454
default_wag,results/model_checkpoints/20260715_195803_seed1337_20005214_best_step1500.pt,1500,amazon_google_price_both,cross_source,exhaustive,7,432,title:text; description:text; manufacturer:text; price_text:identifier; price_numeric:categorical,title:text; description:text; manufacturer:text; price_text:text; price_numeric:numeric,290231,,0.6818919326099816,0.016811503437083174,0.07339449541284403,0.99965500831604
default_wag,results/model_checkpoints/20260715_195803_seed1337_20005214_best_step1500.pt,1500,amazon_google_price_both,cross_source,exhaustive,8,432,title:text; description:text; manufacturer:text; price_text:identifier; price_numeric:numeric,title:text; description:text; manufacturer:text; price_text:text; price_numeric:numeric,290231,,0.9451965409263634,0.15977802966863622,0.2741208295761948,0.9999825954437256
default_wag,results/model_checkpoints/20260715_195803_seed1337_20005214_best_step1500.pt,1500,amazon_google_price_both,cross_source,exhaustive,9,432,title:text; description:text; manufacturer:text; price_text:categorical; price_numeric:text,title:text; description:text; manufacturer:text; price_text:text; price_numeric:numeric,290231,,0.6847482981600092,0.017101447769478924,0.07550335570469799,0.9996497631072998
default_wag,results/model_checkpoints/20260715_195803_seed1337_20005214_best_step1500.pt,1500,amazon_google_price_both,cross_source,exhaustive,10,432,title:text; description:text; manufacturer:text; price_text:categorical; price_numeric:identifier,title:text; description:text; manufacturer:text; price_text:text; price_numeric:numeric,290231,,0.6847482981600092,0.017101447769478924,0.07550335570469799,0.9996497631072998
default_wag,results/model_checkpoints/20260715_195803_seed1337_20005214_best_step1500.pt,1500,amazon_google_price_both,cross_source,exhaustive,11,432,title:text; description:text; manufacturer:text; price_text:categorical; price_numeric:categorical,title:text; description:text; manufacturer:text; price_text:text; price_numeric:numeric,290231,,0.6093088454012254,0.011931779898575488,0.06953892668178382,0.999818742275238
default_wag,results/model_checkpoints/20260715_195803_seed1337_20005214_best_step1500.pt,1500,amazon_google_price_both,cross_source,exhaustive,12,432,title:text; description:text; manufacturer:text; price_text:categorical; price_numeric:numeric,title:text; description:text; manufacturer:text; price_text:text; price_numeric:numeric,290231,,0.6450251456003115,0.023844772871857812,0.11083743842364532,0.99997878074646
default_wag,results/model_checkpoints/20260715_195803_seed1337_20005214_best_step1500.pt,1500,amazon_google_price_both,cross_source,exhaustive,13,432,title:text; description:text; manufacturer:text; price_text:numeric; price_numeric:text,title:text; description:text; manufacturer:text; price_text:text; price_numeric:numeric,290231,"ValueError(""could not convert string to float: '47.8 gbp'"")",,,,
default_wag,results/model_checkpoints/20260715_195803_seed1337_20005214_best_step1500.pt,1500,amazon_google_price_both,cross_source,exhaustive,14,432,title:text; description:text; manufacturer:text; price_text:numeric; price_numeric:identifier,title:text; description:text; manufacturer:text; price_text:text; price_numeric:numeric,290231,"ValueError(""could not convert string to float: '47.8 gbp'"")",,,,
default_wag,results/model_checkpoints/20260715_195803_seed1337_20005214_best_step1500.pt,1500,amazon_google_price_both,cross_source,exhaustive,15,432,title:text; description:text; manufacturer:text; price_text:numeric; price_numeric:categorical,title:text; description:text; manufacturer:text; price_text:text; price_numeric:numeric,290231,"ValueError(""could not convert string to float: '47.8 gbp'"")",,,,
default_wag,results/model_checkpoints/20260715_195803_seed1337_20005214_best_step1500.pt,1500,amazon_google_price_both,cross_source,exhaustive,16,432,title:text; description:text; manufacturer:text; price_text:numeric; price_numeric:numeric,title:text; description:text; manufacturer:text; price_text:text; price_numeric:numeric,290231,"ValueError(""could not convert string to float: '47.8 gbp'"")",,,,
default_wag,results/model_checkpoints/20260715_195803_seed1337_20005214_best_step1500.pt,1500,amazon_google_price_both,cross_source,exhaustive,17,432,title:text; description:text; manufacturer:identifier; price_text:text; price_numeric:text,title:text; description:text; manufacturer:text; price_text:text; price_numeric:numeric,290231,,0.9085680579446441,0.10410291094007203,0.2075654704170708,0.9997079968452454
default_wag,results/model_checkpoints/20260715_195803_seed1337_20005214_best_step1500.pt,1500,amazon_google_price_both,cross_source,exhaustive,18,432,title:text; description:text; manufacturer:identifier; price_text:text; price_numeric:identifier,title:text; description:text; manufacturer:text; price_text:text; price_numeric:numeric,290231,,0.9085680579446441,0.10410291094007203,0.2075654704170708,0.9997079968452454
default_wag,results/model_checkpoints/20260715_195803_seed1337_20005214_best_step1500.pt,1500,amazon_google_price_both,cross_source,exhaustive,19,432,title:text; description:text; manufacturer:identifier; price_text:text; price_numeric:categorical,title:text; description:text; manufacturer:text; price_text:text; price_numeric:numeric,290231,,0.6818919326099816,0.016811503437083174,0.07339449541284403,0.99965500831604
default_wag,results/model_checkpoints/20260715_195803_seed1337_20005214_best_step1500.pt,1500,amazon_google_price_both,cross_source,exhaustive,20,432,title:text; description:text; manufacturer:identifier; price_text:text; price_numeric:numeric,title:text; description:text; manufacturer:text; price_text:text; price_numeric:numeric,290231,,0.9451965349738967,0.15977814159851067,0.2741208295761948,0.9999825954437256
default_wag,results/model_checkpoints/20260715_195803_seed1337_20005214_best_step1500.pt,1500,amazon_google_price_both,cross_source,exhaustive,21,432,title:text; description:text; manufacturer:identifier; price_text:identifier; price_numeric:text,title:text; description:text; manufacturer:text; price_text:text; price_numeric:numeric,290231,,0.9085680579446441,0.10410291094007203,0.2075654704170708,0.9997079968452454
default_wag,results/model_checkpoints/20260715_195803_seed1337_20005214_best_step1500.pt,1500,amazon_google_price_both,cross_source,exhaustive,22,432,title:text; description:text; manufacturer:identifier; price_text:identifier; price_numeric:identifier,title:text; description:text; manufacturer:text; price_text:text; price_numeric:numeric,290231,,0.9085680579446441,0.10410291094007203,0.2075654704170708,0.9997079968452454
default_wag,results/model_checkpoints/20260715_195803_seed1337_20005214_best_step1500.pt,1500,amazon_google_price_both,cross_source,exhaustive,23,432,title:text; description:text; manufacturer:identifier; price_text:identifier; price_numeric:categorical,title:text; description:text; manufacturer:text; price_text:text; price_numeric:numeric,290231,,0.6818919326099816,0.016811503437083174,0.07339449541284403,0.99965500831604
default_wag,results/model_checkpoints/20260715_195803_seed1337_20005214_best_step1500.pt,1500,amazon_google_price_both,cross_source,exhaustive,24,432,title:text; description:text; manufacturer:identifier; price_text:identifier; price_numeric:numeric,title:text; description:text; manufacturer:text; price_text:text; price_numeric:numeric,290231,,0.9451965855698636,0.15977801942323408,0.2741208295761948,0.9999825954437256
default_wag,results/model_checkpoints/20260715_195803_seed1337_20005214_best_step1500.pt,1500,amazon_google_price_both,cross_source,exhaustive,25,432,title:text; description:text; manufacturer:identifier; price_text:categorical; price_numeric:text,title:text; description:text; manufacturer:text; price_text:text; price_numeric:numeric,290231,,0.6847482981600092,0.017101447769478924,0.07550335570469799,0.9996497631072998
default_wag,results/model_checkpoints/20260715_195803_seed1337_20005214_best_step1500.pt,1500,amazon_google_price_both,cross_source,exhaustive,26,432,title:text; description:text; manufacturer:identifier; price_text:categorical; price_numeric:identifier,title:text; description:text; manufacturer:text; price_text:text; price_numeric:numeric,290231,,0.6847482981600092,0.017101447769478924,0.07550335570469799,0.9996497631072998
default_wag,results/model_checkpoints/20260715_195803_seed1337_20005214_best_step1500.pt,1500,amazon_google_price_both,cross_source,exhaustive,27,432,title:text; description:text; manufacturer:identifier; price_text:categorical; price_numeric:categorical,title:text; description:text; manufacturer:text; price_text:text; price_numeric:numeric,290231,,0.6093088454012254,0.011931779898575488,0.06953892668178382,0.999818742275238
default_wag,results/model_checkpoints/20260715_195803_seed1337_20005214_best_step1500.pt,1500,amazon_google_price_both,cross_source,exhaustive,28,432,title:text; description:text; manufacturer:identifier; price_text:categorical; price_numeric:numeric,title:text; description:text; manufacturer:text; price_text:text; price_numeric:numeric,290231,,0.6450251009568114,0.02384477020214198,0.11083743842364532,0.99997878074646
default_wag,results/model_checkpoints/20260715_195803_seed1337_20005214_best_step1500.pt,1500,amazon_google_price_both,cross_source,exhaustive,29,432,title:text; description:text; manufacturer:identifier; price_text:numeric; price_numeric:text,title:text; description:text; manufacturer:text; price_text:text; price_numeric:numeric,290231,"ValueError(""could not convert string to float: '47.8 gbp'"")",,,,
default_wag,results/model_checkpoints/20260715_195803_seed1337_20005214_best_step1500.pt,1500,amazon_google_price_both,cross_source,exhaustive,30,432,title:text; description:text; manufacturer:identifier; price_text:numeric; price_numeric:identifier,title:text; description:text; manufacturer:text; price_text:text; price_numeric:numeric,290231,"ValueError(""could not convert string to float: '47.8 gbp'"")",,,,
default_wag,results/model_checkpoints/20260715_195803_seed1337_20005214_best_step1500.pt,1500,amazon_google_price_both,cross_source,exhaustive,31,432,title:text; description:text; manufacturer:identifier; price_text:numeric; price_numeric:categorical,title:text; description:text; manufacturer:text; price_text:text; price_numeric:numeric,290231,"ValueError(""could not convert string to float: '47.8 gbp'"")",,,,
default_wag,results/model_checkpoints/20260715_195803_seed1337_20005214_best_step1500.pt,1500,amazon_google_price_both,cross_source,exhaustive,32,432,title:text; description:text; manufacturer:identifier; price_text:numeric; price_numeric:numeric,title:text; description:text; manufacturer:text; price_text:text; price_numeric:numeric,290231,"ValueError(""could not convert string to float: '47.8 gbp'"")",,,,
default_wag,results/model_checkpoints/20260715_195803_seed1337_20005214_best_step1500.pt,1500,amazon_google_price_both,cross_source,exhaustive,33,432,title:text; description:text; manufacturer:categorical; price_text:text; price_numeric:text,title:text; description:text; manufacturer:text; price_text:text; price_numeric:numeric,290231,,0.7769628288693207,0.017486188173079526,0.06372881355932203,0.9990851879119873
default_wag,results/model_checkpoints/20260715_195803_seed1337_20005214_best_step1500.pt,1500,amazon_google_price_both,cross_source,exhaustive,34,432,title:text; description:text; manufacturer:categorical; price_text:text; price_numeric:identifier,title:text; description:text; manufacturer:text; price_text:text; price_numeric:numeric,290231,,0.7769628288693207,0.017486188173079526,0.06372881355932203,0.9990851879119873
default_wag,results/model_checkpoints/20260715_195803_seed1337_20005214_best_step1500.pt,1500,amazon_google_price_both,cross_source,exhaustive,35,432,title:text; description:text; manufacturer:categorical; price_text:text; price_numeric:categorical,title:text; description:text; manufacturer:text; price_text:text; price_numeric:numeric,290231,,0.6601893699897343,0.00930012610132789,0.04735883424408015,0.9980150461196899
default_wag,results/model_checkpoints/20260715_195803_seed1337_20005214_best_step1500.pt,1500,amazon_google_price_both,cross_source,exhaustive,36,432,title:text; description:text; manufacturer:categorical; price_text:text; price_numeric:numeric,title:text; description:text; manufacturer:text; price_text:text; price_numeric:numeric,290231,,0.6640543691165075,0.0083309508712547,0.04798464491362764,0.9999791383743286
default_wag,results/model_checkpoints/20260715_195803_seed1337_20005214_best_step1500.pt,1500,amazon_google_price_both,cross_source,exhaustive,37,432,title:text; description:text; manufacturer:categorical; price_text:identifier; price_numeric:text,title:text; description:text; manufacturer:text; price_text:text; price_numeric:numeric,290231,,0.7769628288693207,0.017486188173079526,0.06372881355932203,0.9990851879119873
default_wag,results/model_checkpoints/20260715_195803_seed1337_20005214_best_step1500.pt,1500,amazon_google_price_both,cross_source,exhaustive,38,432,title:text; description:text; manufacturer:categorical; price_text:identifier; price_numeric:identifier,title:text; description:text; manufacturer:text; price_text:text; price_numeric:numeric,290231,,0.7769628288693207,0.017486188173079526,0.06372881355932203,0.9990851879119873
default_wag,results/model_checkpoints/20260715_195803_seed1337_20005214_best_step1500.pt,1500,amazon_google_price_both,cross_source,exhaustive,39,432,title:text; description:text; manufacturer:categorical; price_text:identifier; price_numeric:categorical,title:text; description:text; manufacturer:text; price_text:text; price_numeric:numeric,290231,,0.6601893699897343,0.00930012610132789,0.04735883424408015,0.9980150461196899
default_wag,results/model_checkpoints/20260715_195803_seed1337_20005214_best_step1500.pt,1500,amazon_google_price_both,cross_source,exhaustive,40,432,title:text; description:text; manufacturer:categorical; price_text:identifier; price_numeric:numeric,title:text; description:text; manufacturer:text; price_text:text; price_numeric:numeric,290231,,0.6640544167362411,0.008330951945039957,0.04798464491362764,0.9999791383743286
default_wag,results/model_checkpoints/20260715_195803_seed1337_20005214_best_step1500.pt,1500,amazon_google_price_both,cross_source,exhaustive,41,432,title:text; description:text; manufacturer:categorical; price_text:categorical; price_numeric:text,title:text; description:text; manufacturer:text; price_text:text; price_numeric:numeric,290231,,0.6622913615779467,0.009426565506093967,0.047315741583257506,0.9979603290557861
default_wag,results/model_checkpoints/20260715_195803_seed1337_20005214_best_step1500.pt,1500,amazon_google_price_both,cross_source,exhaustive,42,432,title:text; description:text; manufacturer:categorical; price_text:categorical; price_numeric:identifier,title:text; description:text; manufacturer:text; price_text:text; price_numeric:numeric,290231,,0.6622913615779467,0.009426565506093967,0.047315741583257506,0.9979603290557861
default_wag,results/model_checkpoints/20260715_195803_seed1337_20005214_best_step1500.pt,1500,amazon_google_price_both,cross_source,exhaustive,43,432,title:text; description:text; manufacturer:categorical; price_text:categorical; price_numeric:categorical,title:text; description:text; manufacturer:text; price_text:text; price_numeric:numeric,290231,,0.5927750923554971,0.008310053103505258,0.04612850082372323,0.9990187883377075
default_wag,results/model_checkpoints/20260715_195803_seed1337_20005214_best_step1500.pt,1500,amazon_google_price_both,cross_source,exhaustive,44,432,title:text; description:text; manufacturer:categorical; price_text:categorical; price_numeric:numeric,title:text; description:text; manufacturer:text; price_text:text; price_numeric:numeric,290231,,0.6093821202662562,0.006802884317218026,0.03885003885003885,0.9997766613960266
default_wag,results/model_checkpoints/20260715_195803_seed1337_20005214_best_step1500.pt,1500,amazon_google_price_both,cross_source,exhaustive,45,432,title:text; description:text; manufacturer:categorical; price_text:numeric; price_numeric:text,title:text; description:text; manufacturer:text; price_text:text; price_numeric:numeric,290231,"ValueError(""could not convert string to float: '47.8 gbp'"")",,,,
default_wag,results/model_checkpoints/20260715_195803_seed1337_20005214_best_step1500.pt,1500,amazon_google_price_both,cross_source,exhaustive,46,432,title:text; description:text; manufacturer:categorical; price_text:numeric; price_numeric:identifier,title:text; description:text; manufacturer:text; price_text:text; price_numeric:numeric,290231,"ValueError(""could not convert string to float: '47.8 gbp'"")",,,,
default_wag,results/model_checkpoints/20260715_195803_seed1337_20005214_best_step1500.pt,1500,amazon_google_price_both,cross_source,exhaustive,47,432,title:text; description:text; manufacturer:categorical; price_text:numeric; price_numeric:categorical,title:text; description:text; manufacturer:text; price_text:text; price_numeric:numeric,290231,"ValueError(""could not convert string to float: '47.8 gbp'"")",,,,
default_wag,results/model_checkpoints/20260715_195803_seed1337_20005214_best_step1500.pt,1500,amazon_google_price_both,cross_source,exhaustive,48,432,title:text; description:text; manufacturer:categorical; price_text:numeric; price_numeric:numeric,title:text; description:text; manufacturer:text; price_text:text; price_numeric:numeric,290231,"ValueError(""could not convert string to float: '47.8 gbp'"")",,,,
default_wag,results/model_checkpoints/20260715_195803_seed1337_20005214_best_step1500.pt,1500,amazon_google_price_both,cross_source,exhaustive,49,432,title:text; description:identifier; manufacturer:text; price_text:text; price_numeric:text,title:text; description:text; manufacturer:text; price_text:text; price_numeric:numeric,290231,,0.9085680579446441,0.10410291094007203,0.2075654704170708,0.9997079968452454
default_wag,results/model_checkpoints/20260715_195803_seed1337_20005214_best_step1500.pt,1500,amazon_google_price_both,cross_source,exhaustive,50,432,title:text; description:identifier; manufacturer:text; price_text:text; price_numeric:identifier,title:text; description:text; manufacturer:text; price_text:text; price_numeric:numeric,290231,,0.9085680579446441,0.10410291094007203,0.2075654704170708,0.9997079968452454
default_wag,results/model_checkpoints/20260715_195803_seed1337_20005214_best_step1500.pt,1500,amazon_google_price_both,cross_source,exhaustive,51,432,title:text; description:identifier; manufacturer:text; price_text:text; price_numeric:categorical,title:text; description:text; manufacturer:text; price_text:text; price_numeric:numeric,290231,,0.6818919326099816,0.016811503437083174,0.07339449541284403,0.99965500831604
default_wag,results/model_checkpoints/20260715_195803_seed1337_20005214_best_step1500.pt,1500,amazon_google_price_both,cross_source,exhaustive,52,432,title:text; description:identifier; manufacturer:text; price_text:text; price_numeric:numeric,title:text; description:text; manufacturer:text; price_text:text; price_numeric:numeric,290231,,0.9451965260451967,0.15977793306252214,0.2741208295761948,0.9999825954437256
default_wag,results/model_checkpoints/20260715_195803_seed1337_20005214_best_step1500.pt,1500,amazon_google_price_both,cross_source,exhaustive,53,432,title:text; description:identifier; manufacturer:text; price_text:identifier; price_numeric:text,title:text; description:text; manufacturer:text; price_text:text; price_numeric:numeric,290231,,0.9085680579446441,0.10410291094007203,0.2075654704170708,0.9997079968452454
default_wag,results/model_checkpoints/20260715_195803_seed1337_20005214_best_step1500.pt,1500,amazon_google_price_both,cross_source,exhaustive,54,432,title:text; description:identifier; manufacturer:text; price_text:identifier; price_numeric:identifier,title:text; description:text; manufacturer:text; price_text:text; price_numeric:numeric,290231,,0.9085680579446441,0.10410291094007203,0.2075654704170708,0.9997079968452454
default_wag,results/model_checkpoints/20260715_195803_seed1337_20005214_best_step1500.pt,1500,amazon_google_price_both,cross_source,exhaustive,55,432,title:text; description:identifier; manufacturer:text; price_text:identifier; price_numeric:categorical,title:text; description:text; manufacturer:text; price_text:text; price_numeric:numeric,290231,,0.6818919326099816,0.016811503437083174,0.07339449541284403,0.99965500831604
default_wag,results/model_checkpoints/20260715_195803_seed1337_20005214_best_step1500.pt,1500,amazon_google_price_both,cross_source,exhaustive,56,432,title:text; description:identifier; manufacturer:text; price_text:identifier; price_numeric:numeric,title:text; description:text; manufacturer:text; price_text:text; price_numeric:numeric,290231,,0.9451965439025967,0.15977811295699784,0.2741208295761948,0.9999825954437256
default_wag,results/model_checkpoints/20260715_195803_seed1337_20005214_best_step1500.pt,1500,amazon_google_price_both,cross_source,exhaustive,57,432,title:text; description:identifier; manufacturer:text; price_text:categorical; price_numeric:text,title:text; description:text; manufacturer:text; price_text:text; price_numeric:numeric,290231,,0.6847482981600092,0.017101447769478924,0.07550335570469799,0.9996497631072998
default_wag,results/model_checkpoints/20260715_195803_seed1337_20005214_best_step1500.pt,1500,amazon_google_price_both,cross_source,exhaustive,58,432,title:text; description:identifier; manufacturer:text; price_text:categorical; price_numeric:identifier,title:text; description:text; manufacturer:text; price_text:text; price_numeric:numeric,290231,,0.6847482981600092,0.017101447769478924,0.07550335570469799,0.9996497631072998
default_wag,results/model_checkpoints/20260715_195803_seed1337_20005214_best_step1500.pt,1500,amazon_google_price_both,cross_source,exhaustive,59,432,title:text; description:identifier; manufacturer:text; price_text:categorical; price_numeric:categorical,title:text; description:text; manufacturer:text; price_text:text; price_numeric:numeric,290231,,0.6093088454012254,0.011931779898575488,0.06953892668178382,0.999818742275238
default_wag,results/model_checkpoints/20260715_195803_seed1337_20005214_best_step1500.pt,1500,amazon_google_price_both,cross_source,exhaustive,60,432,title:text; description:identifier; manufacturer:text; price_text:categorical; price_numeric:numeric,title:text; description:text; manufacturer:text; price_text:text; price_numeric:numeric,290231,,0.6450251396478449,0.02384477354272268,0.11083743842364532,0.99997878074646
default_wag,results/model_checkpoints/20260715_195803_seed1337_20005214_best_step1500.pt,1500,amazon_google_price_both,cross_source,exhaustive,61,432,title:text; description:identifier; manufacturer:text; price_text:numeric; price_numeric:text,title:text; description:text; manufacturer:text; price_text:text; price_numeric:numeric,290231,"ValueError(""could not convert string to float: '47.8 gbp'"")",,,,
default_wag,results/model_checkpoints/20260715_195803_seed1337_20005214_best_step1500.pt,1500,amazon_google_price_both,cross_source,exhaustive,62,432,title:text; description:identifier; manufacturer:text; price_text:numeric; price_numeric:identifier,title:text; description:text; manufacturer:text; price_text:text; price_numeric:numeric,290231,"ValueError(""could not convert string to float: '47.8 gbp'"")",,,,
default_wag,results/model_checkpoints/20260715_195803_seed1337_20005214_best_step1500.pt,1500,amazon_google_price_both,cross_source,exhaustive,63,432,title:text; description:identifier; manufacturer:text; price_text:numeric; price_numeric:categorical,title:text; description:text; manufacturer:text; price_text:text; price_numeric:numeric,290231,"ValueError(""could not convert string to float: '47.8 gbp'"")",,,,
default_wag,results/model_checkpoints/20260715_195803_seed1337_20005214_best_step1500.pt,1500,amazon_google_price_both,cross_source,exhaustive,64,432,title:text; description:identifier; manufacturer:text; price_text:numeric; price_numeric:numeric,title:text; description:text; manufacturer:text; price_text:text; price_numeric:numeric,290231,"ValueError(""could not convert string to float: '47.8 gbp'"")",,,,
default_wag,results/model_checkpoints/20260715_195803_seed1337_20005214_best_step1500.pt,1500,amazon_google_price_both,cross_source,exhaustive,65,432,title:text; description:identifier; manufacturer:identifier; price_text:text; price_numeric:text,title:text; description:text; manufacturer:text; price_text:text; price_numeric:numeric,290231,,0.9085680579446441,0.10410291094007203,0.2075654704170708,0.9997079968452454
default_wag,results/model_checkpoints/20260715_195803_seed1337_20005214_best_step1500.pt,1500,amazon_google_price_both,cross_source,exhaustive,66,432,title:text; description:identifier; manufacturer:identifier; price_text:text; price_numeric:identifier,title:text; description:text; manufacturer:text; price_text:text; price_numeric:numeric,290231,,0.9085680579446441,0.10410291094007203,0.2075654704170708,0.9997079968452454
default_wag,results/model_checkpoints/20260715_195803_seed1337_20005214_best_step1500.pt,1500,amazon_google_price_both,cross_source,exhaustive,67,432,title:text; description:identifier; manufacturer:identifier; price_text:text; price_numeric:categorical,title:text; description:text; manufacturer:text; price_text:text; price_numeric:numeric,290231,,0.6818919326099816,0.016811503437083174,0.07339449541284403,0.99965500831604
default_wag,results/model_checkpoints/20260715_195803_seed1337_20005214_best_step1500.pt,1500,amazon_google_price_both,cross_source,exhaustive,68,432,title:text; description:identifier; manufacturer:identifier; price_text:text; price_numeric:numeric,title:text; description:text; manufacturer:text; price_text:text; price_numeric:numeric,290231,,0.9451965171164967,0.15977796712531295,0.2741208295761948,0.9999825954437256
default_wag,results/model_checkpoints/20260715_195803_seed1337_20005214_best_step1500.pt,1500,amazon_google_price_both,cross_source,exhaustive,69,432,title:text; description:identifier; manufacturer:identifier; price_text:identifier; price_numeric:text,title:text; description:text; manufacturer:text; price_text:text; price_numeric:numeric,290231,,0.9085680579446441,0.10410291094007203,0.2075654704170708,0.9997079968452454
default_wag,results/model_checkpoints/20260715_195803_seed1337_20005214_best_step1500.pt,1500,amazon_google_price_both,cross_source,exhaustive,70,432,title:text; description:identifier; manufacturer:identifier; price_text:identifier; price_numeric:identifier,title:text; description:text; manufacturer:text; price_text:text; price_numeric:numeric,290231,,0.9085680579446441,0.10410291094007203,0.2075654704170708,0.9997079968452454
default_wag,results/model_checkpoints/20260715_195803_seed1337_20005214_best_step1500.pt,1500,amazon_google_price_both,cross_source,exhaustive,71,432,title:text; description:identifier; manufacturer:identifier; price_text:identifier; price_numeric:categorical,title:text; description:text; manufacturer:text; price_text:text; price_numeric:numeric,290231,,0.6818919326099816,0.016811503437083174,0.07339449541284403,0.99965500831604
default_wag,results/model_checkpoints/20260715_195803_seed1337_20005214_best_step1500.pt,1500,amazon_google_price_both,cross_source,exhaustive,72,432,title:text; description:identifier; manufacturer:identifier; price_text:identifier; price_numeric:numeric,title:text; description:text; manufacturer:text; price_text:text; price_numeric:numeric,290231,,0.9451965617599969,0.1597781444628863,0.2741208295761948,0.9999825954437256
default_wag,results/model_checkpoints/20260715_195803_seed1337_20005214_best_step1500.pt,1500,amazon_google_price_both,cross_source,exhaustive,73,432,title:text; description:identifier; manufacturer:identifier; price_text:categorical; price_numeric:text,title:text; description:text; manufacturer:text; price_text:text; price_numeric:numeric,290231,,0.6847482981600092,0.017101447769478924,0.07550335570469799,0.9996497631072998
default_wag,results/model_checkpoints/20260715_195803_seed1337_20005214_best_step1500.pt,1500,amazon_google_price_both,cross_source,exhaustive,74,432,title:text; description:identifier; manufacturer:identifier; price_text:categorical; price_numeric:identifier,title:text; description:text; manufacturer:text; price_text:text; price_numeric:numeric,290231,,0.6847482981600092,0.017101447769478924,0.07550335570469799,0.9996497631072998
default_wag,results/model_checkpoints/20260715_195803_seed1337_20005214_best_step1500.pt,1500,amazon_google_price_both,cross_source,exhaustive,75,432,title:text; description:identifier; manufacturer:identifier; price_text:categorical; price_numeric:categorical,title:text; description:text; manufacturer:text; price_text:text; price_numeric:numeric,290231,,0.6093088454012254,0.011931779898575488,0.06953892668178382,0.999818742275238
default_wag,results/model_checkpoints/20260715_195803_seed1337_20005214_best_step1500.pt,1500,amazon_google_price_both,cross_source,exhaustive,76,432,title:text; description:identifier; manufacturer:identifier; price_text:categorical; price_numeric:numeric,title:text; description:text; manufacturer:text; price_text:text; price_numeric:numeric,290231,,0.6450251426240783,0.02384477231354287,0.11083743842364532,0.99997878074646
default_wag,results/model_checkpoints/20260715_195803_seed1337_20005214_best_step1500.pt,1500,amazon_google_price_both,cross_source,exhaustive,77,432,title:text; description:identifier; manufacturer:identifier; price_text:numeric; price_numeric:text,title:text; description:text; manufacturer:text; price_text:text; price_numeric:numeric,290231,"ValueError(""could not convert string to float: '47.8 gbp'"")",,,,
default_wag,results/model_checkpoints/20260715_195803_seed1337_20005214_best_step1500.pt,1500,amazon_google_price_both,cross_source,exhaustive,78,432,title:text; description:identifier; manufacturer:identifier; price_text:numeric; price_numeric:identifier,title:text; description:text; manufacturer:text; price_text:text; price_numeric:numeric,290231,"ValueError(""could not convert string to float: '47.8 gbp'"")",,,,
default_wag,results/model_checkpoints/20260715_195803_seed1337_20005214_best_step1500.pt,1500,amazon_google_price_both,cross_source,exhaustive,79,432,title:text; description:identifier; manufacturer:identifier; price_text:numeric; price_numeric:categorical,title:text; description:text; manufacturer:text; price_text:text; price_numeric:numeric,290231,"ValueError(""could not convert string to float: '47.8 gbp'"")",,,,
default_wag,results/model_checkpoints/20260715_195803_seed1337_20005214_best_step1500.pt,1500,amazon_google_price_both,cross_source,exhaustive,80,432,title:text; description:identifier; manufacturer:identifier; price_text:numeric; price_numeric:numeric,title:text; description:text; manufacturer:text; price_text:text; price_numeric:numeric,290231,"ValueError(""could not convert string to float: '47.8 gbp'"")",,,,
default_wag,results/model_checkpoints/20260715_195803_seed1337_20005214_best_step1500.pt,1500,amazon_google_price_both,cross_source,exhaustive,81,432,title:text; description:identifier; manufacturer:categorical; price_text:text; price_numeric:text,title:text; description:text; manufacturer:text; price_text:text; price_numeric:numeric,290231,,0.7769628288693207,0.017486188173079526,0.06372881355932203,0.9990851879119873
default_wag,results/model_checkpoints/20260715_195803_seed1337_20005214_best_step1500.pt,1500,amazon_google_price_both,cross_source,exhaustive,82,432,title:text; description:identifier; manufacturer:categorical; price_text:text; price_numeric:identifier,title:text; description:text; manufacturer:text; price_text:text; price_numeric:numeric,290231,,0.7769628288693207,0.017486188173079526,0.06372881355932203,0.9990851879119873
default_wag,results/model_checkpoints/20260715_195803_seed1337_20005214_best_step1500.pt,1500,amazon_google_price_both,cross_source,exhaustive,83,432,title:text; description:identifier; manufacturer:categorical; price_text:text; price_numeric:categorical,title:text; description:text; manufacturer:text; price_text:text; price_numeric:numeric,290231,,0.6601893699897343,0.00930012610132789,0.04735883424408015,0.9980150461196899
default_wag,results/model_checkpoints/20260715_195803_seed1337_20005214_best_step1500.pt,1500,amazon_google_price_both,cross_source,exhaustive,84,432,title:text; description:identifier; manufacturer:categorical; price_text:text; price_numeric:numeric,title:text; description:text; manufacturer:text; price_text:text; price_numeric:numeric,290231,,0.6640545268568749,0.008330953030054846,0.04798464491362764,0.9999791383743286
default_wag,results/model_checkpoints/20260715_195803_seed1337_20005214_best_step1500.pt,1500,amazon_google_price_both,cross_source,exhaustive,85,432,title:text; description:identifier; manufacturer:categorical; price_text:identifier; price_numeric:text,title:text; description:text; manufacturer:text; price_text:text; price_numeric:numeric,290231,,0.7769628288693207,0.017486188173079526,0.06372881355932203,0.9990851879119873
default_wag,results/model_checkpoints/20260715_195803_seed1337_20005214_best_step1500.pt,1500,amazon_google_price_both,cross_source,exhaustive,86,432,title:text; description:identifier; manufacturer:categorical; price_text:identifier; price_numeric:identifier,title:text; description:text; manufacturer:text; price_text:text; price_numeric:numeric,290231,,0.7769628288693207,0.017486188173079526,0.06372881355932203,0.9990851879119873
default_wag,results/model_checkpoints/20260715_195803_seed1337_20005214_best_step1500.pt,1500,amazon_google_price_both,cross_source,exhaustive,87,432,title:text; description:identifier; manufacturer:categorical; price_text:identifier; price_numeric:categorical,title:text; description:text; manufacturer:text; price_text:text; price_numeric:numeric,290231,,0.6601893699897343,0.00930012610132789,0.04735883424408015,0.9980150461196899
default_wag,results/model_checkpoints/20260715_195803_seed1337_20005214_best_step1500.pt,1500,amazon_google_price_both,cross_source,exhaustive,88,432,title:text; description:identifier; manufacturer:categorical; price_text:identifier; price_numeric:numeric,title:text; description:text; manufacturer:text; price_text:text; price_numeric:numeric,290231,,0.6640543542353408,0.008330951280154129,0.04798464491362764,0.9999791383743286
default_wag,results/model_checkpoints/20260715_195803_seed1337_20005214_best_step1500.pt,1500,amazon_google_price_both,cross_source,exhaustive,89,432,title:text; description:identifier; manufacturer:categorical; price_text:categorical; price_numeric:text,title:text; description:text; manufacturer:text; price_text:text; price_numeric:numeric,290231,,0.6622913615779467,0.009426565506093967,0.047315741583257506,0.9979603290557861
default_wag,results/model_checkpoints/20260715_195803_seed1337_20005214_best_step1500.pt,1500,amazon_google_price_both,cross_source,exhaustive,90,432,title:text; description:identifier; manufacturer:categorical; price_text:categorical; price_numeric:identifier,title:text; description:text; manufacturer:text; price_text:text; price_numeric:numeric,290231,,0.6622913615779467,0.009426565506093967,0.047315741583257506,0.9979603290557861
default_wag,results/model_checkpoints/20260715_195803_seed1337_20005214_best_step1500.pt,1500,amazon_google_price_both,cross_source,exhaustive,91,432,title:text; description:identifier; manufacturer:categorical; price_text:categorical; price_numeric:categorical,title:text; description:text; manufacturer:text; price_text:text; price_numeric:numeric,290231,,0.5927750923554971,0.008310053103505258,0.04612850082372323,0.9990187883377075
default_wag,results/model_checkpoints/20260715_195803_seed1337_20005214_best_step1500.pt,1500,amazon_google_price_both,cross_source,exhaustive,92,432,title:text; description:identifier; manufacturer:categorical; price_text:categorical; price_numeric:numeric,title:text; description:text; manufacturer:text; price_text:text; price_numeric:numeric,290231,,0.6093821976483232,0.006802884805044342,0.03885003885003885,0.9997766613960266
default_wag,results/model_checkpoints/20260715_195803_seed1337_20005214_best_step1500.pt,1500,amazon_google_price_both,cross_source,exhaustive,93,432,title:text; description:identifier; manufacturer:categorical; price_text:numeric; price_numeric:text,title:text; description:text; manufacturer:text; price_text:text; price_numeric:numeric,290231,"ValueError(""could not convert string to float: '47.8 gbp'"")",,,,
default_wag,results/model_checkpoints/20260715_195803_seed1337_20005214_best_step1500.pt,1500,amazon_google_price_both,cross_source,exhaustive,94,432,title:text; description:identifier; manufacturer:categorical; price_text:numeric; price_numeric:identifier,title:text; description:text; manufacturer:text; price_text:text; price_numeric:numeric,290231,"ValueError(""could not convert string to float: '47.8 gbp'"")",,,,
default_wag,results/model_checkpoints/20260715_195803_seed1337_20005214_best_step1500.pt,1500,amazon_google_price_both,cross_source,exhaustive,95,432,title:text; description:identifier; manufacturer:categorical; price_text:numeric; price_numeric:categorical,title:text; description:text; manufacturer:text; price_text:text; price_numeric:numeric,290231,"ValueError(""could not convert string to float: '47.8 gbp'"")",,,,
default_wag,results/model_checkpoints/20260715_195803_seed1337_20005214_best_step1500.pt,1500,amazon_google_price_both,cross_source,exhaustive,96,432,title:text; description:identifier; manufacturer:categorical; price_text:numeric; price_numeric:numeric,title:text; description:text; manufacturer:text; price_text:text; price_numeric:numeric,290231,"ValueError(""could not convert string to float: '47.8 gbp'"")",,,,
default_wag,results/model_checkpoints/20260715_195803_seed1337_20005214_best_step1500.pt,1500,amazon_google_price_both,cross_source,exhaustive,97,432,title:text; description:categorical; manufacturer:text; price_text:text; price_numeric:text,title:text; description:text; manufacturer:text; price_text:text; price_numeric:numeric,290231,,0.6347542565791722,0.03991701865506577,0.12052401746724892,0.9995664954185486
default_wag,results/model_checkpoints/20260715_195803_seed1337_20005214_best_step1500.pt,1500,amazon_google_price_both,cross_source,exhaustive,98,432,title:text; description:categorical; manufacturer:text; price_text:text; price_numeric:identifier,title:text; description:text; manufacturer:text; price_text:text; price_numeric:numeric,290231,,0.6347542565791722,0.03991701865506577,0.12052401746724892,0.9995664954185486
default_wag,results/model_checkpoints/20260715_195803_seed1337_20005214_best_step1500.pt,1500,amazon_google_price_both,cross_source,exhaustive,99,432,title:text; description:categorical; manufacturer:text; price_text:text; price_numeric:categorical,title:text; description:text; manufacturer:text; price_text:text; price_numeric:numeric,290231,,0.5908275672780524,0.010318577738064301,0.0469208211143695,0.9996523857116699
default_wag,results/model_checkpoints/20260715_195803_seed1337_20005214_best_step1500.pt,1500,amazon_google_price_both,cross_source,exhaustive,100,432,title:text; description:categorical; manufacturer:text; price_text:text; price_numeric:numeric,title:text; description:text; manufacturer:text; price_text:text; price_numeric:numeric,290231,,0.6174511472129539,0.06441562218856539,0.16828478964401294,0.999980092048645
default_wag,results/model_checkpoints/20260715_195803_seed1337_20005214_best_step1500.pt,1500,amazon_google_price_both,cross_source,exhaustive,101,432,title:text; description:categorical; manufacturer:text; price_text:identifier; price_numeric:text,title:text; description:text; manufacturer:text; price_text:text; price_numeric:numeric,290231,,0.6347542565791722,0.03991701865506577,0.12052401746724892,0.9995664954185486
default_wag,results/model_checkpoints/20260715_195803_seed1337_20005214_best_step1500.pt,1500,amazon_google_price_both,cross_source,exhaustive,102,432,title:text; description:categorical; manufacturer:text; price_text:identifier; price_numeric:identifier,title:text; description:text; manufacturer:text; price_text:text; price_numeric:numeric,290231,,0.6347542565791722,0.03991701865506577,0.12052401746724892,0.9995664954185486
default_wag,results/model_checkpoints/20260715_195803_seed1337_20005214_best_step1500.pt,1500,amazon_google_price_both,cross_source,exhaustive,103,432,title:text; description:categorical; manufacturer:text; price_text:identifier; price_numeric:categorical,title:text; description:text; manufacturer:text; price_text:text; price_numeric:numeric,290231,,0.5908275672780524,0.010318577738064301,0.0469208211143695,0.9996523857116699
default_wag,results/model_checkpoints/20260715_195803_seed1337_20005214_best_step1500.pt,1500,amazon_google_price_both,cross_source,exhaustive,104,432,title:text; description:categorical; manufacturer:text; price_text:identifier; price_numeric:numeric,title:text; description:text; manufacturer:text; price_text:text; price_numeric:numeric,290231,,0.6174511442367205,0.06441562845405338,0.16828478964401294,0.999980092048645
default_wag,results/model_checkpoints/20260715_195803_seed1337_20005214_best_step1500.pt,1500,amazon_google_price_both,cross_source,exhaustive,105,432,title:text; description:categorical; manufacturer:text; price_text:categorical; price_numeric:text,title:text; description:text; manufacturer:text; price_text:text; price_numeric:numeric,290231,,0.5919159043838608,0.010379376674179675,0.04678362573099415,0.9996272325515747
default_wag,results/model_checkpoints/20260715_195803_seed1337_20005214_best_step1500.pt,1500,amazon_google_price_both,cross_source,exhaustive,106,432,title:text; description:categorical; manufacturer:text; price_text:categorical; price_numeric:identifier,title:text; description:text; manufacturer:text; price_text:text; price_numeric:numeric,290231,,0.5919159043838608,0.010379376674179675,0.04678362573099415,0.9996272325515747
default_wag,results/model_checkpoints/20260715_195803_seed1337_20005214_best_step1500.pt,1500,amazon_google_price_both,cross_source,exhaustive,107,432,title:text; description:categorical; manufacturer:text; price_text:categorical; price_numeric:categorical,title:text; description:text; manufacturer:text; price_text:text; price_numeric:numeric,290231,,0.5643398047757593,0.007474263408871901,0.04512820512820513,0.9999021291732788
default_wag,results/model_checkpoints/20260715_195803_seed1337_20005214_best_step1500.pt,1500,amazon_google_price_both,cross_source,exhaustive,108,432,title:text; description:categorical; manufacturer:text; price_text:categorical; price_numeric:numeric,title:text; description:text; manufacturer:text; price_text:text; price_numeric:numeric,290231,,0.578803638123835,0.01215537108385067,0.0598639455782313,0.9999817609786987
default_wag,results/model_checkpoints/20260715_195803_seed1337_20005214_best_step1500.pt,1500,amazon_google_price_both,cross_source,exhaustive,109,432,title:text; description:categorical; manufacturer:text; price_text:numeric; price_numeric:text,title:text; description:text; manufacturer:text; price_text:text; price_numeric:numeric,290231,"ValueError(""could not convert string to float: '47.8 gbp'"")",,,,
default_wag,results/model_checkpoints/20260715_195803_seed1337_20005214_best_step1500.pt,1500,amazon_google_price_both,cross_source,exhaustive,110,432,title:text; description:categorical; manufacturer:text; price_text:numeric; price_numeric:identifier,title:text; description:text; manufacturer:text; price_text:text; price_numeric:numeric,290231,"ValueError(""could not convert string to float: '47.8 gbp'"")",,,,
default_wag,results/model_checkpoints/20260715_195803_seed1337_20005214_best_step1500.pt,1500,amazon_google_price_both,cross_source,exhaustive,111,432,title:text; description:categorical; manufacturer:text; price_text:numeric; price_numeric:categorical,title:text; description:text; manufacturer:text; price_text:text; price_numeric:numeric,290231,"ValueError(""could not convert string to float: '47.8 gbp'"")",,,,
default_wag,results/model_checkpoints/20260715_195803_seed1337_20005214_best_step1500.pt,1500,amazon_google_price_both,cross_source,exhaustive,112,432,title:text; description:categorical; manufacturer:text; price_text:numeric; price_numeric:numeric,title:text; description:text; manufacturer:text; price_text:text; price_numeric:numeric,290231,"ValueError(""could not convert string to float: '47.8 gbp'"")",,,,
default_wag,results/model_checkpoints/20260715_195803_seed1337_20005214_best_step1500.pt,1500,amazon_google_price_both,cross_source,exhaustive,113,432,title:text; description:categorical; manufacturer:identifier; price_text:text; price_numeric:text,title:text; description:text; manufacturer:text; price_text:text; price_numeric:numeric,290231,,0.6347542565791722,0.03991701865506577,0.12052401746724892,0.9995664954185486
default_wag,results/model_checkpoints/20260715_195803_seed1337_20005214_best_step1500.pt,1500,amazon_google_price_both,cross_source,exhaustive,114,432,title:text; description:categorical; manufacturer:identifier; price_text:text; price_numeric:identifier,title:text; description:text; manufacturer:text; price_text:text; price_numeric:numeric,290231,,0.6347542565791722,0.03991701865506577,0.12052401746724892,0.9995664954185486
default_wag,results/model_checkpoints/20260715_195803_seed1337_20005214_best_step1500.pt,1500,amazon_google_price_both,cross_source,exhaustive,115,432,title:text; description:categorical; manufacturer:identifier; price_text:text; price_numeric:categorical,title:text; description:text; manufacturer:text; price_text:text; price_numeric:numeric,290231,,0.5908275672780524,0.010318577738064301,0.0469208211143695,0.9996523857116699
default_wag,results/model_checkpoints/20260715_195803_seed1337_20005214_best_step1500.pt,1500,amazon_google_price_both,cross_source,exhaustive,116,432,title:text; description:categorical; manufacturer:identifier; price_text:text; price_numeric:numeric,title:text; description:text; manufacturer:text; price_text:text; price_numeric:numeric,290231,,0.6174511412604871,0.06441562530344493,0.16828478964401294,0.999980092048645
default_wag,results/model_checkpoints/20260715_195803_seed1337_20005214_best_step1500.pt,1500,amazon_google_price_both,cross_source,exhaustive,117,432,title:text; description:categorical; manufacturer:identifier; price_text:identifier; price_numeric:text,title:text; description:text; manufacturer:text; price_text:text; price_numeric:numeric,290231,,0.6347542565791722,0.03991701865506577,0.12052401746724892,0.9995664954185486
default_wag,results/model_checkpoints/20260715_195803_seed1337_20005214_best_step1500.pt,1500,amazon_google_price_both,cross_source,exhaustive,118,432,title:text; description:categorical; manufacturer:identifier; price_text:identifier; price_numeric:identifier,title:text; description:text; manufacturer:text; price_text:text; price_numeric:numeric,290231,,0.6347542565791722,0.03991701865506577,0.12052401746724892,0.9995664954185486
default_wag,results/model_checkpoints/20260715_195803_seed1337_20005214_best_step1500.pt,1500,amazon_google_price_both,cross_source,exhaustive,119,432,title:text; description:categorical; manufacturer:identifier; price_text:identifier; price_numeric:categorical,title:text; description:text; manufacturer:text; price_text:text; price_numeric:numeric,290231,,0.5908275672780524,0.010318577738064301,0.0469208211143695,0.9996523857116699
default_wag,results/model_checkpoints/20260715_195803_seed1337_20005214_best_step1500.pt,1500,amazon_google_price_both,cross_source,exhaustive,120,432,title:text; description:categorical; manufacturer:identifier; price_text:identifier; price_numeric:numeric,title:text; description:text; manufacturer:text; price_text:text; price_numeric:numeric,290231,,0.6174511174506205,0.06441559010250097,0.16828478964401294,0.999980092048645
default_wag,results/model_checkpoints/20260715_195803_seed1337_20005214_best_step1500.pt,1500,amazon_google_price_both,cross_source,exhaustive,121,432,title:text; description:categorical; manufacturer:identifier; price_text:categorical; price_numeric:text,title:text; description:text; manufacturer:text; price_text:text; price_numeric:numeric,290231,,0.5919159043838608,0.010379376674179675,0.04678362573099415,0.9996272325515747
default_wag,results/model_checkpoints/20260715_195803_seed1337_20005214_best_step1500.pt,1500,amazon_google_price_both,cross_source,exhaustive,122,432,title:text; description:categorical; manufacturer:identifier; price_text:categorical; price_numeric:identifier,title:text; description:text; manufacturer:text; price_text:text; price_numeric:numeric,290231,,0.5919159043838608,0.010379376674179675,0.04678362573099415,0.9996272325515747
default_wag,results/model_checkpoints/20260715_195803_seed1337_20005214_best_step1500.pt,1500,amazon_google_price_both,cross_source,exhaustive,123,432,title:text; description:categorical; manufacturer:identifier; price_text:categorical; price_numeric:categorical,title:text; description:text; manufacturer:text; price_text:text; price_numeric:numeric,290231,,0.5643398047757593,0.007474263408871901,0.04512820512820513,0.9999021291732788
default_wag,results/model_checkpoints/20260715_195803_seed1337_20005214_best_step1500.pt,1500,amazon_google_price_both,cross_source,exhaustive,124,432,title:text; description:categorical; manufacturer:identifier; price_text:categorical; price_numeric:numeric,title:text; description:text; manufacturer:text; price_text:text; price_numeric:numeric,290231,,0.5788036232426681,0.012155371129607467,0.0598639455782313,0.9999817609786987
default_wag,results/model_checkpoints/20260715_195803_seed1337_20005214_best_step1500.pt,1500,amazon_google_price_both,cross_source,exhaustive,125,432,title:text; description:categorical; manufacturer:identifier; price_text:numeric; price_numeric:text,title:text; description:text; manufacturer:text; price_text:text; price_numeric:numeric,290231,"ValueError(""could not convert string to float: '47.8 gbp'"")",,,,
default_wag,results/model_checkpoints/20260715_195803_seed1337_20005214_best_step1500.pt,1500,amazon_google_price_both,cross_source,exhaustive,126,432,title:text; description:categorical; manufacturer:identifier; price_text:numeric; price_numeric:identifier,title:text; description:text; manufacturer:text; price_text:text; price_numeric:numeric,290231,"ValueError(""could not convert string to float: '47.8 gbp'"")",,,,
default_wag,results/model_checkpoints/20260715_195803_seed1337_20005214_best_step1500.pt,1500,amazon_google_price_both,cross_source,exhaustive,127,432,title:text; description:categorical; manufacturer:identifier; price_text:numeric; price_numeric:categorical,title:text; description:text; manufacturer:text; price_text:text; price_numeric:numeric,290231,"ValueError(""could not convert string to float: '47.8 gbp'"")",,,,
default_wag,results/model_checkpoints/20260715_195803_seed1337_20005214_best_step1500.pt,1500,amazon_google_price_both,cross_source,exhaustive,128,432,title:text; description:categorical; manufacturer:identifier; price_text:numeric; price_numeric:numeric,title:text; description:text; manufacturer:text; price_text:text; price_numeric:numeric,290231,"ValueError(""could not convert string to float: '47.8 gbp'"")",,,,
default_wag,results/model_checkpoints/20260715_195803_seed1337_20005214_best_step1500.pt,1500,amazon_google_price_both,cross_source,exhaustive,129,432,title:text; description:categorical; manufacturer:categorical; price_text:text; price_numeric:text,title:text; description:text; manufacturer:text; price_text:text; price_numeric:numeric,290231,,0.6109985542648888,0.007937872574244248,0.036281179138321996,0.9988051652908325
default_wag,results/model_checkpoints/20260715_195803_seed1337_20005214_best_step1500.pt,1500,amazon_google_price_both,cross_source,exhaustive,130,432,title:text; description:categorical; manufacturer:categorical; price_text:text; price_numeric:identifier,title:text; description:text; manufacturer:text; price_text:text; price_numeric:numeric,290231,,0.6109985542648888,0.007937872574244248,0.036281179138321996,0.9988051652908325
default_wag,results/model_checkpoints/20260715_195803_seed1337_20005214_best_step1500.pt,1500,amazon_google_price_both,cross_source,exhaustive,131,432,title:text; description:categorical; manufacturer:categorical; price_text:text; price_numeric:categorical,title:text; description:text; manufacturer:text; price_text:text; price_numeric:numeric,290231,,0.5845749623298145,0.005043242915258225,0.029748283752860417,0.9985357522964478
default_wag,results/model_checkpoints/20260715_195803_seed1337_20005214_best_step1500.pt,1500,amazon_google_price_both,cross_source,exhaustive,132,432,title:text; description:categorical; manufacturer:categorical; price_text:text; price_numeric:numeric,title:text; description:text; manufacturer:text; price_text:text; price_numeric:numeric,290231,,0.5733565358500998,0.005102361416891016,0.030800821355236145,0.9999806880950928
default_wag,results/model_checkpoints/20260715_195803_seed1337_20005214_best_step1500.pt,1500,amazon_google_price_both,cross_source,exhaustive,133,432,title:text; description:categorical; manufacturer:categorical; price_text:identifier; price_numeric:text,title:text; description:text; manufacturer:text; price_text:text; price_numeric:numeric,290231,,0.6109985542648888,0.007937872574244248,0.036281179138321996,0.9988051652908325
default_wag,results/model_checkpoints/20260715_195803_seed1337_20005214_best_step1500.pt,1500,amazon_google_price_both,cross_source,exhaustive,134,432,title:text; description:categorical; manufacturer:categorical; price_text:identifier; price_numeric:identifier,title:text; description:text; manufacturer:text; price_text:text; price_numeric:numeric,290231,,0.6109985542648888,0.007937872574244248,0.036281179138321996,0.9988051652908325
default_wag,results/model_checkpoints/20260715_195803_seed1337_20005214_best_step1500.pt,1500,amazon_google_price_both,cross_source,exhaustive,135,432,title:text; description:categorical; manufacturer:categorical; price_text:identifier; price_numeric:categorical,title:text; description:text; manufacturer:text; price_text:text; price_numeric:numeric,290231,,0.5845749623298145,0.005043242915258225,0.029748283752860417,0.9985357522964478
default_wag,results/model_checkpoints/20260715_195803_seed1337_20005214_best_step1500.pt,1500,amazon_google_price_both,cross_source,exhaustive,136,432,title:text; description:categorical; manufacturer:categorical; price_text:identifier; price_numeric:numeric,title:text; description:text; manufacturer:text; price_text:text; price_numeric:numeric,290231,,0.5733565269213997,0.005102360649094012,0.030800821355236145,0.9999806880950928
default_wag,results/model_checkpoints/20260715_195803_seed1337_20005214_best_step1500.pt,1500,amazon_google_price_both,cross_source,exhaustive,137,432,title:text; description:categorical; manufacturer:categorical; price_text:categorical; price_numeric:text,title:text; description:text; manufacturer:text; price_text:text; price_numeric:numeric,290231,,0.5854337782722823,0.0050637283183308365,0.0297029702970297,0.9959887862205505
default_wag,results/model_checkpoints/20260715_195803_seed1337_20005214_best_step1500.pt,1500,amazon_google_price_both,cross_source,exhaustive,138,432,title:text; description:categorical; manufacturer:categorical; price_text:categorical; price_numeric:identifier,title:text; description:text; manufacturer:text; price_text:text; price_numeric:numeric,290231,,0.5854337782722823,0.0050637283183308365,0.0297029702970297,0.9959887862205505
default_wag,results/model_checkpoints/20260715_195803_seed1337_20005214_best_step1500.pt,1500,amazon_google_price_both,cross_source,exhaustive,139,432,title:text; description:categorical; manufacturer:categorical; price_text:categorical; price_numeric:categorical,title:text; description:text; manufacturer:text; price_text:text; price_numeric:numeric,290231,,0.5554317181235586,0.004959964730064622,0.034292712798530314,0.9766805768013
default_wag,results/model_checkpoints/20260715_195803_seed1337_20005214_best_step1500.pt,1500,amazon_google_price_both,cross_source,exhaustive,140,432,title:text; description:categorical; manufacturer:categorical; price_text:categorical; price_numeric:numeric,title:text; description:text; manufacturer:text; price_text:text; price_numeric:numeric,290231,,0.5622048216408831,0.004164399118062781,0.026554013277006638,0.9988679885864258
default_wag,results/model_checkpoints/20260715_195803_seed1337_20005214_best_step1500.pt,1500,amazon_google_price_both,cross_source,exhaustive,141,432,title:text; description:categorical; manufacturer:categorical; price_text:numeric; price_numeric:text,title:text; description:text; manufacturer:text; price_text:text; price_numeric:numeric,290231,"ValueError(""could not convert string to float: '47.8 gbp'"")",,,,
default_wag,results/model_checkpoints/20260715_195803_seed1337_20005214_best_step1500.pt,1500,amazon_google_price_both,cross_source,exhaustive,142,432,title:text; description:categorical; manufacturer:categorical; price_text:numeric; price_numeric:identifier,title:text; description:text; manufacturer:text; price_text:text; price_numeric:numeric,290231,"ValueError(""could not convert string to float: '47.8 gbp'"")",,,,
default_wag,results/model_checkpoints/20260715_195803_seed1337_20005214_best_step1500.pt,1500,amazon_google_price_both,cross_source,exhaustive,143,432,title:text; description:categorical; manufacturer:categorical; price_text:numeric; price_numeric:categorical,title:text; description:text; manufacturer:text; price_text:text; price_numeric:numeric,290231,"ValueError(""could not convert string to float: '47.8 gbp'"")",,,,
default_wag,results/model_checkpoints/20260715_195803_seed1337_20005214_best_step1500.pt,1500,amazon_google_price_both,cross_source,exhaustive,144,432,title:text; description:categorical; manufacturer:categorical; price_text:numeric; price_numeric:numeric,title:text; description:text; manufacturer:text; price_text:text; price_numeric:numeric,290231,"ValueError(""could not convert string to float: '47.8 gbp'"")",,,,
default_wag,results/model_checkpoints/20260715_195803_seed1337_20005214_best_step1500.pt,1500,amazon_google_price_both,cross_source,exhaustive,145,432,title:identifier; description:text; manufacturer:text; price_text:text; price_numeric:text,title:text; description:text; manufacturer:text; price_text:text; price_numeric:numeric,290231,,0.9085680579446441,0.10410291094007203,0.2075654704170708,0.9997079968452454
default_wag,results/model_checkpoints/20260715_195803_seed1337_20005214_best_step1500.pt,1500,amazon_google_price_both,cross_source,exhaustive,146,432,title:identifier; description:text; manufacturer:text; price_text:text; price_numeric:identifier,title:text; description:text; manufacturer:text; price_text:text; price_numeric:numeric,290231,,0.9085680579446441,0.10410291094007203,0.2075654704170708,0.9997079968452454
default_wag,results/model_checkpoints/20260715_195803_seed1337_20005214_best_step1500.pt,1500,amazon_google_price_both,cross_source,exhaustive,147,432,title:identifier; description:text; manufacturer:text; price_text:text; price_numeric:categorical,title:text; description:text; manufacturer:text; price_text:text; price_numeric:numeric,290231,,0.6818919326099816,0.016811503437083174,0.07339449541284403,0.99965500831604
default_wag,results/model_checkpoints/20260715_195803_seed1337_20005214_best_step1500.pt,1500,amazon_google_price_both,cross_source,exhaustive,148,432,title:identifier; description:text; manufacturer:text; price_text:text; price_numeric:numeric,title:text; description:text; manufacturer:text; price_text:text; price_numeric:numeric,290231,,0.9451965647362301,0.15977801698771213,0.2741208295761948,0.9999825954437256
default_wag,results/model_checkpoints/20260715_195803_seed1337_20005214_best_step1500.pt,1500,amazon_google_price_both,cross_source,exhaustive,149,432,title:identifier; description:text; manufacturer:text; price_text:identifier; price_numeric:text,title:text; description:text; manufacturer:text; price_text:text; price_numeric:numeric,290231,,0.9085680579446441,0.10410291094007203,0.2075654704170708,0.9997079968452454
default_wag,results/model_checkpoints/20260715_195803_seed1337_20005214_best_step1500.pt,1500,amazon_google_price_both,cross_source,exhaustive,150,432,title:identifier; description:text; manufacturer:text; price_text:identifier; price_numeric:identifier,title:text; description:text; manufacturer:text; price_text:text; price_numeric:numeric,290231,,0.9085680579446441,0.10410291094007203,0.2075654704170708,0.9997079968452454
default_wag,results/model_checkpoints/20260715_195803_seed1337_20005214_best_step1500.pt,1500,amazon_google_price_both,cross_source,exhaustive,151,432,title:identifier; description:text; manufacturer:text; price_text:identifier; price_numeric:categorical,title:text; description:text; manufacturer:text; price_text:text; price_numeric:numeric,290231,,0.6818919326099816,0.016811503437083174,0.07339449541284403,0.99965500831604
default_wag,results/model_checkpoints/20260715_195803_seed1337_20005214_best_step1500.pt,1500,amazon_google_price_both,cross_source,exhaustive,152,432,title:identifier; description:text; manufacturer:text; price_text:identifier; price_numeric:numeric,title:text; description:text; manufacturer:text; price_text:text; price_numeric:numeric,290231,,0.9451965349738967,0.15977814159851067,0.2741208295761948,0.9999825954437256
default_wag,results/model_checkpoints/20260715_195803_seed1337_20005214_best_step1500.pt,1500,amazon_google_price_both,cross_source,exhaustive,153,432,title:identifier; description:text; manufacturer:text; price_text:categorical; price_numeric:text,title:text; description:text; manufacturer:text; price_text:text; price_numeric:numeric,290231,,0.6847482981600092,0.017101447769478924,0.07550335570469799,0.9996497631072998
default_wag,results/model_checkpoints/20260715_195803_seed1337_20005214_best_step1500.pt,1500,amazon_google_price_both,cross_source,exhaustive,154,432,title:identifier; description:text; manufacturer:text; price_text:categorical; price_numeric:identifier,title:text; description:text; manufacturer:text; price_text:text; price_numeric:numeric,290231,,0.6847482981600092,0.017101447769478924,0.07550335570469799,0.9996497631072998
default_wag,results/model_checkpoints/20260715_195803_seed1337_20005214_best_step1500.pt,1500,amazon_google_price_both,cross_source,exhaustive,155,432,title:identifier; description:text; manufacturer:text; price_text:categorical; price_numeric:categorical,title:text; description:text; manufacturer:text; price_text:text; price_numeric:numeric,290231,,0.6093088454012254,0.011931779898575488,0.06953892668178382,0.999818742275238
default_wag,results/model_checkpoints/20260715_195803_seed1337_20005214_best_step1500.pt,1500,amazon_google_price_both,cross_source,exhaustive,156,432,title:identifier; description:text; manufacturer:text; price_text:categorical; price_numeric:numeric,title:text; description:text; manufacturer:text; price_text:text; price_numeric:numeric,290231,,0.6450251069092782,0.023844775726699404,0.11083743842364532,0.99997878074646
default_wag,results/model_checkpoints/20260715_195803_seed1337_20005214_best_step1500.pt,1500,amazon_google_price_both,cross_source,exhaustive,157,432,title:identifier; description:text; manufacturer:text; price_text:numeric; price_numeric:text,title:text; description:text; manufacturer:text; price_text:text; price_numeric:numeric,290231,"ValueError(""could not convert string to float: '47.8 gbp'"")",,,,
default_wag,results/model_checkpoints/20260715_195803_seed1337_20005214_best_step1500.pt,1500,amazon_google_price_both,cross_source,exhaustive,158,432,title:identifier; description:text; manufacturer:text; price_text:numeric; price_numeric:identifier,title:text; description:text; manufacturer:text; price_text:text; price_numeric:numeric,290231,"ValueError(""could not convert string to float: '47.8 gbp'"")",,,,
default_wag,results/model_checkpoints/20260715_195803_seed1337_20005214_best_step1500.pt,1500,amazon_google_price_both,cross_source,exhaustive,159,432,title:identifier; description:text; manufacturer:text; price_text:numeric; price_numeric:categorical,title:text; description:text; manufacturer:text; price_text:text; price_numeric:numeric,290231,"ValueError(""could not convert string to float: '47.8 gbp'"")",,,,
default_wag,results/model_checkpoints/20260715_195803_seed1337_20005214_best_step1500.pt,1500,amazon_google_price_both,cross_source,exhaustive,160,432,title:identifier; description:text; manufacturer:text; price_text:numeric; price_numeric:numeric,title:text; description:text; manufacturer:text; price_text:text; price_numeric:numeric,290231,"ValueError(""could not convert string to float: '47.8 gbp'"")",,,,
default_wag,results/model_checkpoints/20260715_195803_seed1337_20005214_best_step1500.pt,1500,amazon_google_price_both,cross_source,exhaustive,161,432,title:identifier; description:text; manufacturer:identifier; price_text:text; price_numeric:text,title:text; description:text; manufacturer:text; price_text:text; price_numeric:numeric,290231,,0.9085680579446441,0.10410291094007203,0.2075654704170708,0.9997079968452454
default_wag,results/model_checkpoints/20260715_195803_seed1337_20005214_best_step1500.pt,1500,amazon_google_price_both,cross_source,exhaustive,162,432,title:identifier; description:text; manufacturer:identifier; price_text:text; price_numeric:identifier,title:text; description:text; manufacturer:text; price_text:text; price_numeric:numeric,290231,,0.9085680579446441,0.10410291094007203,0.2075654704170708,0.9997079968452454
default_wag,results/model_checkpoints/20260715_195803_seed1337_20005214_best_step1500.pt,1500,amazon_google_price_both,cross_source,exhaustive,163,432,title:identifier; description:text; manufacturer:identifier; price_text:text; price_numeric:categorical,title:text; description:text; manufacturer:text; price_text:text; price_numeric:numeric,290231,,0.6818919326099816,0.016811503437083174,0.07339449541284403,0.99965500831604
default_wag,results/model_checkpoints/20260715_195803_seed1337_20005214_best_step1500.pt,1500,amazon_google_price_both,cross_source,exhaustive,164,432,title:identifier; description:text; manufacturer:identifier; price_text:text; price_numeric:numeric,title:text; description:text; manufacturer:text; price_text:text; price_numeric:numeric,290231,,0.9451964962828632,0.15977785711975345,0.2741208295761948,0.9999825954437256
default_wag,results/model_checkpoints/20260715_195803_seed1337_20005214_best_step1500.pt,1500,amazon_google_price_both,cross_source,exhaustive,165,432,title:identifier; description:text; manufacturer:identifier; price_text:identifier; price_numeric:text,title:text; description:text; manufacturer:text; price_text:text; price_numeric:numeric,290231,,0.9085680579446441,0.10410291094007203,0.2075654704170708,0.9997079968452454
default_wag,results/model_checkpoints/20260715_195803_seed1337_20005214_best_step1500.pt,1500,amazon_google_price_both,cross_source,exhaustive,166,432,title:identifier; description:text; manufacturer:identifier; price_text:identifier; price_numeric:identifier,title:text; description:text; manufacturer:text; price_text:text; price_numeric:numeric,290231,,0.9085680579446441,0.10410291094007203,0.2075654704170708,0.9997079968452454
default_wag,results/model_checkpoints/20260715_195803_seed1337_20005214_best_step1500.pt,1500,amazon_google_price_both,cross_source,exhaustive,167,432,title:identifier; description:text; manufacturer:identifier; price_text:identifier; price_numeric:categorical,title:text; description:text; manufacturer:text; price_text:text; price_numeric:numeric,290231,,0.6818919326099816,0.016811503437083174,0.07339449541284403,0.99965500831604
default_wag,results/model_checkpoints/20260715_195803_seed1337_20005214_best_step1500.pt,1500,amazon_google_price_both,cross_source,exhaustive,168,432,title:identifier; description:text; manufacturer:identifier; price_text:identifier; price_numeric:numeric,title:text; description:text; manufacturer:text; price_text:text; price_numeric:numeric,290231,,0.9451965617599968,0.15977800134384604,0.2741208295761948,0.9999825954437256
default_wag,results/model_checkpoints/20260715_195803_seed1337_20005214_best_step1500.pt,1500,amazon_google_price_both,cross_source,exhaustive,169,432,title:identifier; description:text; manufacturer:identifier; price_text:categorical; price_numeric:text,title:text; description:text; manufacturer:text; price_text:text; price_numeric:numeric,290231,,0.6847482981600092,0.017101447769478924,0.07550335570469799,0.9996497631072998
default_wag,results/model_checkpoints/20260715_195803_seed1337_20005214_best_step1500.pt,1500,amazon_google_price_both,cross_source,exhaustive,170,432,title:identifier; description:text; manufacturer:identifier; price_text:categorical; price_numeric:identifier,title:text; description:text; manufacturer:text; price_text:text; price_numeric:numeric,290231,,0.6847482981600092,0.017101447769478924,0.07550335570469799,0.9996497631072998
default_wag,results/model_checkpoints/20260715_195803_seed1337_20005214_best_step1500.pt,1500,amazon_google_price_both,cross_source,exhaustive,171,432,title:identifier; description:text; manufacturer:identifier; price_text:categorical; price_numeric:categorical,title:text; description:text; manufacturer:text; price_text:text; price_numeric:numeric,290231,,0.6093088454012254,0.011931779898575488,0.06953892668178382,0.999818742275238
default_wag,results/model_checkpoints/20260715_195803_seed1337_20005214_best_step1500.pt,1500,amazon_google_price_both,cross_source,exhaustive,172,432,title:identifier; description:text; manufacturer:identifier; price_text:categorical; price_numeric:numeric,title:text; description:text; manufacturer:text; price_text:text; price_numeric:numeric,290231,,0.6450251485765449,0.023844771640892166,0.11083743842364532,0.99997878074646
default_wag,results/model_checkpoints/20260715_195803_seed1337_20005214_best_step1500.pt,1500,amazon_google_price_both,cross_source,exhaustive,173,432,title:identifier; description:text; manufacturer:identifier; price_text:numeric; price_numeric:text,title:text; description:text; manufacturer:text; price_text:text; price_numeric:numeric,290231,"ValueError(""could not convert string to float: '47.8 gbp'"")",,,,
default_wag,results/model_checkpoints/20260715_195803_seed1337_20005214_best_step1500.pt,1500,amazon_google_price_both,cross_source,exhaustive,174,432,title:identifier; description:text; manufacturer:identifier; price_text:numeric; price_numeric:identifier,title:text; description:text; manufacturer:text; price_text:text; price_numeric:numeric,290231,"ValueError(""could not convert string to float: '47.8 gbp'"")",,,,
default_wag,results/model_checkpoints/20260715_195803_seed1337_20005214_best_step1500.pt,1500,amazon_google_price_both,cross_source,exhaustive,175,432,title:identifier; description:text; manufacturer:identifier; price_text:numeric; price_numeric:categorical,title:text; description:text; manufacturer:text; price_text:text; price_numeric:numeric,290231,"ValueError(""could not convert string to float: '47.8 gbp'"")",,,,
default_wag,results/model_checkpoints/20260715_195803_seed1337_20005214_best_step1500.pt,1500,amazon_google_price_both,cross_source,exhaustive,176,432,title:identifier; description:text; manufacturer:identifier; price_text:numeric; price_numeric:numeric,title:text; description:text; manufacturer:text; price_text:text; price_numeric:numeric,290231,"ValueError(""could not convert string to float: '47.8 gbp'"")",,,,
default_wag,results/model_checkpoints/20260715_195803_seed1337_20005214_best_step1500.pt,1500,amazon_google_price_both,cross_source,exhaustive,177,432,title:identifier; description:text; manufacturer:categorical; price_text:text; price_numeric:text,title:text; description:text; manufacturer:text; price_text:text; price_numeric:numeric,290231,,0.7769628288693207,0.017486188173079526,0.06372881355932203,0.9990851879119873
default_wag,results/model_checkpoints/20260715_195803_seed1337_20005214_best_step1500.pt,1500,amazon_google_price_both,cross_source,exhaustive,178,432,title:identifier; description:text; manufacturer:categorical; price_text:text; price_numeric:identifier,title:text; description:text; manufacturer:text; price_text:text; price_numeric:numeric,290231,,0.7769628288693207,0.017486188173079526,0.06372881355932203,0.9990851879119873
default_wag,results/model_checkpoints/20260715_195803_seed1337_20005214_best_step1500.pt,1500,amazon_google_price_both,cross_source,exhaustive,179,432,title:identifier; description:text; manufacturer:categorical; price_text:text; price_numeric:categorical,title:text; description:text; manufacturer:text; price_text:text; price_numeric:numeric,290231,,0.6601893699897343,0.00930012610132789,0.04735883424408015,0.9980150461196899
default_wag,results/model_checkpoints/20260715_195803_seed1337_20005214_best_step1500.pt,1500,amazon_google_price_both,cross_source,exhaustive,180,432,title:identifier; description:text; manufacturer:categorical; price_text:text; price_numeric:numeric,title:text; description:text; manufacturer:text; price_text:text; price_numeric:numeric,290231,,0.6640543542353408,0.008330951280154129,0.04798464491362764,0.9999791383743286
default_wag,results/model_checkpoints/20260715_195803_seed1337_20005214_best_step1500.pt,1500,amazon_google_price_both,cross_source,exhaustive,181,432,title:identifier; description:text; manufacturer:categorical; price_text:identifier; price_numeric:text,title:text; description:text; manufacturer:text; price_text:text; price_numeric:numeric,290231,,0.7769628288693207,0.017486188173079526,0.06372881355932203,0.9990851879119873
default_wag,results/model_checkpoints/20260715_195803_seed1337_20005214_best_step1500.pt,1500,amazon_google_price_both,cross_source,exhaustive,182,432,title:identifier; description:text; manufacturer:categorical; price_text:identifier; price_numeric:identifier,title:text; description:text; manufacturer:text; price_text:text; price_numeric:numeric,290231,,0.7769628288693207,0.017486188173079526,0.06372881355932203,0.9990851879119873
default_wag,results/model_checkpoints/20260715_195803_seed1337_20005214_best_step1500.pt,1500,amazon_google_price_both,cross_source,exhaustive,183,432,title:identifier; description:text; manufacturer:categorical; price_text:identifier; price_numeric:categorical,title:text; description:text; manufacturer:text; price_text:text; price_numeric:numeric,290231,,0.6601893699897343,0.00930012610132789,0.04735883424408015,0.9980150461196899
default_wag,results/model_checkpoints/20260715_195803_seed1337_20005214_best_step1500.pt,1500,amazon_google_price_both,cross_source,exhaustive,184,432,title:identifier; description:text; manufacturer:categorical; price_text:identifier; price_numeric:numeric,title:text; description:text; manufacturer:text; price_text:text; price_numeric:numeric,290231,,0.6640543839976742,0.008330969911292577,0.04798464491362764,0.9999791383743286
default_wag,results/model_checkpoints/20260715_195803_seed1337_20005214_best_step1500.pt,1500,amazon_google_price_both,cross_source,exhaustive,185,432,title:identifier; description:text; manufacturer:categorical; price_text:categorical; price_numeric:text,title:text; description:text; manufacturer:text; price_text:text; price_numeric:numeric,290231,,0.6622913615779467,0.009426565506093967,0.047315741583257506,0.9979603290557861
default_wag,results/model_checkpoints/20260715_195803_seed1337_20005214_best_step1500.pt,1500,amazon_google_price_both,cross_source,exhaustive,186,432,title:identifier; description:text; manufacturer:categorical; price_text:categorical; price_numeric:identifier,title:text; description:text; manufacturer:text; price_text:text; price_numeric:numeric,290231,,0.6622913615779467,0.009426565506093967,0.047315741583257506,0.9979603290557861
default_wag,results/model_checkpoints/20260715_195803_seed1337_20005214_best_step1500.pt,1500,amazon_google_price_both,cross_source,exhaustive,187,432,title:identifier; description:text; manufacturer:categorical; price_text:categorical; price_numeric:categorical,title:text; description:text; manufacturer:text; price_text:text; price_numeric:numeric,290231,,0.5927750923554971,0.008310053103505258,0.04612850082372323,0.9990187883377075
default_wag,results/model_checkpoints/20260715_195803_seed1337_20005214_best_step1500.pt,1500,amazon_google_price_both,cross_source,exhaustive,188,432,title:identifier; description:text; manufacturer:categorical; price_text:categorical; price_numeric:numeric,title:text; description:text; manufacturer:text; price_text:text; price_numeric:numeric,290231,,0.6093821321711896,0.006802884108790794,0.03885003885003885,0.9997766613960266
default_wag,results/model_checkpoints/20260715_195803_seed1337_20005214_best_step1500.pt,1500,amazon_google_price_both,cross_source,exhaustive,189,432,title:identifier; description:text; manufacturer:categorical; price_text:numeric; price_numeric:text,title:text; description:text; manufacturer:text; price_text:text; price_numeric:numeric,290231,"ValueError(""could not convert string to float: '47.8 gbp'"")",,,,
default_wag,results/model_checkpoints/20260715_195803_seed1337_20005214_best_step1500.pt,1500,amazon_google_price_both,cross_source,exhaustive,190,432,title:identifier; description:text; manufacturer:categorical; price_text:numeric; price_numeric:identifier,title:text; description:text; manufacturer:text; price_text:text; price_numeric:numeric,290231,"ValueError(""could not convert string to float: '47.8 gbp'"")",,,,
default_wag,results/model_checkpoints/20260715_195803_seed1337_20005214_best_step1500.pt,1500,amazon_google_price_both,cross_source,exhaustive,191,432,title:identifier; description:text; manufacturer:categorical; price_text:numeric; price_numeric:categorical,title:text; description:text; manufacturer:text; price_text:text; price_numeric:numeric,290231,"ValueError(""could not convert string to float: '47.8 gbp'"")",,,,
default_wag,results/model_checkpoints/20260715_195803_seed1337_20005214_best_step1500.pt,1500,amazon_google_price_both,cross_source,exhaustive,192,432,title:identifier; description:text; manufacturer:categorical; price_text:numeric; price_numeric:numeric,title:text; description:text; manufacturer:text; price_text:text; price_numeric:numeric,290231,"ValueError(""could not convert string to float: '47.8 gbp'"")",,,,
default_wag,results/model_checkpoints/20260715_195803_seed1337_20005214_best_step1500.pt,1500,amazon_google_price_both,cross_source,exhaustive,193,432,title:identifier; description:identifier; manufacturer:text; price_text:text; price_numeric:text,title:text; description:text; manufacturer:text; price_text:text; price_numeric:numeric,290231,,0.9085680579446441,0.10410291094007203,0.2075654704170708,0.9997079968452454
default_wag,results/model_checkpoints/20260715_195803_seed1337_20005214_best_step1500.pt,1500,amazon_google_price_both,cross_source,exhaustive,194,432,title:identifier; description:identifier; manufacturer:text; price_text:text; price_numeric:identifier,title:text; description:text; manufacturer:text; price_text:text; price_numeric:numeric,290231,,0.9085680579446441,0.10410291094007203,0.2075654704170708,0.9997079968452454
default_wag,results/model_checkpoints/20260715_195803_seed1337_20005214_best_step1500.pt,1500,amazon_google_price_both,cross_source,exhaustive,195,432,title:identifier; description:identifier; manufacturer:text; price_text:text; price_numeric:categorical,title:text; description:text; manufacturer:text; price_text:text; price_numeric:numeric,290231,,0.6818919326099816,0.016811503437083174,0.07339449541284403,0.99965500831604
default_wag,results/model_checkpoints/20260715_195803_seed1337_20005214_best_step1500.pt,1500,amazon_google_price_both,cross_source,exhaustive,196,432,title:identifier; description:identifier; manufacturer:text; price_text:text; price_numeric:numeric,title:text; description:text; manufacturer:text; price_text:text; price_numeric:numeric,290231,,0.9451965736649302,0.1597782725188842,0.2741208295761948,0.9999825954437256
default_wag,results/model_checkpoints/20260715_195803_seed1337_20005214_best_step1500.pt,1500,amazon_google_price_both,cross_source,exhaustive,197,432,title:identifier; description:identifier; manufacturer:text; price_text:identifier; price_numeric:text,title:text; description:text; manufacturer:text; price_text:text; price_numeric:numeric,290231,,0.9085680579446441,0.10410291094007203,0.2075654704170708,0.9997079968452454
default_wag,results/model_checkpoints/20260715_195803_seed1337_20005214_best_step1500.pt,1500,amazon_google_price_both,cross_source,exhaustive,198,432,title:identifier; description:identifier; manufacturer:text; price_text:identifier; price_numeric:identifier,title:text; description:text; manufacturer:text; price_text:text; price_numeric:numeric,290231,,0.9085680579446441,0.10410291094007203,0.2075654704170708,0.9997079968452454
default_wag,results/model_checkpoints/20260715_195803_seed1337_20005214_best_step1500.pt,1500,amazon_google_price_both,cross_source,exhaustive,199,432,title:identifier; description:identifier; manufacturer:text; price_text:identifier; price_numeric:categorical,title:text; description:text; manufacturer:text; price_text:text; price_numeric:numeric,290231,,0.6818919326099816,0.016811503437083174,0.07339449541284403,0.99965500831604
default_wag,results/model_checkpoints/20260715_195803_seed1337_20005214_best_step1500.pt,1500,amazon_google_price_both,cross_source,exhaustive,200,432,title:identifier; description:identifier; manufacturer:text; price_text:identifier; price_numeric:numeric,title:text; description:text; manufacturer:text; price_text:text; price_numeric:numeric,290231,,0.94519653795013,0.1597778670696776,0.2741208295761948,0.9999825954437256
default_wag,results/model_checkpoints/20260715_195803_seed1337_20005214_best_step1500.pt,1500,amazon_google_price_both,cross_source,exhaustive,201,432,title:identifier; description:identifier; manufacturer:text; price_text:categorical; price_numeric:text,title:text; description:text; manufacturer:text; price_text:text; price_numeric:numeric,290231,,0.6847482981600092,0.017101447769478924,0.07550335570469799,0.9996497631072998
default_wag,results/model_checkpoints/20260715_195803_seed1337_20005214_best_step1500.pt,1500,amazon_google_price_both,cross_source,exhaustive,202,432,title:identifier; description:identifier; manufacturer:text; price_text:categorical; price_numeric:identifier,title:text; description:text; manufacturer:text; price_text:text; price_numeric:numeric,290231,,0.6847482981600092,0.017101447769478924,0.07550335570469799,0.9996497631072998
default_wag,results/model_checkpoints/20260715_195803_seed1337_20005214_best_step1500.pt,1500,amazon_google_price_both,cross_source,exhaustive,203,432,title:identifier; description:identifier; manufacturer:text; price_text:categorical; price_numeric:categorical,title:text; description:text; manufacturer:text; price_text:text; price_numeric:numeric,290231,,0.6093088454012254,0.011931779898575488,0.06953892668178382,0.999818742275238
default_wag,results/model_checkpoints/20260715_195803_seed1337_20005214_best_step1500.pt,1500,amazon_google_price_both,cross_source,exhaustive,204,432,title:identifier; description:identifier; manufacturer:text; price_text:categorical; price_numeric:numeric,title:text; description:text; manufacturer:text; price_text:text; price_numeric:numeric,290231,,0.6450251217904448,0.02384477270092647,0.11083743842364532,0.99997878074646
default_wag,results/model_checkpoints/20260715_195803_seed1337_20005214_best_step1500.pt,1500,amazon_google_price_both,cross_source,exhaustive,205,432,title:identifier; description:identifier; manufacturer:text; price_text:numeric; price_numeric:text,title:text; description:text; manufacturer:text; price_text:text; price_numeric:numeric,290231,"ValueError(""could not convert string to float: '47.8 gbp'"")",,,,
default_wag,results/model_checkpoints/20260715_195803_seed1337_20005214_best_step1500.pt,1500,amazon_google_price_both,cross_source,exhaustive,206,432,title:identifier; description:identifier; manufacturer:text; price_text:numeric; price_numeric:identifier,title:text; description:text; manufacturer:text; price_text:text; price_numeric:numeric,290231,"ValueError(""could not convert string to float: '47.8 gbp'"")",,,,
default_wag,results/model_checkpoints/20260715_195803_seed1337_20005214_best_step1500.pt,1500,amazon_google_price_both,cross_source,exhaustive,207,432,title:identifier; description:identifier; manufacturer:text; price_text:numeric; price_numeric:categorical,title:text; description:text; manufacturer:text; price_text:text; price_numeric:numeric,290231,"ValueError(""could not convert string to float: '47.8 gbp'"")",,,,
default_wag,results/model_checkpoints/20260715_195803_seed1337_20005214_best_step1500.pt,1500,amazon_google_price_both,cross_source,exhaustive,208,432,title:identifier; description:identifier; manufacturer:text; price_text:numeric; price_numeric:numeric,title:text; description:text; manufacturer:text; price_text:text; price_numeric:numeric,290231,"ValueError(""could not convert string to float: '47.8 gbp'"")",,,,
default_wag,results/model_checkpoints/20260715_195803_seed1337_20005214_best_step1500.pt,1500,amazon_google_price_both,cross_source,exhaustive,209,432,title:identifier; description:identifier; manufacturer:identifier; price_text:text; price_numeric:text,title:text; description:text; manufacturer:text; price_text:text; price_numeric:numeric,290231,,0.9085680579446441,0.10410291094007203,0.2075654704170708,0.9997079968452454
default_wag,results/model_checkpoints/20260715_195803_seed1337_20005214_best_step1500.pt,1500,amazon_google_price_both,cross_source,exhaustive,210,432,title:identifier; description:identifier; manufacturer:identifier; price_text:text; price_numeric:identifier,title:text; description:text; manufacturer:text; price_text:text; price_numeric:numeric,290231,,0.9085680579446441,0.10410291094007203,0.2075654704170708,0.9997079968452454
default_wag,results/model_checkpoints/20260715_195803_seed1337_20005214_best_step1500.pt,1500,amazon_google_price_both,cross_source,exhaustive,211,432,title:identifier; description:identifier; manufacturer:identifier; price_text:text; price_numeric:categorical,title:text; description:text; manufacturer:text; price_text:text; price_numeric:numeric,290231,,0.6818919326099816,0.016811503437083174,0.07339449541284403,0.99965500831604
default_wag,results/model_checkpoints/20260715_195803_seed1337_20005214_best_step1500.pt,1500,amazon_google_price_both,cross_source,exhaustive,212,432,title:identifier; description:identifier; manufacturer:identifier; price_text:text; price_numeric:numeric,title:text; description:text; manufacturer:text; price_text:text; price_numeric:numeric,290231,,0.9451965677124634,0.15977819538529697,0.2741208295761948,0.9999825954437256
default_wag,results/model_checkpoints/20260715_195803_seed1337_20005214_best_step1500.pt,1500,amazon_google_price_both,cross_source,exhaustive,213,432,title:identifier; description:identifier; manufacturer:identifier; price_text:identifier; price_numeric:text,title:text; description:text; manufacturer:text; price_text:text; price_numeric:numeric,290231,,0.9085680579446441,0.10410291094007203,0.2075654704170708,0.9997079968452454
default_wag,results/model_checkpoints/20260715_195803_seed1337_20005214_best_step1500.pt,1500,amazon_google_price_both,cross_source,exhaustive,214,432,title:identifier; description:identifier; manufacturer:identifier; price_text:identifier; price_numeric:identifier,title:text; description:text; manufacturer:text; price_text:text; price_numeric:numeric,290231,,0.9085680579446441,0.10410291094007203,0.2075654704170708,0.9997079968452454
default_wag,results/model_checkpoints/20260715_195803_seed1337_20005214_best_step1500.pt,1500,amazon_google_price_both,cross_source,exhaustive,215,432,title:identifier; description:identifier; manufacturer:identifier; price_text:identifier; price_numeric:categorical,title:text; description:text; manufacturer:text; price_text:text; price_numeric:numeric,290231,,0.6818919326099816,0.016811503437083174,0.07339449541284403,0.99965500831604
default_wag,results/model_checkpoints/20260715_195803_seed1337_20005214_best_step1500.pt,1500,amazon_google_price_both,cross_source,exhaustive,216,432,title:identifier; description:identifier; manufacturer:identifier; price_text:identifier; price_numeric:numeric,title:text; description:text; manufacturer:text; price_text:text; price_numeric:numeric,290231,,0.9451965855698636,0.15977801942323408,0.2741208295761948,0.9999825954437256
default_wag,results/model_checkpoints/20260715_195803_seed1337_20005214_best_step1500.pt,1500,amazon_google_price_both,cross_source,exhaustive,217,432,title:identifier; description:identifier; manufacturer:identifier; price_text:categorical; price_numeric:text,title:text; description:text; manufacturer:text; price_text:text; price_numeric:numeric,290231,,0.6847482981600092,0.017101447769478924,0.07550335570469799,0.9996497631072998
default_wag,results/model_checkpoints/20260715_195803_seed1337_20005214_best_step1500.pt,1500,amazon_google_price_both,cross_source,exhaustive,218,432,title:identifier; description:identifier; manufacturer:identifier; price_text:categorical; price_numeric:identifier,title:text; description:text; manufacturer:text; price_text:text; price_numeric:numeric,290231,,0.6847482981600092,0.017101447769478924,0.07550335570469799,0.9996497631072998
default_wag,results/model_checkpoints/20260715_195803_seed1337_20005214_best_step1500.pt,1500,amazon_google_price_both,cross_source,exhaustive,219,432,title:identifier; description:identifier; manufacturer:identifier; price_text:categorical; price_numeric:categorical,title:text; description:text; manufacturer:text; price_text:text; price_numeric:numeric,290231,,0.6093088454012254,0.011931779898575488,0.06953892668178382,0.999818742275238
default_wag,results/model_checkpoints/20260715_195803_seed1337_20005214_best_step1500.pt,1500,amazon_google_price_both,cross_source,exhaustive,220,432,title:identifier; description:identifier; manufacturer:identifier; price_text:categorical; price_numeric:numeric,title:text; description:text; manufacturer:text; price_text:text; price_numeric:numeric,290231,,0.6450251426240783,0.02384477429189674,0.11083743842364532,0.99997878074646
default_wag,results/model_checkpoints/20260715_195803_seed1337_20005214_best_step1500.pt,1500,amazon_google_price_both,cross_source,exhaustive,221,432,title:identifier; description:identifier; manufacturer:identifier; price_text:numeric; price_numeric:text,title:text; description:text; manufacturer:text; price_text:text; price_numeric:numeric,290231,"ValueError(""could not convert string to float: '47.8 gbp'"")",,,,
default_wag,results/model_checkpoints/20260715_195803_seed1337_20005214_best_step1500.pt,1500,amazon_google_price_both,cross_source,exhaustive,222,432,title:identifier; description:identifier; manufacturer:identifier; price_text:numeric; price_numeric:identifier,title:text; description:text; manufacturer:text; price_text:text; price_numeric:numeric,290231,"ValueError(""could not convert string to float: '47.8 gbp'"")",,,,
default_wag,results/model_checkpoints/20260715_195803_seed1337_20005214_best_step1500.pt,1500,amazon_google_price_both,cross_source,exhaustive,223,432,title:identifier; description:identifier; manufacturer:identifier; price_text:numeric; price_numeric:categorical,title:text; description:text; manufacturer:text; price_text:text; price_numeric:numeric,290231,"ValueError(""could not convert string to float: '47.8 gbp'"")",,,,
default_wag,results/model_checkpoints/20260715_195803_seed1337_20005214_best_step1500.pt,1500,amazon_google_price_both,cross_source,exhaustive,224,432,title:identifier; description:identifier; manufacturer:identifier; price_text:numeric; price_numeric:numeric,title:text; description:text; manufacturer:text; price_text:text; price_numeric:numeric,290231,"ValueError(""could not convert string to float: '47.8 gbp'"")",,,,
default_wag,results/model_checkpoints/20260715_195803_seed1337_20005214_best_step1500.pt,1500,amazon_google_price_both,cross_source,exhaustive,225,432,title:identifier; description:identifier; manufacturer:categorical; price_text:text; price_numeric:text,title:text; description:text; manufacturer:text; price_text:text; price_numeric:numeric,290231,,0.7769628288693207,0.017486188173079526,0.06372881355932203,0.9990851879119873
default_wag,results/model_checkpoints/20260715_195803_seed1337_20005214_best_step1500.pt,1500,amazon_google_price_both,cross_source,exhaustive,226,432,title:identifier; description:identifier; manufacturer:categorical; price_text:text; price_numeric:identifier,title:text; description:text; manufacturer:text; price_text:text; price_numeric:numeric,290231,,0.7769628288693207,0.017486188173079526,0.06372881355932203,0.9990851879119873
default_wag,results/model_checkpoints/20260715_195803_seed1337_20005214_best_step1500.pt,1500,amazon_google_price_both,cross_source,exhaustive,227,432,title:identifier; description:identifier; manufacturer:categorical; price_text:text; price_numeric:categorical,title:text; description:text; manufacturer:text; price_text:text; price_numeric:numeric,290231,,0.6601893699897343,0.00930012610132789,0.04735883424408015,0.9980150461196899
default_wag,results/model_checkpoints/20260715_195803_seed1337_20005214_best_step1500.pt,1500,amazon_google_price_both,cross_source,exhaustive,228,432,title:identifier; description:identifier; manufacturer:categorical; price_text:text; price_numeric:numeric,title:text; description:text; manufacturer:text; price_text:text; price_numeric:numeric,290231,,0.6640544048313077,0.008330951456227947,0.04798464491362764,0.9999791383743286
default_wag,results/model_checkpoints/20260715_195803_seed1337_20005214_best_step1500.pt,1500,amazon_google_price_both,cross_source,exhaustive,229,432,title:identifier; description:identifier; manufacturer:categorical; price_text:identifier; price_numeric:text,title:text; description:text; manufacturer:text; price_text:text; price_numeric:numeric,290231,,0.7769628288693207,0.017486188173079526,0.06372881355932203,0.9990851879119873
default_wag,results/model_checkpoints/20260715_195803_seed1337_20005214_best_step1500.pt,1500,amazon_google_price_both,cross_source,exhaustive,230,432,title:identifier; description:identifier; manufacturer:categorical; price_text:identifier; price_numeric:identifier,title:text; description:text; manufacturer:text; price_text:text; price_numeric:numeric,290231,,0.7769628288693207,0.017486188173079526,0.06372881355932203,0.9990851879119873
default_wag,results/model_checkpoints/20260715_195803_seed1337_20005214_best_step1500.pt,1500,amazon_google_price_both,cross_source,exhaustive,231,432,title:identifier; description:identifier; manufacturer:categorical; price_text:identifier; price_numeric:categorical,title:text; description:text; manufacturer:text; price_text:text; price_numeric:numeric,290231,,0.6601893699897343,0.00930012610132789,0.04735883424408015,0.9980150461196899
default_wag,results/model_checkpoints/20260715_195803_seed1337_20005214_best_step1500.pt,1500,amazon_google_price_both,cross_source,exhaustive,232,432,title:identifier; description:identifier; manufacturer:categorical; price_text:identifier; price_numeric:numeric,title:text; description:text; manufacturer:text; price_text:text; price_numeric:numeric,290231,,0.6640544107837744,0.008330952099437142,0.04798464491362764,0.9999791383743286
default_wag,results/model_checkpoints/20260715_195803_seed1337_20005214_best_step1500.pt,1500,amazon_google_price_both,cross_source,exhaustive,233,432,title:identifier; description:identifier; manufacturer:categorical; price_text:categorical; price_numeric:text,title:text; description:text; manufacturer:text; price_text:text; price_numeric:numeric,290231,,0.6622913615779467,0.009426565506093967,0.047315741583257506,0.9979603290557861
default_wag,results/model_checkpoints/20260715_195803_seed1337_20005214_best_step1500.pt,1500,amazon_google_price_both,cross_source,exhaustive,234,432,title:identifier; description:identifier; manufacturer:categorical; price_text:categorical; price_numeric:identifier,title:text; description:text; manufacturer:text; price_text:text; price_numeric:numeric,290231,,0.6622913615779467,0.009426565506093967,0.047315741583257506,0.9979603290557861
default_wag,results/model_checkpoints/20260715_195803_seed1337_20005214_best_step1500.pt,1500,amazon_google_price_both,cross_source,exhaustive,235,432,title:identifier; description:identifier; manufacturer:categorical; price_text:categorical; price_numeric:categorical,title:text; description:text; manufacturer:text; price_text:text; price_numeric:numeric,290231,,0.5927750923554971,0.008310053103505258,0.04612850082372323,0.9990187883377075
default_wag,results/model_checkpoints/20260715_195803_seed1337_20005214_best_step1500.pt,1500,amazon_google_price_both,cross_source,exhaustive,236,432,title:identifier; description:identifier; manufacturer:categorical; price_text:categorical; price_numeric:numeric,title:text; description:text; manufacturer:text; price_text:text; price_numeric:numeric,290231,,0.6093821500285898,0.0068028845561387535,0.03885003885003885,0.9997766613960266
default_wag,results/model_checkpoints/20260715_195803_seed1337_20005214_best_step1500.pt,1500,amazon_google_price_both,cross_source,exhaustive,237,432,title:identifier; description:identifier; manufacturer:categorical; price_text:numeric; price_numeric:text,title:text; description:text; manufacturer:text; price_text:text; price_numeric:numeric,290231,"ValueError(""could not convert string to float: '47.8 gbp'"")",,,,
default_wag,results/model_checkpoints/20260715_195803_seed1337_20005214_best_step1500.pt,1500,amazon_google_price_both,cross_source,exhaustive,238,432,title:identifier; description:identifier; manufacturer:categorical; price_text:numeric; price_numeric:identifier,title:text; description:text; manufacturer:text; price_text:text; price_numeric:numeric,290231,"ValueError(""could not convert string to float: '47.8 gbp'"")",,,,
default_wag,results/model_checkpoints/20260715_195803_seed1337_20005214_best_step1500.pt,1500,amazon_google_price_both,cross_source,exhaustive,239,432,title:identifier; description:identifier; manufacturer:categorical; price_text:numeric; price_numeric:categorical,title:text; description:text; manufacturer:text; price_text:text; price_numeric:numeric,290231,"ValueError(""could not convert string to float: '47.8 gbp'"")",,,,
default_wag,results/model_checkpoints/20260715_195803_seed1337_20005214_best_step1500.pt,1500,amazon_google_price_both,cross_source,exhaustive,240,432,title:identifier; description:identifier; manufacturer:categorical; price_text:numeric; price_numeric:numeric,title:text; description:text; manufacturer:text; price_text:text; price_numeric:numeric,290231,"ValueError(""could not convert string to float: '47.8 gbp'"")",,,,
default_wag,results/model_checkpoints/20260715_195803_seed1337_20005214_best_step1500.pt,1500,amazon_google_price_both,cross_source,exhaustive,241,432,title:identifier; description:categorical; manufacturer:text; price_text:text; price_numeric:text,title:text; description:text; manufacturer:text; price_text:text; price_numeric:numeric,290231,,0.6347542565791722,0.03991701865506577,0.12052401746724892,0.9995664954185486
default_wag,results/model_checkpoints/20260715_195803_seed1337_20005214_best_step1500.pt,1500,amazon_google_price_both,cross_source,exhaustive,242,432,title:identifier; description:categorical; manufacturer:text; price_text:text; price_numeric:identifier,title:text; description:text; manufacturer:text; price_text:text; price_numeric:numeric,290231,,0.6347542565791722,0.03991701865506577,0.12052401746724892,0.9995664954185486
default_wag,results/model_checkpoints/20260715_195803_seed1337_20005214_best_step1500.pt,1500,amazon_google_price_both,cross_source,exhaustive,243,432,title:identifier; description:categorical; manufacturer:text; price_text:text; price_numeric:categorical,title:text; description:text; manufacturer:text; price_text:text; price_numeric:numeric,290231,,0.5908275672780524,0.010318577738064301,0.0469208211143695,0.9996523857116699
default_wag,results/model_checkpoints/20260715_195803_seed1337_20005214_best_step1500.pt,1500,amazon_google_price_both,cross_source,exhaustive,244,432,title:identifier; description:categorical; manufacturer:text; price_text:text; price_numeric:numeric,title:text; description:text; manufacturer:text; price_text:text; price_numeric:numeric,290231,,0.6174511025694537,0.06441558397509115,0.16828478964401294,0.999980092048645
default_wag,results/model_checkpoints/20260715_195803_seed1337_20005214_best_step1500.pt,1500,amazon_google_price_both,cross_source,exhaustive,245,432,title:identifier; description:categorical; manufacturer:text; price_text:identifier; price_numeric:text,title:text; description:text; manufacturer:text; price_text:text; price_numeric:numeric,290231,,0.6347542565791722,0.03991701865506577,0.12052401746724892,0.9995664954185486
default_wag,results/model_checkpoints/20260715_195803_seed1337_20005214_best_step1500.pt,1500,amazon_google_price_both,cross_source,exhaustive,246,432,title:identifier; description:categorical; manufacturer:text; price_text:identifier; price_numeric:identifier,title:text; description:text; manufacturer:text; price_text:text; price_numeric:numeric,290231,,0.6347542565791722,0.03991701865506577,0.12052401746724892,0.9995664954185486
default_wag,results/model_checkpoints/20260715_195803_seed1337_20005214_best_step1500.pt,1500,amazon_google_price_both,cross_source,exhaustive,247,432,title:identifier; description:categorical; manufacturer:text; price_text:identifier; price_numeric:categorical,title:text; description:text; manufacturer:text; price_text:text; price_numeric:numeric,290231,,0.5908275672780524,0.010318577738064301,0.0469208211143695,0.9996523857116699
default_wag,results/model_checkpoints/20260715_195803_seed1337_20005214_best_step1500.pt,1500,amazon_google_price_both,cross_source,exhaustive,248,432,title:identifier; description:categorical; manufacturer:text; price_text:identifier; price_numeric:numeric,title:text; description:text; manufacturer:text; price_text:text; price_numeric:numeric,290231,,0.6174511323317871,0.06441558407530526,0.16828478964401294,0.999980092048645
default_wag,results/model_checkpoints/20260715_195803_seed1337_20005214_best_step1500.pt,1500,amazon_google_price_both,cross_source,exhaustive,249,432,title:identifier; description:categorical; manufacturer:text; price_text:categorical; price_numeric:text,title:text; description:text; manufacturer:text; price_text:text; price_numeric:numeric,290231,,0.5919159043838608,0.010379376674179675,0.04678362573099415,0.9996272325515747
default_wag,results/model_checkpoints/20260715_195803_seed1337_20005214_best_step1500.pt,1500,amazon_google_price_both,cross_source,exhaustive,250,432,title:identifier; description:categorical; manufacturer:text; price_text:categorical; price_numeric:identifier,title:text; description:text; manufacturer:text; price_text:text; price_numeric:numeric,290231,,0.5919159043838608,0.010379376674179675,0.04678362573099415,0.9996272325515747
default_wag,results/model_checkpoints/20260715_195803_seed1337_20005214_best_step1500.pt,1500,amazon_google_price_both,cross_source,exhaustive,251,432,title:identifier; description:categorical; manufacturer:text; price_text:categorical; price_numeric:categorical,title:text; description:text; manufacturer:text; price_text:text; price_numeric:numeric,290231,,0.5643398047757593,0.007474263408871901,0.04512820512820513,0.9999021291732788
default_wag,results/model_checkpoints/20260715_195803_seed1337_20005214_best_step1500.pt,1500,amazon_google_price_both,cross_source,exhaustive,252,432,title:identifier; description:categorical; manufacturer:text; price_text:categorical; price_numeric:numeric,title:text; description:text; manufacturer:text; price_text:text; price_numeric:numeric,290231,,0.578803596456568,0.012155371092922284,0.0598639455782313,0.9999817609786987
default_wag,results/model_checkpoints/20260715_195803_seed1337_20005214_best_step1500.pt,1500,amazon_google_price_both,cross_source,exhaustive,253,432,title:identifier; description:categorical; manufacturer:text; price_text:numeric; price_numeric:text,title:text; description:text; manufacturer:text; price_text:text; price_numeric:numeric,290231,"ValueError(""could not convert string to float: '47.8 gbp'"")",,,,
default_wag,results/model_checkpoints/20260715_195803_seed1337_20005214_best_step1500.pt,1500,amazon_google_price_both,cross_source,exhaustive,254,432,title:identifier; description:categorical; manufacturer:text; price_text:numeric; price_numeric:identifier,title:text; description:text; manufacturer:text; price_text:text; price_numeric:numeric,290231,"ValueError(""could not convert string to float: '47.8 gbp'"")",,,,
default_wag,results/model_checkpoints/20260715_195803_seed1337_20005214_best_step1500.pt,1500,amazon_google_price_both,cross_source,exhaustive,255,432,title:identifier; description:categorical; manufacturer:text; price_text:numeric; price_numeric:categorical,title:text; description:text; manufacturer:text; price_text:text; price_numeric:numeric,290231,"ValueError(""could not convert string to float: '47.8 gbp'"")",,,,
default_wag,results/model_checkpoints/20260715_195803_seed1337_20005214_best_step1500.pt,1500,amazon_google_price_both,cross_source,exhaustive,256,432,title:identifier; description:categorical; manufacturer:text; price_text:numeric; price_numeric:numeric,title:text; description:text; manufacturer:text; price_text:text; price_numeric:numeric,290231,"ValueError(""could not convert string to float: '47.8 gbp'"")",,,,
default_wag,results/model_checkpoints/20260715_195803_seed1337_20005214_best_step1500.pt,1500,amazon_google_price_both,cross_source,exhaustive,257,432,title:identifier; description:categorical; manufacturer:identifier; price_text:text; price_numeric:text,title:text; description:text; manufacturer:text; price_text:text; price_numeric:numeric,290231,,0.6347542565791722,0.03991701865506577,0.12052401746724892,0.9995664954185486
default_wag,results/model_checkpoints/20260715_195803_seed1337_20005214_best_step1500.pt,1500,amazon_google_price_both,cross_source,exhaustive,258,432,title:identifier; description:categorical; manufacturer:identifier; price_text:text; price_numeric:identifier,title:text; description:text; manufacturer:text; price_text:text; price_numeric:numeric,290231,,0.6347542565791722,0.03991701865506577,0.12052401746724892,0.9995664954185486
default_wag,results/model_checkpoints/20260715_195803_seed1337_20005214_best_step1500.pt,1500,amazon_google_price_both,cross_source,exhaustive,259,432,title:identifier; description:categorical; manufacturer:identifier; price_text:text; price_numeric:categorical,title:text; description:text; manufacturer:text; price_text:text; price_numeric:numeric,290231,,0.5908275672780524,0.010318577738064301,0.0469208211143695,0.9996523857116699
default_wag,results/model_checkpoints/20260715_195803_seed1337_20005214_best_step1500.pt,1500,amazon_google_price_both,cross_source,exhaustive,260,432,title:identifier; description:categorical; manufacturer:identifier; price_text:text; price_numeric:numeric,title:text; description:text; manufacturer:text; price_text:text; price_numeric:numeric,290231,,0.617451105545687,0.06441558408775089,0.16828478964401294,0.999980092048645
default_wag,results/model_checkpoints/20260715_195803_seed1337_20005214_best_step1500.pt,1500,amazon_google_price_both,cross_source,exhaustive,261,432,title:identifier; description:categorical; manufacturer:identifier; price_text:identifier; price_numeric:text,title:text; description:text; manufacturer:text; price_text:text; price_numeric:numeric,290231,,0.6347542565791722,0.03991701865506577,0.12052401746724892,0.9995664954185486
default_wag,results/model_checkpoints/20260715_195803_seed1337_20005214_best_step1500.pt,1500,amazon_google_price_both,cross_source,exhaustive,262,432,title:identifier; description:categorical; manufacturer:identifier; price_text:identifier; price_numeric:identifier,title:text; description:text; manufacturer:text; price_text:text; price_numeric:numeric,290231,,0.6347542565791722,0.03991701865506577,0.12052401746724892,0.9995664954185486
default_wag,results/model_checkpoints/20260715_195803_seed1337_20005214_best_step1500.pt,1500,amazon_google_price_both,cross_source,exhaustive,263,432,title:identifier; description:categorical; manufacturer:identifier; price_text:identifier; price_numeric:categorical,title:text; description:text; manufacturer:text; price_text:text; price_numeric:numeric,290231,,0.5908275672780524,0.010318577738064301,0.0469208211143695,0.9996523857116699
default_wag,results/model_checkpoints/20260715_195803_seed1337_20005214_best_step1500.pt,1500,amazon_google_price_both,cross_source,exhaustive,264,432,title:identifier; description:categorical; manufacturer:identifier; price_text:identifier; price_numeric:numeric,title:text; description:text; manufacturer:text; price_text:text; price_numeric:numeric,290231,,0.6174508198272856,0.06441556871024517,0.16828478964401294,0.999980092048645
default_wag,results/model_checkpoints/20260715_195803_seed1337_20005214_best_step1500.pt,1500,amazon_google_price_both,cross_source,exhaustive,265,432,title:identifier; description:categorical; manufacturer:identifier; price_text:categorical; price_numeric:text,title:text; description:text; manufacturer:text; price_text:text; price_numeric:numeric,290231,,0.5919159043838608,0.010379376674179675,0.04678362573099415,0.9996272325515747
default_wag,results/model_checkpoints/20260715_195803_seed1337_20005214_best_step1500.pt,1500,amazon_google_price_both,cross_source,exhaustive,266,432,title:identifier; description:categorical; manufacturer:identifier; price_text:categorical; price_numeric:identifier,title:text; description:text; manufacturer:text; price_text:text; price_numeric:numeric,290231,,0.5919159043838608,0.010379376674179675,0.04678362573099415,0.9996272325515747
default_wag,results/model_checkpoints/20260715_195803_seed1337_20005214_best_step1500.pt,1500,amazon_google_price_both,cross_source,exhaustive,267,432,title:identifier; description:categorical; manufacturer:identifier; price_text:categorical; price_numeric:categorical,title:text; description:text; manufacturer:text; price_text:text; price_numeric:numeric,290231,,0.5643398047757593,0.007474263408871901,0.04512820512820513,0.9999021291732788
default_wag,results/model_checkpoints/20260715_195803_seed1337_20005214_best_step1500.pt,1500,amazon_google_price_both,cross_source,exhaustive,268,432,title:identifier; description:categorical; manufacturer:identifier; price_text:categorical; price_numeric:numeric,title:text; description:text; manufacturer:text; price_text:text; price_numeric:numeric,290231,,0.5788035815754012,0.012155370521583587,0.0598639455782313,0.9999817609786987
default_wag,results/model_checkpoints/20260715_195803_seed1337_20005214_best_step1500.pt,1500,amazon_google_price_both,cross_source,exhaustive,269,432,title:identifier; description:categorical; manufacturer:identifier; price_text:numeric; price_numeric:text,title:text; description:text; manufacturer:text; price_text:text; price_numeric:numeric,290231,"ValueError(""could not convert string to float: '47.8 gbp'"")",,,,
default_wag,results/model_checkpoints/20260715_195803_seed1337_20005214_best_step1500.pt,1500,amazon_google_price_both,cross_source,exhaustive,270,432,title:identifier; description:categorical; manufacturer:identifier; price_text:numeric; price_numeric:identifier,title:text; description:text; manufacturer:text; price_text:text; price_numeric:numeric,290231,"ValueError(""could not convert string to float: '47.8 gbp'"")",,,,
default_wag,results/model_checkpoints/20260715_195803_seed1337_20005214_best_step1500.pt,1500,amazon_google_price_both,cross_source,exhaustive,271,432,title:identifier; description:categorical; manufacturer:identifier; price_text:numeric; price_numeric:categorical,title:text; description:text; manufacturer:text; price_text:text; price_numeric:numeric,290231,"ValueError(""could not convert string to float: '47.8 gbp'"")",,,,
default_wag,results/model_checkpoints/20260715_195803_seed1337_20005214_best_step1500.pt,1500,amazon_google_price_both,cross_source,exhaustive,272,432,title:identifier; description:categorical; manufacturer:identifier; price_text:numeric; price_numeric:numeric,title:text; description:text; manufacturer:text; price_text:text; price_numeric:numeric,290231,"ValueError(""could not convert string to float: '47.8 gbp'"")",,,,
default_wag,results/model_checkpoints/20260715_195803_seed1337_20005214_best_step1500.pt,1500,amazon_google_price_both,cross_source,exhaustive,273,432,title:identifier; description:categorical; manufacturer:categorical; price_text:text; price_numeric:text,title:text; description:text; manufacturer:text; price_text:text; price_numeric:numeric,290231,,0.6109985542648888,0.007937872574244248,0.036281179138321996,0.9988051652908325
default_wag,results/model_checkpoints/20260715_195803_seed1337_20005214_best_step1500.pt,1500,amazon_google_price_both,cross_source,exhaustive,274,432,title:identifier; description:categorical; manufacturer:categorical; price_text:text; price_numeric:identifier,title:text; description:text; manufacturer:text; price_text:text; price_numeric:numeric,290231,,0.6109985542648888,0.007937872574244248,0.036281179138321996,0.9988051652908325
default_wag,results/model_checkpoints/20260715_195803_seed1337_20005214_best_step1500.pt,1500,amazon_google_price_both,cross_source,exhaustive,275,432,title:identifier; description:categorical; manufacturer:categorical; price_text:text; price_numeric:categorical,title:text; description:text; manufacturer:text; price_text:text; price_numeric:numeric,290231,,0.5845749623298145,0.005043242915258225,0.029748283752860417,0.9985357522964478
default_wag,results/model_checkpoints/20260715_195803_seed1337_20005214_best_step1500.pt,1500,amazon_google_price_both,cross_source,exhaustive,276,432,title:identifier; description:categorical; manufacturer:categorical; price_text:text; price_numeric:numeric,title:text; description:text; manufacturer:text; price_text:text; price_numeric:numeric,290231,,0.573356512040233,0.005102360253596171,0.030800821355236145,0.9999806880950928
default_wag,results/model_checkpoints/20260715_195803_seed1337_20005214_best_step1500.pt,1500,amazon_google_price_both,cross_source,exhaustive,277,432,title:identifier; description:categorical; manufacturer:categorical; price_text:identifier; price_numeric:text,title:text; description:text; manufacturer:text; price_text:text; price_numeric:numeric,290231,,0.6109985542648888,0.007937872574244248,0.036281179138321996,0.9988051652908325
default_wag,results/model_checkpoints/20260715_195803_seed1337_20005214_best_step1500.pt,1500,amazon_google_price_both,cross_source,exhaustive,278,432,title:identifier; description:categorical; manufacturer:categorical; price_text:identifier; price_numeric:identifier,title:text; description:text; manufacturer:text; price_text:text; price_numeric:numeric,290231,,0.6109985542648888,0.007937872574244248,0.036281179138321996,0.9988051652908325
default_wag,results/model_checkpoints/20260715_195803_seed1337_20005214_best_step1500.pt,1500,amazon_google_price_both,cross_source,exhaustive,279,432,title:identifier; description:categorical; manufacturer:categorical; price_text:identifier; price_numeric:categorical,title:text; description:text; manufacturer:text; price_text:text; price_numeric:numeric,290231,,0.5845749623298145,0.005043242915258225,0.029748283752860417,0.9985357522964478
default_wag,results/model_checkpoints/20260715_195803_seed1337_20005214_best_step1500.pt,1500,amazon_google_price_both,cross_source,exhaustive,280,432,title:identifier; description:categorical; manufacturer:categorical; price_text:identifier; price_numeric:numeric,title:text; description:text; manufacturer:text; price_text:text; price_numeric:numeric,290231,,0.5733565269213997,0.005102360632092426,0.030800821355236145,0.9999806880950928
default_wag,results/model_checkpoints/20260715_195803_seed1337_20005214_best_step1500.pt,1500,amazon_google_price_both,cross_source,exhaustive,281,432,title:identifier; description:categorical; manufacturer:categorical; price_text:categorical; price_numeric:text,title:text; description:text; manufacturer:text; price_text:text; price_numeric:numeric,290231,,0.5854337782722823,0.0050637283183308365,0.0297029702970297,0.9959887862205505
default_wag,results/model_checkpoints/20260715_195803_seed1337_20005214_best_step1500.pt,1500,amazon_google_price_both,cross_source,exhaustive,282,432,title:identifier; description:categorical; manufacturer:categorical; price_text:categorical; price_numeric:identifier,title:text; description:text; manufacturer:text; price_text:text; price_numeric:numeric,290231,,0.5854337782722823,0.0050637283183308365,0.0297029702970297,0.9959887862205505
default_wag,results/model_checkpoints/20260715_195803_seed1337_20005214_best_step1500.pt,1500,amazon_google_price_both,cross_source,exhaustive,283,432,title:identifier; description:categorical; manufacturer:categorical; price_text:categorical; price_numeric:categorical,title:text; description:text; manufacturer:text; price_text:text; price_numeric:numeric,290231,,0.5554317181235586,0.004959964730064622,0.034292712798530314,0.9766805768013
default_wag,results/model_checkpoints/20260715_195803_seed1337_20005214_best_step1500.pt,1500,amazon_google_price_both,cross_source,exhaustive,284,432,title:identifier; description:categorical; manufacturer:categorical; price_text:categorical; price_numeric:numeric,title:text; description:text; manufacturer:text; price_text:text; price_numeric:numeric,290231,,0.5622047889023163,0.004164398835815451,0.026554013277006638,0.9988679885864258
default_wag,results/model_checkpoints/20260715_195803_seed1337_20005214_best_step1500.pt,1500,amazon_google_price_both,cross_source,exhaustive,285,432,title:identifier; description:categorical; manufacturer:categorical; price_text:numeric; price_numeric:text,title:text; description:text; manufacturer:text; price_text:text; price_numeric:numeric,290231,"ValueError(""could not convert string to float: '47.8 gbp'"")",,,,
default_wag,results/model_checkpoints/20260715_195803_seed1337_20005214_best_step1500.pt,1500,amazon_google_price_both,cross_source,exhaustive,286,432,title:identifier; description:categorical; manufacturer:categorical; price_text:numeric; price_numeric:identifier,title:text; description:text; manufacturer:text; price_text:text; price_numeric:numeric,290231,"ValueError(""could not convert string to float: '47.8 gbp'"")",,,,
default_wag,results/model_checkpoints/20260715_195803_seed1337_20005214_best_step1500.pt,1500,amazon_google_price_both,cross_source,exhaustive,287,432,title:identifier; description:categorical; manufacturer:categorical; price_text:numeric; price_numeric:categorical,title:text; description:text; manufacturer:text; price_text:text; price_numeric:numeric,290231,"ValueError(""could not convert string to float: '47.8 gbp'"")",,,,
default_wag,results/model_checkpoints/20260715_195803_seed1337_20005214_best_step1500.pt,1500,amazon_google_price_both,cross_source,exhaustive,288,432,title:identifier; description:categorical; manufacturer:categorical; price_text:numeric; price_numeric:numeric,title:text; description:text; manufacturer:text; price_text:text; price_numeric:numeric,290231,"ValueError(""could not convert string to float: '47.8 gbp'"")",,,,
default_wag,results/model_checkpoints/20260715_195803_seed1337_20005214_best_step1500.pt,1500,amazon_google_price_both,cross_source,exhaustive,289,432,title:categorical; description:text; manufacturer:text; price_text:text; price_numeric:text,title:text; description:text; manufacturer:text; price_text:text; price_numeric:numeric,290231,,0.5936639801597142,0.018676056593238125,0.07344632768361581,0.999782383441925
default_wag,results/model_checkpoints/20260715_195803_seed1337_20005214_best_step1500.pt,1500,amazon_google_price_both,cross_source,exhaustive,290,432,title:categorical; description:text; manufacturer:text; price_text:text; price_numeric:identifier,title:text; description:text; manufacturer:text; price_text:text; price_numeric:numeric,290231,,0.5936639801597142,0.018676056593238125,0.07344632768361581,0.999782383441925
default_wag,results/model_checkpoints/20260715_195803_seed1337_20005214_best_step1500.pt,1500,amazon_google_price_both,cross_source,exhaustive,291,432,title:categorical; description:text; manufacturer:text; price_text:text; price_numeric:categorical,title:text; description:text; manufacturer:text; price_text:text; price_numeric:numeric,290231,,0.5625358531950282,0.006587410604349376,0.037267080745341616,0.9996830224990845
default_wag,results/model_checkpoints/20260715_195803_seed1337_20005214_best_step1500.pt,1500,amazon_google_price_both,cross_source,exhaustive,292,432,title:categorical; description:text; manufacturer:text; price_text:text; price_numeric:numeric,title:text; description:text; manufacturer:text; price_text:text; price_numeric:numeric,290231,,0.601131397249889,0.018406585537297446,0.07269653423499577,0.9999831914901733
default_wag,results/model_checkpoints/20260715_195803_seed1337_20005214_best_step1500.pt,1500,amazon_google_price_both,cross_source,exhaustive,293,432,title:categorical; description:text; manufacturer:text; price_text:identifier; price_numeric:text,title:text; description:text; manufacturer:text; price_text:text; price_numeric:numeric,290231,,0.5936639801597142,0.018676056593238125,0.07344632768361581,0.999782383441925
default_wag,results/model_checkpoints/20260715_195803_seed1337_20005214_best_step1500.pt,1500,amazon_google_price_both,cross_source,exhaustive,294,432,title:categorical; description:text; manufacturer:text; price_text:identifier; price_numeric:identifier,title:text; description:text; manufacturer:text; price_text:text; price_numeric:numeric,290231,,0.5936639801597142,0.018676056593238125,0.07344632768361581,0.999782383441925
default_wag,results/model_checkpoints/20260715_195803_seed1337_20005214_best_step1500.pt,1500,amazon_google_price_both,cross_source,exhaustive,295,432,title:categorical; description:text; manufacturer:text; price_text:identifier; price_numeric:categorical,title:text; description:text; manufacturer:text; price_text:text; price_numeric:numeric,290231,,0.5625358531950282,0.006587410604349376,0.037267080745341616,0.9996830224990845
default_wag,results/model_checkpoints/20260715_195803_seed1337_20005214_best_step1500.pt,1500,amazon_google_price_both,cross_source,exhaustive,296,432,title:categorical; description:text; manufacturer:text; price_text:identifier; price_numeric:numeric,title:text; description:text; manufacturer:text; price_text:text; price_numeric:numeric,290231,,0.6011312901054884,0.018406602999299356,0.07269653423499577,0.9999831914901733
default_wag,results/model_checkpoints/20260715_195803_seed1337_20005214_best_step1500.pt,1500,amazon_google_price_both,cross_source,exhaustive,297,432,title:categorical; description:text; manufacturer:text; price_text:categorical; price_numeric:text,title:text; description:text; manufacturer:text; price_text:text; price_numeric:numeric,290231,,0.5640615418388765,0.006549448971969889,0.03699897225077081,0.9998229146003723
default_wag,results/model_checkpoints/20260715_195803_seed1337_20005214_best_step1500.pt,1500,amazon_google_price_both,cross_source,exhaustive,298,432,title:categorical; description:text; manufacturer:text; price_text:categorical; price_numeric:identifier,title:text; description:text; manufacturer:text; price_text:text; price_numeric:numeric,290231,,0.5640615418388765,0.006549448971969889,0.03699897225077081,0.9998229146003723
default_wag,results/model_checkpoints/20260715_195803_seed1337_20005214_best_step1500.pt,1500,amazon_google_price_both,cross_source,exhaustive,299,432,title:categorical; description:text; manufacturer:text; price_text:categorical; price_numeric:categorical,title:text; description:text; manufacturer:text; price_text:text; price_numeric:numeric,290231,,0.5511410700082704,0.006146646709686251,0.03700440528634362,0.9998822212219238
default_wag,results/model_checkpoints/20260715_195803_seed1337_20005214_best_step1500.pt,1500,amazon_google_price_both,cross_source,exhaustive,300,432,title:categorical; description:text; manufacturer:text; price_text:categorical; price_numeric:numeric,title:text; description:text; manufacturer:text; price_text:text; price_numeric:numeric,290231,,0.576104569482489,0.0075334611572186565,0.045402951191827474,0.9999805688858032
default_wag,results/model_checkpoints/20260715_195803_seed1337_20005214_best_step1500.pt,1500,amazon_google_price_both,cross_source,exhaustive,301,432,title:categorical; description:text; manufacturer:text; price_text:numeric; price_numeric:text,title:text; description:text; manufacturer:text; price_text:text; price_numeric:numeric,290231,"ValueError(""could not convert string to float: '47.8 gbp'"")",,,,
default_wag,results/model_checkpoints/20260715_195803_seed1337_20005214_best_step1500.pt,1500,amazon_google_price_both,cross_source,exhaustive,302,432,title:categorical; description:text; manufacturer:text; price_text:numeric; price_numeric:identifier,title:text; description:text; manufacturer:text; price_text:text; price_numeric:numeric,290231,"ValueError(""could not convert string to float: '47.8 gbp'"")",,,,
default_wag,results/model_checkpoints/20260715_195803_seed1337_20005214_best_step1500.pt,1500,amazon_google_price_both,cross_source,exhaustive,303,432,title:categorical; description:text; manufacturer:text; price_text:numeric; price_numeric:categorical,title:text; description:text; manufacturer:text; price_text:text; price_numeric:numeric,290231,"ValueError(""could not convert string to float: '47.8 gbp'"")",,,,
default_wag,results/model_checkpoints/20260715_195803_seed1337_20005214_best_step1500.pt,1500,amazon_google_price_both,cross_source,exhaustive,304,432,title:categorical; description:text; manufacturer:text; price_text:numeric; price_numeric:numeric,title:text; description:text; manufacturer:text; price_text:text; price_numeric:numeric,290231,"ValueError(""could not convert string to float: '47.8 gbp'"")",,,,
default_wag,results/model_checkpoints/20260715_195803_seed1337_20005214_best_step1500.pt,1500,amazon_google_price_both,cross_source,exhaustive,305,432,title:categorical; description:text; manufacturer:identifier; price_text:text; price_numeric:text,title:text; description:text; manufacturer:text; price_text:text; price_numeric:numeric,290231,,0.5936639801597142,0.018676056593238125,0.07344632768361581,0.999782383441925
default_wag,results/model_checkpoints/20260715_195803_seed1337_20005214_best_step1500.pt,1500,amazon_google_price_both,cross_source,exhaustive,306,432,title:categorical; description:text; manufacturer:identifier; price_text:text; price_numeric:identifier,title:text; description:text; manufacturer:text; price_text:text; price_numeric:numeric,290231,,0.5936639801597142,0.018676056593238125,0.07344632768361581,0.999782383441925
default_wag,results/model_checkpoints/20260715_195803_seed1337_20005214_best_step1500.pt,1500,amazon_google_price_both,cross_source,exhaustive,307,432,title:categorical; description:text; manufacturer:identifier; price_text:text; price_numeric:categorical,title:text; description:text; manufacturer:text; price_text:text; price_numeric:numeric,290231,,0.5625358531950282,0.006587410604349376,0.037267080745341616,0.9996830224990845
default_wag,results/model_checkpoints/20260715_195803_seed1337_20005214_best_step1500.pt,1500,amazon_google_price_both,cross_source,exhaustive,308,432,title:categorical; description:text; manufacturer:identifier; price_text:text; price_numeric:numeric,title:text; description:text; manufacturer:text; price_text:text; price_numeric:numeric,290231,,0.6011312990341885,0.018406588105846763,0.07269653423499577,0.9999831914901733
default_wag,results/model_checkpoints/20260715_195803_seed1337_20005214_best_step1500.pt,1500,amazon_google_price_both,cross_source,exhaustive,309,432,title:categorical; description:text; manufacturer:identifier; price_text:identifier; price_numeric:text,title:text; description:text; manufacturer:text; price_text:text; price_numeric:numeric,290231,,0.5936639801597142,0.018676056593238125,0.07344632768361581,0.999782383441925
default_wag,results/model_checkpoints/20260715_195803_seed1337_20005214_best_step1500.pt,1500,amazon_google_price_both,cross_source,exhaustive,310,432,title:categorical; description:text; manufacturer:identifier; price_text:identifier; price_numeric:identifier,title:text; description:text; manufacturer:text; price_text:text; price_numeric:numeric,290231,,0.5936639801597142,0.018676056593238125,0.07344632768361581,0.999782383441925
default_wag,results/model_checkpoints/20260715_195803_seed1337_20005214_best_step1500.pt,1500,amazon_google_price_both,cross_source,exhaustive,311,432,title:categorical; description:text; manufacturer:identifier; price_text:identifier; price_numeric:categorical,title:text; description:text; manufacturer:text; price_text:text; price_numeric:numeric,290231,,0.5625358531950282,0.006587410604349376,0.037267080745341616,0.9996830224990845
default_wag,results/model_checkpoints/20260715_195803_seed1337_20005214_best_step1500.pt,1500,amazon_google_price_both,cross_source,exhaustive,312,432,title:categorical; description:text; manufacturer:identifier; price_text:identifier; price_numeric:numeric,title:text; description:text; manufacturer:text; price_text:text; price_numeric:numeric,290231,,0.6011312424857549,0.01840657650584277,0.07269653423499577,0.9999831914901733
default_wag,results/model_checkpoints/20260715_195803_seed1337_20005214_best_step1500.pt,1500,amazon_google_price_both,cross_source,exhaustive,313,432,title:categorical; description:text; manufacturer:identifier; price_text:categorical; price_numeric:text,title:text; description:text; manufacturer:text; price_text:text; price_numeric:numeric,290231,,0.5640615418388765,0.006549448971969889,0.03699897225077081,0.9998229146003723
default_wag,results/model_checkpoints/20260715_195803_seed1337_20005214_best_step1500.pt,1500,amazon_google_price_both,cross_source,exhaustive,314,432,title:categorical; description:text; manufacturer:identifier; price_text:categorical; price_numeric:identifier,title:text; description:text; manufacturer:text; price_text:text; price_numeric:numeric,290231,,0.5640615418388765,0.006549448971969889,0.03699897225077081,0.9998229146003723
default_wag,results/model_checkpoints/20260715_195803_seed1337_20005214_best_step1500.pt,1500,amazon_google_price_both,cross_source,exhaustive,315,432,title:categorical; description:text; manufacturer:identifier; price_text:categorical; price_numeric:categorical,title:text; description:text; manufacturer:text; price_text:text; price_numeric:numeric,290231,,0.5511410700082704,0.006146646709686251,0.03700440528634362,0.9998822212219238
default_wag,results/model_checkpoints/20260715_195803_seed1337_20005214_best_step1500.pt,1500,amazon_google_price_both,cross_source,exhaustive,316,432,title:categorical; description:text; manufacturer:identifier; price_text:categorical; price_numeric:numeric,title:text; description:text; manufacturer:text; price_text:text; price_numeric:numeric,290231,,0.5761046081735225,0.007533469398079965,0.045402951191827474,0.9999805688858032
default_wag,results/model_checkpoints/20260715_195803_seed1337_20005214_best_step1500.pt,1500,amazon_google_price_both,cross_source,exhaustive,317,432,title:categorical; description:text; manufacturer:identifier; price_text:numeric; price_numeric:text,title:text; description:text; manufacturer:text; price_text:text; price_numeric:numeric,290231,"ValueError(""could not convert string to float: '47.8 gbp'"")",,,,
default_wag,results/model_checkpoints/20260715_195803_seed1337_20005214_best_step1500.pt,1500,amazon_google_price_both,cross_source,exhaustive,318,432,title:categorical; description:text; manufacturer:identifier; price_text:numeric; price_numeric:identifier,title:text; description:text; manufacturer:text; price_text:text; price_numeric:numeric,290231,"ValueError(""could not convert string to float: '47.8 gbp'"")",,,,
default_wag,results/model_checkpoints/20260715_195803_seed1337_20005214_best_step1500.pt,1500,amazon_google_price_both,cross_source,exhaustive,319,432,title:categorical; description:text; manufacturer:identifier; price_text:numeric; price_numeric:categorical,title:text; description:text; manufacturer:text; price_text:text; price_numeric:numeric,290231,"ValueError(""could not convert string to float: '47.8 gbp'"")",,,,
default_wag,results/model_checkpoints/20260715_195803_seed1337_20005214_best_step1500.pt,1500,amazon_google_price_both,cross_source,exhaustive,320,432,title:categorical; description:text; manufacturer:identifier; price_text:numeric; price_numeric:numeric,title:text; description:text; manufacturer:text; price_text:text; price_numeric:numeric,290231,"ValueError(""could not convert string to float: '47.8 gbp'"")",,,,
default_wag,results/model_checkpoints/20260715_195803_seed1337_20005214_best_step1500.pt,1500,amazon_google_price_both,cross_source,exhaustive,321,432,title:categorical; description:text; manufacturer:categorical; price_text:text; price_numeric:text,title:text; description:text; manufacturer:text; price_text:text; price_numeric:numeric,290231,,0.5842075344180553,0.006969733898389131,0.033766233766233764,0.9998356103897095
default_wag,results/model_checkpoints/20260715_195803_seed1337_20005214_best_step1500.pt,1500,amazon_google_price_both,cross_source,exhaustive,322,432,title:categorical; description:text; manufacturer:categorical; price_text:text; price_numeric:identifier,title:text; description:text; manufacturer:text; price_text:text; price_numeric:numeric,290231,,0.5842075344180553,0.006969733898389131,0.033766233766233764,0.9998356103897095
default_wag,results/model_checkpoints/20260715_195803_seed1337_20005214_best_step1500.pt,1500,amazon_google_price_both,cross_source,exhaustive,323,432,title:categorical; description:text; manufacturer:categorical; price_text:text; price_numeric:categorical,title:text; description:text; manufacturer:text; price_text:text; price_numeric:numeric,290231,,0.5669929739464105,0.004661059003152762,0.0304932735426009,0.9943708777427673
default_wag,results/model_checkpoints/20260715_195803_seed1337_20005214_best_step1500.pt,1500,amazon_google_price_both,cross_source,exhaustive,324,432,title:categorical; description:text; manufacturer:categorical; price_text:text; price_numeric:numeric,title:text; description:text; manufacturer:text; price_text:text; price_numeric:numeric,290231,,0.5637820645987877,0.004282123229136083,0.024896265560165973,0.9999831914901733
default_wag,results/model_checkpoints/20260715_195803_seed1337_20005214_best_step1500.pt,1500,amazon_google_price_both,cross_source,exhaustive,325,432,title:categorical; description:text; manufacturer:categorical; price_text:identifier; price_numeric:text,title:text; description:text; manufacturer:text; price_text:text; price_numeric:numeric,290231,,0.5842075344180553,0.006969733898389131,0.033766233766233764,0.9998356103897095
default_wag,results/model_checkpoints/20260715_195803_seed1337_20005214_best_step1500.pt,1500,amazon_google_price_both,cross_source,exhaustive,326,432,title:categorical; description:text; manufacturer:categorical; price_text:identifier; price_numeric:identifier,title:text; description:text; manufacturer:text; price_text:text; price_numeric:numeric,290231,,0.5842075344180553,0.006969733898389131,0.033766233766233764,0.9998356103897095
default_wag,results/model_checkpoints/20260715_195803_seed1337_20005214_best_step1500.pt,1500,amazon_google_price_both,cross_source,exhaustive,327,432,title:categorical; description:text; manufacturer:categorical; price_text:identifier; price_numeric:categorical,title:text; description:text; manufacturer:text; price_text:text; price_numeric:numeric,290231,,0.5669929739464105,0.004661059003152762,0.0304932735426009,0.9943708777427673
default_wag,results/model_checkpoints/20260715_195803_seed1337_20005214_best_step1500.pt,1500,amazon_google_price_both,cross_source,exhaustive,328,432,title:categorical; description:text; manufacturer:categorical; price_text:identifier; price_numeric:numeric,title:text; description:text; manufacturer:text; price_text:text; price_numeric:numeric,290231,,0.563782076503721,0.0042821234906652425,0.024896265560165973,0.9999831914901733
default_wag,results/model_checkpoints/20260715_195803_seed1337_20005214_best_step1500.pt,1500,amazon_google_price_both,cross_source,exhaustive,329,432,title:categorical; description:text; manufacturer:categorical; price_text:categorical; price_numeric:text,title:text; description:text; manufacturer:text; price_text:text; price_numeric:numeric,290231,,0.5686314826677861,0.004647435225201031,0.030327214684756583,0.9901168942451477
default_wag,results/model_checkpoints/20260715_195803_seed1337_20005214_best_step1500.pt,1500,amazon_google_price_both,cross_source,exhaustive,330,432,title:categorical; description:text; manufacturer:categorical; price_text:categorical; price_numeric:identifier,title:text; description:text; manufacturer:text; price_text:text; price_numeric:numeric,290231,,0.5686314826677861,0.004647435225201031,0.030327214684756583,0.9901168942451477
default_wag,results/model_checkpoints/20260715_195803_seed1337_20005214_best_step1500.pt,1500,amazon_google_price_both,cross_source,exhaustive,331,432,title:categorical; description:text; manufacturer:categorical; price_text:categorical; price_numeric:categorical,title:text; description:text; manufacturer:text; price_text:text; price_numeric:numeric,290231,,0.5501316209435874,0.004854271496156642,0.03136531365313653,0.99825519323349
default_wag,results/model_checkpoints/20260715_195803_seed1337_20005214_best_step1500.pt,1500,amazon_google_price_both,cross_source,exhaustive,332,432,title:categorical; description:text; manufacturer:categorical; price_text:categorical; price_numeric:numeric,title:text; description:text; manufacturer:text; price_text:text; price_numeric:numeric,290231,,0.5606863741727708,0.004247469641361924,0.025078369905956112,0.9997310042381287
default_wag,results/model_checkpoints/20260715_195803_seed1337_20005214_best_step1500.pt,1500,amazon_google_price_both,cross_source,exhaustive,333,432,title:categorical; description:text; manufacturer:categorical; price_text:numeric; price_numeric:text,title:text; description:text; manufacturer:text; price_text:text; price_numeric:numeric,290231,"ValueError(""could not convert string to float: '47.8 gbp'"")",,,,
default_wag,results/model_checkpoints/20260715_195803_seed1337_20005214_best_step1500.pt,1500,amazon_google_price_both,cross_source,exhaustive,334,432,title:categorical; description:text; manufacturer:categorical; price_text:numeric; price_numeric:identifier,title:text; description:text; manufacturer:text; price_text:text; price_numeric:numeric,290231,"ValueError(""could not convert string to float: '47.8 gbp'"")",,,,
default_wag,results/model_checkpoints/20260715_195803_seed1337_20005214_best_step1500.pt,1500,amazon_google_price_both,cross_source,exhaustive,335,432,title:categorical; description:text; manufacturer:categorical; price_text:numeric; price_numeric:categorical,title:text; description:text; manufacturer:text; price_text:text; price_numeric:numeric,290231,"ValueError(""could not convert string to float: '47.8 gbp'"")",,,,
default_wag,results/model_checkpoints/20260715_195803_seed1337_20005214_best_step1500.pt,1500,amazon_google_price_both,cross_source,exhaustive,336,432,title:categorical; description:text; manufacturer:categorical; price_text:numeric; price_numeric:numeric,title:text; description:text; manufacturer:text; price_text:text; price_numeric:numeric,290231,"ValueError(""could not convert string to float: '47.8 gbp'"")",,,,
default_wag,results/model_checkpoints/20260715_195803_seed1337_20005214_best_step1500.pt,1500,amazon_google_price_both,cross_source,exhaustive,337,432,title:categorical; description:identifier; manufacturer:text; price_text:text; price_numeric:text,title:text; description:text; manufacturer:text; price_text:text; price_numeric:numeric,290231,,0.5936639801597142,0.018676056593238125,0.07344632768361581,0.999782383441925
default_wag,results/model_checkpoints/20260715_195803_seed1337_20005214_best_step1500.pt,1500,amazon_google_price_both,cross_source,exhaustive,338,432,title:categorical; description:identifier; manufacturer:text; price_text:text; price_numeric:identifier,title:text; description:text; manufacturer:text; price_text:text; price_numeric:numeric,290231,,0.5936639801597142,0.018676056593238125,0.07344632768361581,0.999782383441925
default_wag,results/model_checkpoints/20260715_195803_seed1337_20005214_best_step1500.pt,1500,amazon_google_price_both,cross_source,exhaustive,339,432,title:categorical; description:identifier; manufacturer:text; price_text:text; price_numeric:categorical,title:text; description:text; manufacturer:text; price_text:text; price_numeric:numeric,290231,,0.5625358531950282,0.006587410604349376,0.037267080745341616,0.9996830224990845
default_wag,results/model_checkpoints/20260715_195803_seed1337_20005214_best_step1500.pt,1500,amazon_google_price_both,cross_source,exhaustive,340,432,title:categorical; description:identifier; manufacturer:text; price_text:text; price_numeric:numeric,title:text; description:text; manufacturer:text; price_text:text; price_numeric:numeric,290231,,0.6011308139081527,0.01840613681712804,0.07269653423499577,0.9999831914901733
default_wag,results/model_checkpoints/20260715_195803_seed1337_20005214_best_step1500.pt,1500,amazon_google_price_both,cross_source,exhaustive,341,432,title:categorical; description:identifier; manufacturer:text; price_text:identifier; price_numeric:text,title:text; description:text; manufacturer:text; price_text:text; price_numeric:numeric,290231,,0.5936639801597142,0.018676056593238125,0.07344632768361581,0.999782383441925
default_wag,results/model_checkpoints/20260715_195803_seed1337_20005214_best_step1500.pt,1500,amazon_google_price_both,cross_source,exhaustive,342,432,title:categorical; description:identifier; manufacturer:text; price_text:identifier; price_numeric:identifier,title:text; description:text; manufacturer:text; price_text:text; price_numeric:numeric,290231,,0.5936639801597142,0.018676056593238125,0.07344632768361581,0.999782383441925
default_wag,results/model_checkpoints/20260715_195803_seed1337_20005214_best_step1500.pt,1500,amazon_google_price_both,cross_source,exhaustive,343,432,title:categorical; description:identifier; manufacturer:text; price_text:identifier; price_numeric:categorical,title:text; description:text; manufacturer:text; price_text:text; price_numeric:numeric,290231,,0.5625358531950282,0.006587410604349376,0.037267080745341616,0.9996830224990845
default_wag,results/model_checkpoints/20260715_195803_seed1337_20005214_best_step1500.pt,1500,amazon_google_price_both,cross_source,exhaustive,344,432,title:categorical; description:identifier; manufacturer:text; price_text:identifier; price_numeric:numeric,title:text; description:text; manufacturer:text; price_text:text; price_numeric:numeric,290231,,0.6011309508148867,0.018406118797823764,0.07269653423499577,0.9999831914901733
default_wag,results/model_checkpoints/20260715_195803_seed1337_20005214_best_step1500.pt,1500,amazon_google_price_both,cross_source,exhaustive,345,432,title:categorical; description:identifier; manufacturer:text; price_text:categorical; price_numeric:text,title:text; description:text; manufacturer:text; price_text:text; price_numeric:numeric,290231,,0.5640615418388765,0.006549448971969889,0.03699897225077081,0.9998229146003723
default_wag,results/model_checkpoints/20260715_195803_seed1337_20005214_best_step1500.pt,1500,amazon_google_price_both,cross_source,exhaustive,346,432,title:categorical; description:identifier; manufacturer:text; price_text:categorical; price_numeric:identifier,title:text; description:text; manufacturer:text; price_text:text; price_numeric:numeric,290231,,0.5640615418388765,0.006549448971969889,0.03699897225077081,0.9998229146003723
default_wag,results/model_checkpoints/20260715_195803_seed1337_20005214_best_step1500.pt,1500,amazon_google_price_both,cross_source,exhaustive,347,432,title:categorical; description:identifier; manufacturer:text; price_text:categorical; price_numeric:categorical,title:text; description:text; manufacturer:text; price_text:text; price_numeric:numeric,290231,,0.5511410700082704,0.006146646709686251,0.03700440528634362,0.9998822212219238
default_wag,results/model_checkpoints/20260715_195803_seed1337_20005214_best_step1500.pt,1500,amazon_google_price_both,cross_source,exhaustive,348,432,title:categorical; description:identifier; manufacturer:text; price_text:categorical; price_numeric:numeric,title:text; description:text; manufacturer:text; price_text:text; price_numeric:numeric,290231,,0.5761046022210559,0.007533461763296152,0.045402951191827474,0.9999805688858032
default_wag,results/model_checkpoints/20260715_195803_seed1337_20005214_best_step1500.pt,1500,amazon_google_price_both,cross_source,exhaustive,349,432,title:categorical; description:identifier; manufacturer:text; price_text:numeric; price_numeric:text,title:text; description:text; manufacturer:text; price_text:text; price_numeric:numeric,290231,"ValueError(""could not convert string to float: '47.8 gbp'"")",,,,
default_wag,results/model_checkpoints/20260715_195803_seed1337_20005214_best_step1500.pt,1500,amazon_google_price_both,cross_source,exhaustive,350,432,title:categorical; description:identifier; manufacturer:text; price_text:numeric; price_numeric:identifier,title:text; description:text; manufacturer:text; price_text:text; price_numeric:numeric,290231,"ValueError(""could not convert string to float: '47.8 gbp'"")",,,,
default_wag,results/model_checkpoints/20260715_195803_seed1337_20005214_best_step1500.pt,1500,amazon_google_price_both,cross_source,exhaustive,351,432,title:categorical; description:identifier; manufacturer:text; price_text:numeric; price_numeric:categorical,title:text; description:text; manufacturer:text; price_text:text; price_numeric:numeric,290231,"ValueError(""could not convert string to float: '47.8 gbp'"")",,,,
default_wag,results/model_checkpoints/20260715_195803_seed1337_20005214_best_step1500.pt,1500,amazon_google_price_both,cross_source,exhaustive,352,432,title:categorical; description:identifier; manufacturer:text; price_text:numeric; price_numeric:numeric,title:text; description:text; manufacturer:text; price_text:text; price_numeric:numeric,290231,"ValueError(""could not convert string to float: '47.8 gbp'"")",,,,
default_wag,results/model_checkpoints/20260715_195803_seed1337_20005214_best_step1500.pt,1500,amazon_google_price_both,cross_source,exhaustive,353,432,title:categorical; description:identifier; manufacturer:identifier; price_text:text; price_numeric:text,title:text; description:text; manufacturer:text; price_text:text; price_numeric:numeric,290231,,0.5936639801597142,0.018676056593238125,0.07344632768361581,0.999782383441925
default_wag,results/model_checkpoints/20260715_195803_seed1337_20005214_best_step1500.pt,1500,amazon_google_price_both,cross_source,exhaustive,354,432,title:categorical; description:identifier; manufacturer:identifier; price_text:text; price_numeric:identifier,title:text; description:text; manufacturer:text; price_text:text; price_numeric:numeric,290231,,0.5936639801597142,0.018676056593238125,0.07344632768361581,0.999782383441925
default_wag,results/model_checkpoints/20260715_195803_seed1337_20005214_best_step1500.pt,1500,amazon_google_price_both,cross_source,exhaustive,355,432,title:categorical; description:identifier; manufacturer:identifier; price_text:text; price_numeric:categorical,title:text; description:text; manufacturer:text; price_text:text; price_numeric:numeric,290231,,0.5625358531950282,0.006587410604349376,0.037267080745341616,0.9996830224990845
default_wag,results/model_checkpoints/20260715_195803_seed1337_20005214_best_step1500.pt,1500,amazon_google_price_both,cross_source,exhaustive,356,432,title:categorical; description:identifier; manufacturer:identifier; price_text:text; price_numeric:numeric,title:text; description:text; manufacturer:text; price_text:text; price_numeric:numeric,290231,,0.6011313168915885,0.01840658291141351,0.07269653423499577,0.9999831914901733
default_wag,results/model_checkpoints/20260715_195803_seed1337_20005214_best_step1500.pt,1500,amazon_google_price_both,cross_source,exhaustive,357,432,title:categorical; description:identifier; manufacturer:identifier; price_text:identifier; price_numeric:text,title:text; description:text; manufacturer:text; price_text:text; price_numeric:numeric,290231,,0.5936639801597142,0.018676056593238125,0.07344632768361581,0.999782383441925
default_wag,results/model_checkpoints/20260715_195803_seed1337_20005214_best_step1500.pt,1500,amazon_google_price_both,cross_source,exhaustive,358,432,title:categorical; description:identifier; manufacturer:identifier; price_text:identifier; price_numeric:identifier,title:text; description:text; manufacturer:text; price_text:text; price_numeric:numeric,290231,,0.5936639801597142,0.018676056593238125,0.07344632768361581,0.999782383441925
default_wag,results/model_checkpoints/20260715_195803_seed1337_20005214_best_step1500.pt,1500,amazon_google_price_both,cross_source,exhaustive,359,432,title:categorical; description:identifier; manufacturer:identifier; price_text:identifier; price_numeric:categorical,title:text; description:text; manufacturer:text; price_text:text; price_numeric:numeric,290231,,0.5625358531950282,0.006587410604349376,0.037267080745341616,0.9996830224990845
default_wag,results/model_checkpoints/20260715_195803_seed1337_20005214_best_step1500.pt,1500,amazon_google_price_both,cross_source,exhaustive,360,432,title:categorical; description:identifier; manufacturer:identifier; price_text:identifier; price_numeric:numeric,title:text; description:text; manufacturer:text; price_text:text; price_numeric:numeric,290231,,0.6011312990341885,0.018406588105846763,0.07269653423499577,0.9999831914901733
default_wag,results/model_checkpoints/20260715_195803_seed1337_20005214_best_step1500.pt,1500,amazon_google_price_both,cross_source,exhaustive,361,432,title:categorical; description:identifier; manufacturer:identifier; price_text:categorical; price_numeric:text,title:text; description:text; manufacturer:text; price_text:text; price_numeric:numeric,290231,,0.5640615418388765,0.006549448971969889,0.03699897225077081,0.9998229146003723
default_wag,results/model_checkpoints/20260715_195803_seed1337_20005214_best_step1500.pt,1500,amazon_google_price_both,cross_source,exhaustive,362,432,title:categorical; description:identifier; manufacturer:identifier; price_text:categorical; price_numeric:identifier,title:text; description:text; manufacturer:text; price_text:text; price_numeric:numeric,290231,,0.5640615418388765,0.006549448971969889,0.03699897225077081,0.9998229146003723
default_wag,results/model_checkpoints/20260715_195803_seed1337_20005214_best_step1500.pt,1500,amazon_google_price_both,cross_source,exhaustive,363,432,title:categorical; description:identifier; manufacturer:identifier; price_text:categorical; price_numeric:categorical,title:text; description:text; manufacturer:text; price_text:text; price_numeric:numeric,290231,,0.5511410700082704,0.006146646709686251,0.03700440528634362,0.9998822212219238
default_wag,results/model_checkpoints/20260715_195803_seed1337_20005214_best_step1500.pt,1500,amazon_google_price_both,cross_source,exhaustive,364,432,title:categorical; description:identifier; manufacturer:identifier; price_text:categorical; price_numeric:numeric,title:text; description:text; manufacturer:text; price_text:text; price_numeric:numeric,290231,,0.5761046111497559,0.007533462546609998,0.045402951191827474,0.9999805688858032
default_wag,results/model_checkpoints/20260715_195803_seed1337_20005214_best_step1500.pt,1500,amazon_google_price_both,cross_source,exhaustive,365,432,title:categorical; description:identifier; manufacturer:identifier; price_text:numeric; price_numeric:text,title:text; description:text; manufacturer:text; price_text:text; price_numeric:numeric,290231,"ValueError(""could not convert string to float: '47.8 gbp'"")",,,,
default_wag,results/model_checkpoints/20260715_195803_seed1337_20005214_best_step1500.pt,1500,amazon_google_price_both,cross_source,exhaustive,366,432,title:categorical; description:identifier; manufacturer:identifier; price_text:numeric; price_numeric:identifier,title:text; description:text; manufacturer:text; price_text:text; price_numeric:numeric,290231,"ValueError(""could not convert string to float: '47.8 gbp'"")",,,,
default_wag,results/model_checkpoints/20260715_195803_seed1337_20005214_best_step1500.pt,1500,amazon_google_price_both,cross_source,exhaustive,367,432,title:categorical; description:identifier; manufacturer:identifier; price_text:numeric; price_numeric:categorical,title:text; description:text; manufacturer:text; price_text:text; price_numeric:numeric,290231,"ValueError(""could not convert string to float: '47.8 gbp'"")",,,,
default_wag,results/model_checkpoints/20260715_195803_seed1337_20005214_best_step1500.pt,1500,amazon_google_price_both,cross_source,exhaustive,368,432,title:categorical; description:identifier; manufacturer:identifier; price_text:numeric; price_numeric:numeric,title:text; description:text; manufacturer:text; price_text:text; price_numeric:numeric,290231,"ValueError(""could not convert string to float: '47.8 gbp'"")",,,,
default_wag,results/model_checkpoints/20260715_195803_seed1337_20005214_best_step1500.pt,1500,amazon_google_price_both,cross_source,exhaustive,369,432,title:categorical; description:identifier; manufacturer:categorical; price_text:text; price_numeric:text,title:text; description:text; manufacturer:text; price_text:text; price_numeric:numeric,290231,,0.5842075344180553,0.006969733898389131,0.033766233766233764,0.9998356103897095
default_wag,results/model_checkpoints/20260715_195803_seed1337_20005214_best_step1500.pt,1500,amazon_google_price_both,cross_source,exhaustive,370,432,title:categorical; description:identifier; manufacturer:categorical; price_text:text; price_numeric:identifier,title:text; description:text; manufacturer:text; price_text:text; price_numeric:numeric,290231,,0.5842075344180553,0.006969733898389131,0.033766233766233764,0.9998356103897095
default_wag,results/model_checkpoints/20260715_195803_seed1337_20005214_best_step1500.pt,1500,amazon_google_price_both,cross_source,exhaustive,371,432,title:categorical; description:identifier; manufacturer:categorical; price_text:text; price_numeric:categorical,title:text; description:text; manufacturer:text; price_text:text; price_numeric:numeric,290231,,0.5669929739464105,0.004661059003152762,0.0304932735426009,0.9943708777427673
default_wag,results/model_checkpoints/20260715_195803_seed1337_20005214_best_step1500.pt,1500,amazon_google_price_both,cross_source,exhaustive,372,432,title:categorical; description:identifier; manufacturer:categorical; price_text:text; price_numeric:numeric,title:text; description:text; manufacturer:text; price_text:text; price_numeric:numeric,290231,,0.5637821003135879,0.004282123766774574,0.024896265560165973,0.9999831914901733
default_wag,results/model_checkpoints/20260715_195803_seed1337_20005214_best_step1500.pt,1500,amazon_google_price_both,cross_source,exhaustive,373,432,title:categorical; description:identifier; manufacturer:categorical; price_text:identifier; price_numeric:text,title:text; description:text; manufacturer:text; price_text:text; price_numeric:numeric,290231,,0.5842075344180553,0.006969733898389131,0.033766233766233764,0.9998356103897095
default_wag,results/model_checkpoints/20260715_195803_seed1337_20005214_best_step1500.pt,1500,amazon_google_price_both,cross_source,exhaustive,374,432,title:categorical; description:identifier; manufacturer:categorical; price_text:identifier; price_numeric:identifier,title:text; description:text; manufacturer:text; price_text:text; price_numeric:numeric,290231,,0.5842075344180553,0.006969733898389131,0.033766233766233764,0.9998356103897095
default_wag,results/model_checkpoints/20260715_195803_seed1337_20005214_best_step1500.pt,1500,amazon_google_price_both,cross_source,exhaustive,375,432,title:categorical; description:identifier; manufacturer:categorical; price_text:identifier; price_numeric:categorical,title:text; description:text; manufacturer:text; price_text:text; price_numeric:numeric,290231,,0.5669929739464105,0.004661059003152762,0.0304932735426009,0.9943708777427673
default_wag,results/model_checkpoints/20260715_195803_seed1337_20005214_best_step1500.pt,1500,amazon_google_price_both,cross_source,exhaustive,376,432,title:categorical; description:identifier; manufacturer:categorical; price_text:identifier; price_numeric:numeric,title:text; description:text; manufacturer:text; price_text:text; price_numeric:numeric,290231,,0.563782109242288,0.004282124757638985,0.024896265560165973,0.9999831914901733
default_wag,results/model_checkpoints/20260715_195803_seed1337_20005214_best_step1500.pt,1500,amazon_google_price_both,cross_source,exhaustive,377,432,title:categorical; description:identifier; manufacturer:categorical; price_text:categorical; price_numeric:text,title:text; description:text; manufacturer:text; price_text:text; price_numeric:numeric,290231,,0.5686314826677861,0.004647435225201031,0.030327214684756583,0.9901168942451477
default_wag,results/model_checkpoints/20260715_195803_seed1337_20005214_best_step1500.pt,1500,amazon_google_price_both,cross_source,exhaustive,378,432,title:categorical; description:identifier; manufacturer:categorical; price_text:categorical; price_numeric:identifier,title:text; description:text; manufacturer:text; price_text:text; price_numeric:numeric,290231,,0.5686314826677861,0.004647435225201031,0.030327214684756583,0.9901168942451477
default_wag,results/model_checkpoints/20260715_195803_seed1337_20005214_best_step1500.pt,1500,amazon_google_price_both,cross_source,exhaustive,379,432,title:categorical; description:identifier; manufacturer:categorical; price_text:categorical; price_numeric:categorical,title:text; description:text; manufacturer:text; price_text:text; price_numeric:numeric,290231,,0.5501316209435874,0.004854271496156642,0.03136531365313653,0.99825519323349
default_wag,results/model_checkpoints/20260715_195803_seed1337_20005214_best_step1500.pt,1500,amazon_google_price_both,cross_source,exhaustive,380,432,title:categorical; description:identifier; manufacturer:categorical; price_text:categorical; price_numeric:numeric,title:text; description:text; manufacturer:text; price_text:text; price_numeric:numeric,290231,,0.5606863116718706,0.0042474692393343295,0.025078369905956112,0.9997310042381287
default_wag,results/model_checkpoints/20260715_195803_seed1337_20005214_best_step1500.pt,1500,amazon_google_price_both,cross_source,exhaustive,381,432,title:categorical; description:identifier; manufacturer:categorical; price_text:numeric; price_numeric:text,title:text; description:text; manufacturer:text; price_text:text; price_numeric:numeric,290231,"ValueError(""could not convert string to float: '47.8 gbp'"")",,,,
default_wag,results/model_checkpoints/20260715_195803_seed1337_20005214_best_step1500.pt,1500,amazon_google_price_both,cross_source,exhaustive,382,432,title:categorical; description:identifier; manufacturer:categorical; price_text:numeric; price_numeric:identifier,title:text; description:text; manufacturer:text; price_text:text; price_numeric:numeric,290231,"ValueError(""could not convert string to float: '47.8 gbp'"")",,,,
default_wag,results/model_checkpoints/20260715_195803_seed1337_20005214_best_step1500.pt,1500,amazon_google_price_both,cross_source,exhaustive,383,432,title:categorical; description:identifier; manufacturer:categorical; price_text:numeric; price_numeric:categorical,title:text; description:text; manufacturer:text; price_text:text; price_numeric:numeric,290231,"ValueError(""could not convert string to float: '47.8 gbp'"")",,,,
default_wag,results/model_checkpoints/20260715_195803_seed1337_20005214_best_step1500.pt,1500,amazon_google_price_both,cross_source,exhaustive,384,432,title:categorical; description:identifier; manufacturer:categorical; price_text:numeric; price_numeric:numeric,title:text; description:text; manufacturer:text; price_text:text; price_numeric:numeric,290231,"ValueError(""could not convert string to float: '47.8 gbp'"")",,,,
default_wag,results/model_checkpoints/20260715_195803_seed1337_20005214_best_step1500.pt,1500,amazon_google_price_both,cross_source,exhaustive,385,432,title:categorical; description:categorical; manufacturer:text; price_text:text; price_numeric:text,title:text; description:text; manufacturer:text; price_text:text; price_numeric:numeric,290231,,0.5457434297565477,0.006290438144574722,0.03838464614154338,0.9997665286064148
default_wag,results/model_checkpoints/20260715_195803_seed1337_20005214_best_step1500.pt,1500,amazon_google_price_both,cross_source,exhaustive,386,432,title:categorical; description:categorical; manufacturer:text; price_text:text; price_numeric:identifier,title:text; description:text; manufacturer:text; price_text:text; price_numeric:numeric,290231,,0.5457434297565477,0.006290438144574722,0.03838464614154338,0.9997665286064148
default_wag,results/model_checkpoints/20260715_195803_seed1337_20005214_best_step1500.pt,1500,amazon_google_price_both,cross_source,exhaustive,387,432,title:categorical; description:categorical; manufacturer:text; price_text:text; price_numeric:categorical,title:text; description:text; manufacturer:text; price_text:text; price_numeric:numeric,290231,,0.5281318843997633,0.004635992485650549,0.030598052851182195,0.9995974898338318
default_wag,results/model_checkpoints/20260715_195803_seed1337_20005214_best_step1500.pt,1500,amazon_google_price_both,cross_source,exhaustive,388,432,title:categorical; description:categorical; manufacturer:text; price_text:text; price_numeric:numeric,title:text; description:text; manufacturer:text; price_text:text; price_numeric:numeric,290231,,0.5580856998059139,0.0050448022932251925,0.021297192642788,0.9999867677688599
default_wag,results/model_checkpoints/20260715_195803_seed1337_20005214_best_step1500.pt,1500,amazon_google_price_both,cross_source,exhaustive,389,432,title:categorical; description:categorical; manufacturer:text; price_text:identifier; price_numeric:text,title:text; description:text; manufacturer:text; price_text:text; price_numeric:numeric,290231,,0.5457434297565477,0.006290438144574722,0.03838464614154338,0.9997665286064148
default_wag,results/model_checkpoints/20260715_195803_seed1337_20005214_best_step1500.pt,1500,amazon_google_price_both,cross_source,exhaustive,390,432,title:categorical; description:categorical; manufacturer:text; price_text:identifier; price_numeric:identifier,title:text; description:text; manufacturer:text; price_text:text; price_numeric:numeric,290231,,0.5457434297565477,0.006290438144574722,0.03838464614154338,0.9997665286064148
default_wag,results/model_checkpoints/20260715_195803_seed1337_20005214_best_step1500.pt,1500,amazon_google_price_both,cross_source,exhaustive,391,432,title:categorical; description:categorical; manufacturer:text; price_text:identifier; price_numeric:categorical,title:text; description:text; manufacturer:text; price_text:text; price_numeric:numeric,290231,,0.5281318843997633,0.004635992485650549,0.030598052851182195,0.9995974898338318
default_wag,results/model_checkpoints/20260715_195803_seed1337_20005214_best_step1500.pt,1500,amazon_google_price_both,cross_source,exhaustive,392,432,title:categorical; description:categorical; manufacturer:text; price_text:identifier; price_numeric:numeric,title:text; description:text; manufacturer:text; price_text:text; price_numeric:numeric,290231,,0.5580857057583806,0.0050448028780265995,0.021297192642788,0.9999867677688599
default_wag,results/model_checkpoints/20260715_195803_seed1337_20005214_best_step1500.pt,1500,amazon_google_price_both,cross_source,exhaustive,393,432,title:categorical; description:categorical; manufacturer:text; price_text:categorical; price_numeric:text,title:text; description:text; manufacturer:text; price_text:text; price_numeric:numeric,290231,,0.5264678872159944,0.004606635042248792,0.030619345859429367,0.9995961785316467
default_wag,results/model_checkpoints/20260715_195803_seed1337_20005214_best_step1500.pt,1500,amazon_google_price_both,cross_source,exhaustive,394,432,title:categorical; description:categorical; manufacturer:text; price_text:categorical; price_numeric:identifier,title:text; description:text; manufacturer:text; price_text:text; price_numeric:numeric,290231,,0.5264678872159944,0.004606635042248792,0.030619345859429367,0.9995961785316467
default_wag,results/model_checkpoints/20260715_195803_seed1337_20005214_best_step1500.pt,1500,amazon_google_price_both,cross_source,exhaustive,395,432,title:categorical; description:categorical; manufacturer:text; price_text:categorical; price_numeric:categorical,title:text; description:text; manufacturer:text; price_text:text; price_numeric:numeric,290231,,0.5384199522397881,0.004526029791536098,0.032046613255644577,0.99988853931427
default_wag,results/model_checkpoints/20260715_195803_seed1337_20005214_best_step1500.pt,1500,amazon_google_price_both,cross_source,exhaustive,396,432,title:categorical; description:categorical; manufacturer:text; price_text:categorical; price_numeric:numeric,title:text; description:text; manufacturer:text; price_text:text; price_numeric:numeric,290231,,0.5594737257524781,0.005176611339737541,0.03512014787430684,0.9999854564666748
default_wag,results/model_checkpoints/20260715_195803_seed1337_20005214_best_step1500.pt,1500,amazon_google_price_both,cross_source,exhaustive,397,432,title:categorical; description:categorical; manufacturer:text; price_text:numeric; price_numeric:text,title:text; description:text; manufacturer:text; price_text:text; price_numeric:numeric,290231,"ValueError(""could not convert string to float: '47.8 gbp'"")",,,,
default_wag,results/model_checkpoints/20260715_195803_seed1337_20005214_best_step1500.pt,1500,amazon_google_price_both,cross_source,exhaustive,398,432,title:categorical; description:categorical; manufacturer:text; price_text:numeric; price_numeric:identifier,title:text; description:text; manufacturer:text; price_text:text; price_numeric:numeric,290231,"ValueError(""could not convert string to float: '47.8 gbp'"")",,,,
default_wag,results/model_checkpoints/20260715_195803_seed1337_20005214_best_step1500.pt,1500,amazon_google_price_both,cross_source,exhaustive,399,432,title:categorical; description:categorical; manufacturer:text; price_text:numeric; price_numeric:categorical,title:text; description:text; manufacturer:text; price_text:text; price_numeric:numeric,290231,"ValueError(""could not convert string to float: '47.8 gbp'"")",,,,
default_wag,results/model_checkpoints/20260715_195803_seed1337_20005214_best_step1500.pt,1500,amazon_google_price_both,cross_source,exhaustive,400,432,title:categorical; description:categorical; manufacturer:text; price_text:numeric; price_numeric:numeric,title:text; description:text; manufacturer:text; price_text:text; price_numeric:numeric,290231,"ValueError(""could not convert string to float: '47.8 gbp'"")",,,,
default_wag,results/model_checkpoints/20260715_195803_seed1337_20005214_best_step1500.pt,1500,amazon_google_price_both,cross_source,exhaustive,401,432,title:categorical; description:categorical; manufacturer:identifier; price_text:text; price_numeric:text,title:text; description:text; manufacturer:text; price_text:text; price_numeric:numeric,290231,,0.5457434297565477,0.006290438144574722,0.03838464614154338,0.9997665286064148
default_wag,results/model_checkpoints/20260715_195803_seed1337_20005214_best_step1500.pt,1500,amazon_google_price_both,cross_source,exhaustive,402,432,title:categorical; description:categorical; manufacturer:identifier; price_text:text; price_numeric:identifier,title:text; description:text; manufacturer:text; price_text:text; price_numeric:numeric,290231,,0.5457434297565477,0.006290438144574722,0.03838464614154338,0.9997665286064148
default_wag,results/model_checkpoints/20260715_195803_seed1337_20005214_best_step1500.pt,1500,amazon_google_price_both,cross_source,exhaustive,403,432,title:categorical; description:categorical; manufacturer:identifier; price_text:text; price_numeric:categorical,title:text; description:text; manufacturer:text; price_text:text; price_numeric:numeric,290231,,0.5281318843997633,0.004635992485650549,0.030598052851182195,0.9995974898338318
default_wag,results/model_checkpoints/20260715_195803_seed1337_20005214_best_step1500.pt,1500,amazon_google_price_both,cross_source,exhaustive,404,432,title:categorical; description:categorical; manufacturer:identifier; price_text:text; price_numeric:numeric,title:text; description:text; manufacturer:text; price_text:text; price_numeric:numeric,290231,,0.5580857206395473,0.005044802394722945,0.021297192642788,0.9999867677688599
default_wag,results/model_checkpoints/20260715_195803_seed1337_20005214_best_step1500.pt,1500,amazon_google_price_both,cross_source,exhaustive,405,432,title:categorical; description:categorical; manufacturer:identifier; price_text:identifier; price_numeric:text,title:text; description:text; manufacturer:text; price_text:text; price_numeric:numeric,290231,,0.5457434297565477,0.006290438144574722,0.03838464614154338,0.9997665286064148
default_wag,results/model_checkpoints/20260715_195803_seed1337_20005214_best_step1500.pt,1500,amazon_google_price_both,cross_source,exhaustive,406,432,title:categorical; description:categorical; manufacturer:identifier; price_text:identifier; price_numeric:identifier,title:text; description:text; manufacturer:text; price_text:text; price_numeric:numeric,290231,,0.5457434297565477,0.006290438144574722,0.03838464614154338,0.9997665286064148
default_wag,results/model_checkpoints/20260715_195803_seed1337_20005214_best_step1500.pt,1500,amazon_google_price_both,cross_source,exhaustive,407,432,title:categorical; description:categorical; manufacturer:identifier; price_text:identifier; price_numeric:categorical,title:text; description:text; manufacturer:text; price_text:text; price_numeric:numeric,290231,,0.5281318843997633,0.004635992485650549,0.030598052851182195,0.9995974898338318
default_wag,results/model_checkpoints/20260715_195803_seed1337_20005214_best_step1500.pt,1500,amazon_google_price_both,cross_source,exhaustive,408,432,title:categorical; description:categorical; manufacturer:identifier; price_text:identifier; price_numeric:numeric,title:text; description:text; manufacturer:text; price_text:text; price_numeric:numeric,290231,,0.5580857146870806,0.005044803347458258,0.021297192642788,0.9999867677688599
default_wag,results/model_checkpoints/20260715_195803_seed1337_20005214_best_step1500.pt,1500,amazon_google_price_both,cross_source,exhaustive,409,432,title:categorical; description:categorical; manufacturer:identifier; price_text:categorical; price_numeric:text,title:text; description:text; manufacturer:text; price_text:text; price_numeric:numeric,290231,,0.5264678872159944,0.004606635042248792,0.030619345859429367,0.9995961785316467
default_wag,results/model_checkpoints/20260715_195803_seed1337_20005214_best_step1500.pt,1500,amazon_google_price_both,cross_source,exhaustive,410,432,title:categorical; description:categorical; manufacturer:identifier; price_text:categorical; price_numeric:identifier,title:text; description:text; manufacturer:text; price_text:text; price_numeric:numeric,290231,,0.5264678872159944,0.004606635042248792,0.030619345859429367,0.9995961785316467
default_wag,results/model_checkpoints/20260715_195803_seed1337_20005214_best_step1500.pt,1500,amazon_google_price_both,cross_source,exhaustive,411,432,title:categorical; description:categorical; manufacturer:identifier; price_text:categorical; price_numeric:categorical,title:text; description:text; manufacturer:text; price_text:text; price_numeric:numeric,290231,,0.5384199522397881,0.004526029791536098,0.032046613255644577,0.99988853931427
default_wag,results/model_checkpoints/20260715_195803_seed1337_20005214_best_step1500.pt,1500,amazon_google_price_both,cross_source,exhaustive,412,432,title:categorical; description:categorical; manufacturer:identifier; price_text:categorical; price_numeric:numeric,title:text; description:text; manufacturer:text; price_text:text; price_numeric:numeric,290231,,0.5594736543228778,0.005176610804288146,0.03512014787430684,0.9999854564666748
default_wag,results/model_checkpoints/20260715_195803_seed1337_20005214_best_step1500.pt,1500,amazon_google_price_both,cross_source,exhaustive,413,432,title:categorical; description:categorical; manufacturer:identifier; price_text:numeric; price_numeric:text,title:text; description:text; manufacturer:text; price_text:text; price_numeric:numeric,290231,"ValueError(""could not convert string to float: '47.8 gbp'"")",,,,
default_wag,results/model_checkpoints/20260715_195803_seed1337_20005214_best_step1500.pt,1500,amazon_google_price_both,cross_source,exhaustive,414,432,title:categorical; description:categorical; manufacturer:identifier; price_text:numeric; price_numeric:identifier,title:text; description:text; manufacturer:text; price_text:text; price_numeric:numeric,290231,"ValueError(""could not convert string to float: '47.8 gbp'"")",,,,
default_wag,results/model_checkpoints/20260715_195803_seed1337_20005214_best_step1500.pt,1500,amazon_google_price_both,cross_source,exhaustive,415,432,title:categorical; description:categorical; manufacturer:identifier; price_text:numeric; price_numeric:categorical,title:text; description:text; manufacturer:text; price_text:text; price_numeric:numeric,290231,"ValueError(""could not convert string to float: '47.8 gbp'"")",,,,
default_wag,results/model_checkpoints/20260715_195803_seed1337_20005214_best_step1500.pt,1500,amazon_google_price_both,cross_source,exhaustive,416,432,title:categorical; description:categorical; manufacturer:identifier; price_text:numeric; price_numeric:numeric,title:text; description:text; manufacturer:text; price_text:text; price_numeric:numeric,290231,"ValueError(""could not convert string to float: '47.8 gbp'"")",,,,
default_wag,results/model_checkpoints/20260715_195803_seed1337_20005214_best_step1500.pt,1500,amazon_google_price_both,cross_source,exhaustive,417,432,title:categorical; description:categorical; manufacturer:categorical; price_text:text; price_numeric:text,title:text; description:text; manufacturer:text; price_text:text; price_numeric:numeric,290231,,0.5532969879685172,0.003936833625251835,0.01871345029239766,0.9999412298202515
default_wag,results/model_checkpoints/20260715_195803_seed1337_20005214_best_step1500.pt,1500,amazon_google_price_both,cross_source,exhaustive,418,432,title:categorical; description:categorical; manufacturer:categorical; price_text:text; price_numeric:identifier,title:text; description:text; manufacturer:text; price_text:text; price_numeric:numeric,290231,,0.5532969879685172,0.003936833625251835,0.01871345029239766,0.9999412298202515
default_wag,results/model_checkpoints/20260715_195803_seed1337_20005214_best_step1500.pt,1500,amazon_google_price_both,cross_source,exhaustive,419,432,title:categorical; description:categorical; manufacturer:categorical; price_text:text; price_numeric:categorical,title:text; description:text; manufacturer:text; price_text:text; price_numeric:numeric,290231,,0.5411161160773863,0.0035807867849224104,0.027297543221110103,0.9946644306182861
default_wag,results/model_checkpoints/20260715_195803_seed1337_20005214_best_step1500.pt,1500,amazon_google_price_both,cross_source,exhaustive,420,432,title:categorical; description:categorical; manufacturer:categorical; price_text:text; price_numeric:numeric,title:text; description:text; manufacturer:text; price_text:text; price_numeric:numeric,290231,,0.5561798271141762,0.0033433744179655984,0.013010053222945003,0.9999867677688599
default_wag,results/model_checkpoints/20260715_195803_seed1337_20005214_best_step1500.pt,1500,amazon_google_price_both,cross_source,exhaustive,421,432,title:categorical; description:categorical; manufacturer:categorical; price_text:identifier; price_numeric:text,title:text; description:text; manufacturer:text; price_text:text; price_numeric:numeric,290231,,0.5532969879685172,0.003936833625251835,0.01871345029239766,0.9999412298202515
default_wag,results/model_checkpoints/20260715_195803_seed1337_20005214_best_step1500.pt,1500,amazon_google_price_both,cross_source,exhaustive,422,432,title:categorical; description:categorical; manufacturer:categorical; price_text:identifier; price_numeric:identifier,title:text; description:text; manufacturer:text; price_text:text; price_numeric:numeric,290231,,0.5532969879685172,0.003936833625251835,0.01871345029239766,0.9999412298202515
default_wag,results/model_checkpoints/20260715_195803_seed1337_20005214_best_step1500.pt,1500,amazon_google_price_both,cross_source,exhaustive,423,432,title:categorical; description:categorical; manufacturer:categorical; price_text:identifier; price_numeric:categorical,title:text; description:text; manufacturer:text; price_text:text; price_numeric:numeric,290231,,0.5411161160773863,0.0035807867849224104,0.027297543221110103,0.9946644306182861
default_wag,results/model_checkpoints/20260715_195803_seed1337_20005214_best_step1500.pt,1500,amazon_google_price_both,cross_source,exhaustive,424,432,title:categorical; description:categorical; manufacturer:categorical; price_text:identifier; price_numeric:numeric,title:text; description:text; manufacturer:text; price_text:text; price_numeric:numeric,290231,,0.5561798568765097,0.0033433744400570343,0.013010053222945003,0.9999867677688599
default_wag,results/model_checkpoints/20260715_195803_seed1337_20005214_best_step1500.pt,1500,amazon_google_price_both,cross_source,exhaustive,425,432,title:categorical; description:categorical; manufacturer:categorical; price_text:categorical; price_numeric:text,title:text; description:text; manufacturer:text; price_text:text; price_numeric:numeric,290231,,0.5397980018521695,0.003553005245996188,0.027297543221110103,0.9950131773948669
default_wag,results/model_checkpoints/20260715_195803_seed1337_20005214_best_step1500.pt,1500,amazon_google_price_both,cross_source,exhaustive,426,432,title:categorical; description:categorical; manufacturer:categorical; price_text:categorical; price_numeric:identifier,title:text; description:text; manufacturer:text; price_text:text; price_numeric:numeric,290231,,0.5397980018521695,0.003553005245996188,0.027297543221110103,0.9950131773948669
default_wag,results/model_checkpoints/20260715_195803_seed1337_20005214_best_step1500.pt,1500,amazon_google_price_both,cross_source,exhaustive,427,432,title:categorical; description:categorical; manufacturer:categorical; price_text:categorical; price_numeric:categorical,title:text; description:text; manufacturer:text; price_text:text; price_numeric:numeric,290231,,0.5402522197045934,0.00412121904013668,0.03162790697674418,0.9977940320968628
default_wag,results/model_checkpoints/20260715_195803_seed1337_20005214_best_step1500.pt,1500,amazon_google_price_both,cross_source,exhaustive,428,432,title:categorical; description:categorical; manufacturer:categorical; price_text:categorical; price_numeric:numeric,title:text; description:text; manufacturer:text; price_text:text; price_numeric:numeric,290231,,0.5484837638732654,0.0037336401833492966,0.02368421052631579,0.9985679388046265
default_wag,results/model_checkpoints/20260715_195803_seed1337_20005214_best_step1500.pt,1500,amazon_google_price_both,cross_source,exhaustive,429,432,title:categorical; description:categorical; manufacturer:categorical; price_text:numeric; price_numeric:text,title:text; description:text; manufacturer:text; price_text:text; price_numeric:numeric,290231,"ValueError(""could not convert string to float: '47.8 gbp'"")",,,,
default_wag,results/model_checkpoints/20260715_195803_seed1337_20005214_best_step1500.pt,1500,amazon_google_price_both,cross_source,exhaustive,430,432,title:categorical; description:categorical; manufacturer:categorical; price_text:numeric; price_numeric:identifier,title:text; description:text; manufacturer:text; price_text:text; price_numeric:numeric,290231,"ValueError(""could not convert string to float: '47.8 gbp'"")",,,,
default_wag,results/model_checkpoints/20260715_195803_seed1337_20005214_best_step1500.pt,1500,amazon_google_price_both,cross_source,exhaustive,431,432,title:categorical; description:categorical; manufacturer:categorical; price_text:numeric; price_numeric:categorical,title:text; description:text; manufacturer:text; price_text:text; price_numeric:numeric,290231,"ValueError(""could not convert string to float: '47.8 gbp'"")",,,,
default_wag,results/model_checkpoints/20260715_195803_seed1337_20005214_best_step1500.pt,1500,amazon_google_price_both,cross_source,exhaustive,432,432,title:categorical; description:categorical; manufacturer:categorical; price_text:numeric; price_numeric:numeric,title:text; description:text; manufacturer:text; price_text:text; price_numeric:numeric,290231,"ValueError(""could not convert string to float: '47.8 gbp'"")",,,,
hard_negative_wag,results/model_checkpoints/20260721_200947_seed1337_bda60282_best_step1500.pt,1500,amazon_google_price_numeric,cross_source,exhaustive,1,108,title:text; description:text; manufacturer:text; price:text,title:text; description:text; manufacturer:text; price:numeric,290231,,0.9573308972664963,0.19421292044482422,0.28617886178861784,0.9977606534957886
hard_negative_wag,results/model_checkpoints/20260721_200947_seed1337_bda60282_best_step1500.pt,1500,amazon_google_price_numeric,cross_source,exhaustive,2,108,title:text; description:text; manufacturer:text; price:identifier,title:text; description:text; manufacturer:text; price:numeric,290231,,0.9573308972664963,0.19421292044482422,0.28617886178861784,0.9977606534957886
hard_negative_wag,results/model_checkpoints/20260721_200947_seed1337_bda60282_best_step1500.pt,1500,amazon_google_price_numeric,cross_source,exhaustive,3,108,title:text; description:text; manufacturer:text; price:categorical,title:text; description:text; manufacturer:text; price:numeric,290231,,0.7038345760694886,0.02661428421812183,0.09843937575030012,0.9989138841629028
hard_negative_wag,results/model_checkpoints/20260721_200947_seed1337_bda60282_best_step1500.pt,1500,amazon_google_price_numeric,cross_source,manifest,4,108,title:text; description:text; manufacturer:text; price:numeric,title:text; description:text; manufacturer:text; price:numeric,290231,,0.9515545462023918,0.16054763008880277,0.2641252552756978,0.9999552965164185
hard_negative_wag,results/model_checkpoints/20260721_200947_seed1337_bda60282_best_step1500.pt,1500,amazon_google_price_numeric,cross_source,exhaustive,5,108,title:text; description:text; manufacturer:identifier; price:text,title:text; description:text; manufacturer:text; price:numeric,290231,,0.9573308972664963,0.19421292044482422,0.28617886178861784,0.9977606534957886
hard_negative_wag,results/model_checkpoints/20260721_200947_seed1337_bda60282_best_step1500.pt,1500,amazon_google_price_numeric,cross_source,exhaustive,6,108,title:text; description:text; manufacturer:identifier; price:identifier,title:text; description:text; manufacturer:text; price:numeric,290231,,0.9573308972664963,0.19421292044482422,0.28617886178861784,0.9977606534957886
hard_negative_wag,results/model_checkpoints/20260721_200947_seed1337_bda60282_best_step1500.pt,1500,amazon_google_price_numeric,cross_source,exhaustive,7,108,title:text; description:text; manufacturer:identifier; price:categorical,title:text; description:text; manufacturer:text; price:numeric,290231,,0.7038345760694886,0.02661428421812183,0.09843937575030012,0.9989138841629028
hard_negative_wag,results/model_checkpoints/20260721_200947_seed1337_bda60282_best_step1500.pt,1500,amazon_google_price_numeric,cross_source,exhaustive,8,108,title:text; description:text; manufacturer:identifier; price:numeric,title:text; description:text; manufacturer:text; price:numeric,290231,,0.9515550849006278,0.16054794855483648,0.2641252552756978,0.9999552965164185
hard_negative_wag,results/model_checkpoints/20260721_200947_seed1337_bda60282_best_step1500.pt,1500,amazon_google_price_numeric,cross_source,exhaustive,9,108,title:text; description:text; manufacturer:categorical; price:text,title:text; description:text; manufacturer:text; price:numeric,290231,,0.8063551689256475,0.024823162978089768,0.0760777683854607,0.9953694939613342
hard_negative_wag,results/model_checkpoints/20260721_200947_seed1337_bda60282_best_step1500.pt,1500,amazon_google_price_numeric,cross_source,exhaustive,10,108,title:text; description:text; manufacturer:categorical; price:identifier,title:text; description:text; manufacturer:text; price:numeric,290231,,0.8063551689256475,0.024823162978089768,0.0760777683854607,0.9953694939613342
hard_negative_wag,results/model_checkpoints/20260721_200947_seed1337_bda60282_best_step1500.pt,1500,amazon_google_price_numeric,cross_source,exhaustive,11,108,title:text; description:text; manufacturer:categorical; price:categorical,title:text; description:text; manufacturer:text; price:numeric,290231,,0.6633229448900395,0.012213700089282636,0.05203468979319547,0.8401184678077698
hard_negative_wag,results/model_checkpoints/20260721_200947_seed1337_bda60282_best_step1500.pt,1500,amazon_google_price_numeric,cross_source,exhaustive,12,108,title:text; description:text; manufacturer:categorical; price:numeric,title:text; description:text; manufacturer:text; price:numeric,290231,,0.6283553727381073,0.009479952311233811,0.04825090470446321,0.9999569654464722
hard_negative_wag,results/model_checkpoints/20260721_200947_seed1337_bda60282_best_step1500.pt,1500,amazon_google_price_numeric,cross_source,exhaustive,13,108,title:text; description:identifier; manufacturer:text; price:text,title:text; description:text; manufacturer:text; price:numeric,290231,,0.9573308972664963,0.19421292044482422,0.28617886178861784,0.9977606534957886
hard_negative_wag,results/model_checkpoints/20260721_200947_seed1337_bda60282_best_step1500.pt,1500,amazon_google_price_numeric,cross_source,exhaustive,14,108,title:text; description:identifier; manufacturer:text; price:identifier,title:text; description:text; manufacturer:text; price:numeric,290231,,0.9573308972664963,0.19421292044482422,0.28617886178861784,0.9977606534957886
hard_negative_wag,results/model_checkpoints/20260721_200947_seed1337_bda60282_best_step1500.pt,1500,amazon_google_price_numeric,cross_source,exhaustive,15,108,title:text; description:identifier; manufacturer:text; price:categorical,title:text; description:text; manufacturer:text; price:numeric,290231,,0.7038345760694886,0.02661428421812183,0.09843937575030012,0.9989138841629028
hard_negative_wag,results/model_checkpoints/20260721_200947_seed1337_bda60282_best_step1500.pt,1500,amazon_google_price_numeric,cross_source,exhaustive,16,108,title:text; description:identifier; manufacturer:text; price:numeric,title:text; description:text; manufacturer:text; price:numeric,290231,,0.951555111686728,0.1605491963188794,0.2641252552756978,0.9999552965164185
hard_negative_wag,results/model_checkpoints/20260721_200947_seed1337_bda60282_best_step1500.pt,1500,amazon_google_price_numeric,cross_source,exhaustive,17,108,title:text; description:identifier; manufacturer:identifier; price:text,title:text; description:text; manufacturer:text; price:numeric,290231,,0.9573308972664963,0.19421292044482422,0.28617886178861784,0.9977606534957886
hard_negative_wag,results/model_checkpoints/20260721_200947_seed1337_bda60282_best_step1500.pt,1500,amazon_google_price_numeric,cross_source,exhaustive,18,108,title:text; description:identifier; manufacturer:identifier; price:identifier,title:text; description:text; manufacturer:text; price:numeric,290231,,0.9573308972664963,0.19421292044482422,0.28617886178861784,0.9977606534957886
hard_negative_wag,results/model_checkpoints/20260721_200947_seed1337_bda60282_best_step1500.pt,1500,amazon_google_price_numeric,cross_source,exhaustive,19,108,title:text; description:identifier; manufacturer:identifier; price:categorical,title:text; description:text; manufacturer:text; price:numeric,290231,,0.7038345760694886,0.02661428421812183,0.09843937575030012,0.9989138841629028
hard_negative_wag,results/model_checkpoints/20260721_200947_seed1337_bda60282_best_step1500.pt,1500,amazon_google_price_numeric,cross_source,exhaustive,20,108,title:text; description:identifier; manufacturer:identifier; price:numeric,title:text; description:text; manufacturer:text; price:numeric,290231,,0.9515550849006278,0.1605492626945145,0.2641252552756978,0.9999552965164185
hard_negative_wag,results/model_checkpoints/20260721_200947_seed1337_bda60282_best_step1500.pt,1500,amazon_google_price_numeric,cross_source,exhaustive,21,108,title:text; description:identifier; manufacturer:categorical; price:text,title:text; description:text; manufacturer:text; price:numeric,290231,,0.8063551689256475,0.024823162978089768,0.0760777683854607,0.9953694939613342
hard_negative_wag,results/model_checkpoints/20260721_200947_seed1337_bda60282_best_step1500.pt,1500,amazon_google_price_numeric,cross_source,exhaustive,22,108,title:text; description:identifier; manufacturer:categorical; price:identifier,title:text; description:text; manufacturer:text; price:numeric,290231,,0.8063551689256475,0.024823162978089768,0.0760777683854607,0.9953694939613342
hard_negative_wag,results/model_checkpoints/20260721_200947_seed1337_bda60282_best_step1500.pt,1500,amazon_google_price_numeric,cross_source,exhaustive,23,108,title:text; description:identifier; manufacturer:categorical; price:categorical,title:text; description:text; manufacturer:text; price:numeric,290231,,0.6633229448900395,0.012213700089282636,0.05203468979319547,0.8401184678077698
hard_negative_wag,results/model_checkpoints/20260721_200947_seed1337_bda60282_best_step1500.pt,1500,amazon_google_price_numeric,cross_source,exhaustive,24,108,title:text; description:identifier; manufacturer:categorical; price:numeric,title:text; description:text; manufacturer:text; price:numeric,290231,,0.6283553876192741,0.00947980735119177,0.04825090470446321,0.9999569654464722
hard_negative_wag,results/model_checkpoints/20260721_200947_seed1337_bda60282_best_step1500.pt,1500,amazon_google_price_numeric,cross_source,exhaustive,25,108,title:text; description:categorical; manufacturer:text; price:text,title:text; description:text; manufacturer:text; price:numeric,290231,,0.6354113225916707,0.07725724104048244,0.19009100101112236,0.9979391694068909
hard_negative_wag,results/model_checkpoints/20260721_200947_seed1337_bda60282_best_step1500.pt,1500,amazon_google_price_numeric,cross_source,exhaustive,26,108,title:text; description:categorical; manufacturer:text; price:identifier,title:text; description:text; manufacturer:text; price:numeric,290231,,0.6354113225916707,0.07725724104048244,0.19009100101112236,0.9979391694068909
hard_negative_wag,results/model_checkpoints/20260721_200947_seed1337_bda60282_best_step1500.pt,1500,amazon_google_price_numeric,cross_source,exhaustive,27,108,title:text; description:categorical; manufacturer:text; price:categorical,title:text; description:text; manufacturer:text; price:numeric,290231,,0.5949898504490362,0.014149002927544438,0.05380116959064328,0.9977413415908813
hard_negative_wag,results/model_checkpoints/20260721_200947_seed1337_bda60282_best_step1500.pt,1500,amazon_google_price_numeric,cross_source,exhaustive,28,108,title:text; description:categorical; manufacturer:text; price:numeric,title:text; description:text; manufacturer:text; price:numeric,290231,,0.6196042228703532,0.06629468086576201,0.16422947131608548,0.9999607801437378
hard_negative_wag,results/model_checkpoints/20260721_200947_seed1337_bda60282_best_step1500.pt,1500,amazon_google_price_numeric,cross_source,exhaustive,29,108,title:text; description:categorical; manufacturer:identifier; price:text,title:text; description:text; manufacturer:text; price:numeric,290231,,0.6354113225916707,0.07725724104048244,0.19009100101112236,0.9979391694068909
hard_negative_wag,results/model_checkpoints/20260721_200947_seed1337_bda60282_best_step1500.pt,1500,amazon_google_price_numeric,cross_source,exhaustive,30,108,title:text; description:categorical; manufacturer:identifier; price:identifier,title:text; description:text; manufacturer:text; price:numeric,290231,,0.6354113225916707,0.07725724104048244,0.19009100101112236,0.9979391694068909
hard_negative_wag,results/model_checkpoints/20260721_200947_seed1337_bda60282_best_step1500.pt,1500,amazon_google_price_numeric,cross_source,exhaustive,31,108,title:text; description:categorical; manufacturer:identifier; price:categorical,title:text; description:text; manufacturer:text; price:numeric,290231,,0.5949898504490362,0.014149002927544438,0.05380116959064328,0.9977413415908813
hard_negative_wag,results/model_checkpoints/20260721_200947_seed1337_bda60282_best_step1500.pt,1500,amazon_google_price_numeric,cross_source,exhaustive,32,108,title:text; description:categorical; manufacturer:identifier; price:numeric,title:text; description:text; manufacturer:text; price:numeric,290231,,0.6196042288228198,0.0662946800980551,0.16422947131608548,0.9999607801437378
hard_negative_wag,results/model_checkpoints/20260721_200947_seed1337_bda60282_best_step1500.pt,1500,amazon_google_price_numeric,cross_source,exhaustive,33,108,title:text; description:categorical; manufacturer:categorical; price:text,title:text; description:text; manufacturer:text; price:numeric,290231,,0.6024311481153479,0.008868851131949866,0.03456221198156682,0.9980271458625793
hard_negative_wag,results/model_checkpoints/20260721_200947_seed1337_bda60282_best_step1500.pt,1500,amazon_google_price_numeric,cross_source,exhaustive,34,108,title:text; description:categorical; manufacturer:categorical; price:identifier,title:text; description:text; manufacturer:text; price:numeric,290231,,0.6024311481153479,0.008868851131949866,0.03456221198156682,0.9980271458625793
hard_negative_wag,results/model_checkpoints/20260721_200947_seed1337_bda60282_best_step1500.pt,1500,amazon_google_price_numeric,cross_source,exhaustive,35,108,title:text; description:categorical; manufacturer:categorical; price:categorical,title:text; description:text; manufacturer:text; price:numeric,290231,,0.5787105236873055,0.008009161225403552,0.03409090909090909,0.9333204627037048
hard_negative_wag,results/model_checkpoints/20260721_200947_seed1337_bda60282_best_step1500.pt,1500,amazon_google_price_numeric,cross_source,exhaustive,36,108,title:text; description:categorical; manufacturer:categorical; price:numeric,title:text; description:text; manufacturer:text; price:numeric,290231,,0.5623469397594894,0.005412432461603805,0.03773584905660377,0.9999611377716064
hard_negative_wag,results/model_checkpoints/20260721_200947_seed1337_bda60282_best_step1500.pt,1500,amazon_google_price_numeric,cross_source,exhaustive,37,108,title:identifier; description:text; manufacturer:text; price:text,title:text; description:text; manufacturer:text; price:numeric,290231,,0.9573308972664963,0.19421292044482422,0.28617886178861784,0.9977606534957886
hard_negative_wag,results/model_checkpoints/20260721_200947_seed1337_bda60282_best_step1500.pt,1500,amazon_google_price_numeric,cross_source,exhaustive,38,108,title:identifier; description:text; manufacturer:text; price:identifier,title:text; description:text; manufacturer:text; price:numeric,290231,,0.9573308972664963,0.19421292044482422,0.28617886178861784,0.9977606534957886
hard_negative_wag,results/model_checkpoints/20260721_200947_seed1337_bda60282_best_step1500.pt,1500,amazon_google_price_numeric,cross_source,exhaustive,39,108,title:identifier; description:text; manufacturer:text; price:categorical,title:text; description:text; manufacturer:text; price:numeric,290231,,0.7038345760694886,0.02661428421812183,0.09843937575030012,0.9989138841629028
hard_negative_wag,results/model_checkpoints/20260721_200947_seed1337_bda60282_best_step1500.pt,1500,amazon_google_price_numeric,cross_source,exhaustive,40,108,title:identifier; description:text; manufacturer:text; price:numeric,title:text; description:text; manufacturer:text; price:numeric,290231,,0.9515551176391945,0.16054786456875655,0.2641252552756978,0.9999552965164185
hard_negative_wag,results/model_checkpoints/20260721_200947_seed1337_bda60282_best_step1500.pt,1500,amazon_google_price_numeric,cross_source,exhaustive,41,108,title:identifier; description:text; manufacturer:identifier; price:text,title:text; description:text; manufacturer:text; price:numeric,290231,,0.9573308972664963,0.19421292044482422,0.28617886178861784,0.9977606534957886
hard_negative_wag,results/model_checkpoints/20260721_200947_seed1337_bda60282_best_step1500.pt,1500,amazon_google_price_numeric,cross_source,exhaustive,42,108,title:identifier; description:text; manufacturer:identifier; price:identifier,title:text; description:text; manufacturer:text; price:numeric,290231,,0.9573308972664963,0.19421292044482422,0.28617886178861784,0.9977606534957886
hard_negative_wag,results/model_checkpoints/20260721_200947_seed1337_bda60282_best_step1500.pt,1500,amazon_google_price_numeric,cross_source,exhaustive,43,108,title:identifier; description:text; manufacturer:identifier; price:categorical,title:text; description:text; manufacturer:text; price:numeric,290231,,0.7038345760694886,0.02661428421812183,0.09843937575030012,0.9989138841629028
hard_negative_wag,results/model_checkpoints/20260721_200947_seed1337_bda60282_best_step1500.pt,1500,amazon_google_price_numeric,cross_source,exhaustive,44,108,title:identifier; description:text; manufacturer:identifier; price:numeric,title:text; description:text; manufacturer:text; price:numeric,290231,,0.9515551265678948,0.1605479616384001,0.2641252552756978,0.9999552965164185
hard_negative_wag,results/model_checkpoints/20260721_200947_seed1337_bda60282_best_step1500.pt,1500,amazon_google_price_numeric,cross_source,exhaustive,45,108,title:identifier; description:text; manufacturer:categorical; price:text,title:text; description:text; manufacturer:text; price:numeric,290231,,0.8063551689256475,0.024823162978089768,0.0760777683854607,0.9953694939613342
hard_negative_wag,results/model_checkpoints/20260721_200947_seed1337_bda60282_best_step1500.pt,1500,amazon_google_price_numeric,cross_source,exhaustive,46,108,title:identifier; description:text; manufacturer:categorical; price:identifier,title:text; description:text; manufacturer:text; price:numeric,290231,,0.8063551689256475,0.024823162978089768,0.0760777683854607,0.9953694939613342
hard_negative_wag,results/model_checkpoints/20260721_200947_seed1337_bda60282_best_step1500.pt,1500,amazon_google_price_numeric,cross_source,exhaustive,47,108,title:identifier; description:text; manufacturer:categorical; price:categorical,title:text; description:text; manufacturer:text; price:numeric,290231,,0.6633229448900395,0.012213700089282636,0.05203468979319547,0.8401184678077698
hard_negative_wag,results/model_checkpoints/20260721_200947_seed1337_bda60282_best_step1500.pt,1500,amazon_google_price_numeric,cross_source,exhaustive,48,108,title:identifier; description:text; manufacturer:categorical; price:numeric,title:text; description:text; manufacturer:text; price:numeric,290231,,0.6283553846430407,0.009479953523518162,0.04825090470446321,0.9999569654464722
hard_negative_wag,results/model_checkpoints/20260721_200947_seed1337_bda60282_best_step1500.pt,1500,amazon_google_price_numeric,cross_source,exhaustive,49,108,title:identifier; description:identifier; manufacturer:text; price:text,title:text; description:text; manufacturer:text; price:numeric,290231,,0.9573308972664963,0.19421292044482422,0.28617886178861784,0.9977606534957886
hard_negative_wag,results/model_checkpoints/20260721_200947_seed1337_bda60282_best_step1500.pt,1500,amazon_google_price_numeric,cross_source,exhaustive,50,108,title:identifier; description:identifier; manufacturer:text; price:identifier,title:text; description:text; manufacturer:text; price:numeric,290231,,0.9573308972664963,0.19421292044482422,0.28617886178861784,0.9977606534957886
hard_negative_wag,results/model_checkpoints/20260721_200947_seed1337_bda60282_best_step1500.pt,1500,amazon_google_price_numeric,cross_source,exhaustive,51,108,title:identifier; description:identifier; manufacturer:text; price:categorical,title:text; description:text; manufacturer:text; price:numeric,290231,,0.7038345760694886,0.02661428421812183,0.09843937575030012,0.9989138841629028
hard_negative_wag,results/model_checkpoints/20260721_200947_seed1337_bda60282_best_step1500.pt,1500,amazon_google_price_numeric,cross_source,exhaustive,52,108,title:identifier; description:identifier; manufacturer:text; price:numeric,title:text; description:text; manufacturer:text; price:numeric,290231,,0.9515551444252948,0.16054797231283885,0.2641252552756978,0.9999552965164185
hard_negative_wag,results/model_checkpoints/20260721_200947_seed1337_bda60282_best_step1500.pt,1500,amazon_google_price_numeric,cross_source,exhaustive,53,108,title:identifier; description:identifier; manufacturer:identifier; price:text,title:text; description:text; manufacturer:text; price:numeric,290231,,0.9573308972664963,0.19421292044482422,0.28617886178861784,0.9977606534957886
hard_negative_wag,results/model_checkpoints/20260721_200947_seed1337_bda60282_best_step1500.pt,1500,amazon_google_price_numeric,cross_source,exhaustive,54,108,title:identifier; description:identifier; manufacturer:identifier; price:identifier,title:text; description:text; manufacturer:text; price:numeric,290231,,0.9573308972664963,0.19421292044482422,0.28617886178861784,0.9977606534957886
hard_negative_wag,results/model_checkpoints/20260721_200947_seed1337_bda60282_best_step1500.pt,1500,amazon_google_price_numeric,cross_source,exhaustive,55,108,title:identifier; description:identifier; manufacturer:identifier; price:categorical,title:text; description:text; manufacturer:text; price:numeric,290231,,0.7038345760694886,0.02661428421812183,0.09843937575030012,0.9989138841629028
hard_negative_wag,results/model_checkpoints/20260721_200947_seed1337_bda60282_best_step1500.pt,1500,amazon_google_price_numeric,cross_source,exhaustive,56,108,title:identifier; description:identifier; manufacturer:identifier; price:numeric,title:text; description:text; manufacturer:text; price:numeric,290231,,0.951555147401528,0.16054797076873206,0.2641252552756978,0.9999552965164185
hard_negative_wag,results/model_checkpoints/20260721_200947_seed1337_bda60282_best_step1500.pt,1500,amazon_google_price_numeric,cross_source,exhaustive,57,108,title:identifier; description:identifier; manufacturer:categorical; price:text,title:text; description:text; manufacturer:text; price:numeric,290231,,0.8063551689256475,0.024823162978089768,0.0760777683854607,0.9953694939613342
hard_negative_wag,results/model_checkpoints/20260721_200947_seed1337_bda60282_best_step1500.pt,1500,amazon_google_price_numeric,cross_source,exhaustive,58,108,title:identifier; description:identifier; manufacturer:categorical; price:identifier,title:text; description:text; manufacturer:text; price:numeric,290231,,0.8063551689256475,0.024823162978089768,0.0760777683854607,0.9953694939613342
hard_negative_wag,results/model_checkpoints/20260721_200947_seed1337_bda60282_best_step1500.pt,1500,amazon_google_price_numeric,cross_source,exhaustive,59,108,title:identifier; description:identifier; manufacturer:categorical; price:categorical,title:text; description:text; manufacturer:text; price:numeric,290231,,0.6633229448900395,0.012213700089282636,0.05203468979319547,0.8401184678077698
hard_negative_wag,results/model_checkpoints/20260721_200947_seed1337_bda60282_best_step1500.pt,1500,amazon_google_price_numeric,cross_source,exhaustive,60,108,title:identifier; description:identifier; manufacturer:categorical; price:numeric,title:text; description:text; manufacturer:text; price:numeric,290231,,0.628355328094607,0.009479806317355042,0.04825090470446321,0.9999569654464722
hard_negative_wag,results/model_checkpoints/20260721_200947_seed1337_bda60282_best_step1500.pt,1500,amazon_google_price_numeric,cross_source,exhaustive,61,108,title:identifier; description:categorical; manufacturer:text; price:text,title:text; description:text; manufacturer:text; price:numeric,290231,,0.6354113225916707,0.07725724104048244,0.19009100101112236,0.9979391694068909
hard_negative_wag,results/model_checkpoints/20260721_200947_seed1337_bda60282_best_step1500.pt,1500,amazon_google_price_numeric,cross_source,exhaustive,62,108,title:identifier; description:categorical; manufacturer:text; price:identifier,title:text; description:text; manufacturer:text; price:numeric,290231,,0.6354113225916707,0.07725724104048244,0.19009100101112236,0.9979391694068909
hard_negative_wag,results/model_checkpoints/20260721_200947_seed1337_bda60282_best_step1500.pt,1500,amazon_google_price_numeric,cross_source,exhaustive,63,108,title:identifier; description:categorical; manufacturer:text; price:categorical,title:text; description:text; manufacturer:text; price:numeric,290231,,0.5949898504490362,0.014149002927544438,0.05380116959064328,0.9977413415908813
hard_negative_wag,results/model_checkpoints/20260721_200947_seed1337_bda60282_best_step1500.pt,1500,amazon_google_price_numeric,cross_source,exhaustive,64,108,title:identifier; description:categorical; manufacturer:text; price:numeric,title:text; description:text; manufacturer:text; price:numeric,290231,,0.6196042347752866,0.0662946801316729,0.16422947131608548,0.9999607801437378
hard_negative_wag,results/model_checkpoints/20260721_200947_seed1337_bda60282_best_step1500.pt,1500,amazon_google_price_numeric,cross_source,exhaustive,65,108,title:identifier; description:categorical; manufacturer:identifier; price:text,title:text; description:text; manufacturer:text; price:numeric,290231,,0.6354113225916707,0.07725724104048244,0.19009100101112236,0.9979391694068909
hard_negative_wag,results/model_checkpoints/20260721_200947_seed1337_bda60282_best_step1500.pt,1500,amazon_google_price_numeric,cross_source,exhaustive,66,108,title:identifier; description:categorical; manufacturer:identifier; price:identifier,title:text; description:text; manufacturer:text; price:numeric,290231,,0.6354113225916707,0.07725724104048244,0.19009100101112236,0.9979391694068909
hard_negative_wag,results/model_checkpoints/20260721_200947_seed1337_bda60282_best_step1500.pt,1500,amazon_google_price_numeric,cross_source,exhaustive,67,108,title:identifier; description:categorical; manufacturer:identifier; price:categorical,title:text; description:text; manufacturer:text; price:numeric,290231,,0.5949898504490362,0.014149002927544438,0.05380116959064328,0.9977413415908813
hard_negative_wag,results/model_checkpoints/20260721_200947_seed1337_bda60282_best_step1500.pt,1500,amazon_google_price_numeric,cross_source,exhaustive,68,108,title:identifier; description:categorical; manufacturer:identifier; price:numeric,title:text; description:text; manufacturer:text; price:numeric,290231,,0.6196042556089201,0.06629467983488621,0.16422947131608548,0.9999607801437378
hard_negative_wag,results/model_checkpoints/20260721_200947_seed1337_bda60282_best_step1500.pt,1500,amazon_google_price_numeric,cross_source,exhaustive,69,108,title:identifier; description:categorical; manufacturer:categorical; price:text,title:text; description:text; manufacturer:text; price:numeric,290231,,0.6024311481153479,0.008868851131949866,0.03456221198156682,0.9980271458625793
hard_negative_wag,results/model_checkpoints/20260721_200947_seed1337_bda60282_best_step1500.pt,1500,amazon_google_price_numeric,cross_source,exhaustive,70,108,title:identifier; description:categorical; manufacturer:categorical; price:identifier,title:text; description:text; manufacturer:text; price:numeric,290231,,0.6024311481153479,0.008868851131949866,0.03456221198156682,0.9980271458625793
hard_negative_wag,results/model_checkpoints/20260721_200947_seed1337_bda60282_best_step1500.pt,1500,amazon_google_price_numeric,cross_source,exhaustive,71,108,title:identifier; description:categorical; manufacturer:categorical; price:categorical,title:text; description:text; manufacturer:text; price:numeric,290231,,0.5787105236873055,0.008009161225403552,0.03409090909090909,0.9333204627037048
hard_negative_wag,results/model_checkpoints/20260721_200947_seed1337_bda60282_best_step1500.pt,1500,amazon_google_price_numeric,cross_source,exhaustive,72,108,title:identifier; description:categorical; manufacturer:categorical; price:numeric,title:text; description:text; manufacturer:text; price:numeric,290231,,0.5623469427357227,0.005412431993652754,0.03773584905660377,0.9999611377716064
hard_negative_wag,results/model_checkpoints/20260721_200947_seed1337_bda60282_best_step1500.pt,1500,amazon_google_price_numeric,cross_source,exhaustive,73,108,title:categorical; description:text; manufacturer:text; price:text,title:text; description:text; manufacturer:text; price:numeric,290231,,0.6083173489760983,0.04289149776298171,0.10454985479186833,0.9986802935600281
hard_negative_wag,results/model_checkpoints/20260721_200947_seed1337_bda60282_best_step1500.pt,1500,amazon_google_price_numeric,cross_source,exhaustive,74,108,title:categorical; description:text; manufacturer:text; price:identifier,title:text; description:text; manufacturer:text; price:numeric,290231,,0.6083173489760983,0.04289149776298171,0.10454985479186833,0.9986802935600281
hard_negative_wag,results/model_checkpoints/20260721_200947_seed1337_bda60282_best_step1500.pt,1500,amazon_google_price_numeric,cross_source,exhaustive,75,108,title:categorical; description:text; manufacturer:text; price:categorical,title:text; description:text; manufacturer:text; price:numeric,290231,,0.5799087165422263,0.011901991112949642,0.047109207708779445,0.9980142116546631
hard_negative_wag,results/model_checkpoints/20260721_200947_seed1337_bda60282_best_step1500.pt,1500,amazon_google_price_numeric,cross_source,exhaustive,76,108,title:categorical; description:text; manufacturer:text; price:numeric,title:text; description:text; manufacturer:text; price:numeric,290231,,0.6156259423498839,0.014960444769930204,0.06756756756756757,0.9999604225158691
hard_negative_wag,results/model_checkpoints/20260721_200947_seed1337_bda60282_best_step1500.pt,1500,amazon_google_price_numeric,cross_source,exhaustive,77,108,title:categorical; description:text; manufacturer:identifier; price:text,title:text; description:text; manufacturer:text; price:numeric,290231,,0.6083173489760983,0.04289149776298171,0.10454985479186833,0.9986802935600281
hard_negative_wag,results/model_checkpoints/20260721_200947_seed1337_bda60282_best_step1500.pt,1500,amazon_google_price_numeric,cross_source,exhaustive,78,108,title:categorical; description:text; manufacturer:identifier; price:identifier,title:text; description:text; manufacturer:text; price:numeric,290231,,0.6083173489760983,0.04289149776298171,0.10454985479186833,0.9986802935600281
hard_negative_wag,results/model_checkpoints/20260721_200947_seed1337_bda60282_best_step1500.pt,1500,amazon_google_price_numeric,cross_source,exhaustive,79,108,title:categorical; description:text; manufacturer:identifier; price:categorical,title:text; description:text; manufacturer:text; price:numeric,290231,,0.5799087165422263,0.011901991112949642,0.047109207708779445,0.9980142116546631
hard_negative_wag,results/model_checkpoints/20260721_200947_seed1337_bda60282_best_step1500.pt,1500,amazon_google_price_numeric,cross_source,exhaustive,80,108,title:categorical; description:text; manufacturer:identifier; price:numeric,title:text; description:text; manufacturer:text; price:numeric,290231,,0.6156259423498839,0.014960444769930204,0.06756756756756757,0.9999604225158691
hard_negative_wag,results/model_checkpoints/20260721_200947_seed1337_bda60282_best_step1500.pt,1500,amazon_google_price_numeric,cross_source,exhaustive,81,108,title:categorical; description:text; manufacturer:categorical; price:text,title:text; description:text; manufacturer:text; price:numeric,290231,,0.5912569841779864,0.010331241764786095,0.038461538461538464,0.997406542301178
hard_negative_wag,results/model_checkpoints/20260721_200947_seed1337_bda60282_best_step1500.pt,1500,amazon_google_price_numeric,cross_source,exhaustive,82,108,title:categorical; description:text; manufacturer:categorical; price:identifier,title:text; description:text; manufacturer:text; price:numeric,290231,,0.5912569841779864,0.010331241764786095,0.038461538461538464,0.997406542301178
hard_negative_wag,results/model_checkpoints/20260721_200947_seed1337_bda60282_best_step1500.pt,1500,amazon_google_price_numeric,cross_source,exhaustive,83,108,title:categorical; description:text; manufacturer:categorical; price:categorical,title:text; description:text; manufacturer:text; price:numeric,290231,,0.5777395126763136,0.007748791591011814,0.029590948651000874,0.9236636757850647
hard_negative_wag,results/model_checkpoints/20260721_200947_seed1337_bda60282_best_step1500.pt,1500,amazon_google_price_numeric,cross_source,exhaustive,84,108,title:categorical; description:text; manufacturer:categorical; price:numeric,title:text; description:text; manufacturer:text; price:numeric,290231,,0.562877134896824,0.0032937150495939514,0.021403091557669437,0.9999618530273438
hard_negative_wag,results/model_checkpoints/20260721_200947_seed1337_bda60282_best_step1500.pt,1500,amazon_google_price_numeric,cross_source,exhaustive,85,108,title:categorical; description:identifier; manufacturer:text; price:text,title:text; description:text; manufacturer:text; price:numeric,290231,,0.6083173489760983,0.04289149776298171,0.10454985479186833,0.9986802935600281
hard_negative_wag,results/model_checkpoints/20260721_200947_seed1337_bda60282_best_step1500.pt,1500,amazon_google_price_numeric,cross_source,exhaustive,86,108,title:categorical; description:identifier; manufacturer:text; price:identifier,title:text; description:text; manufacturer:text; price:numeric,290231,,0.6083173489760983,0.04289149776298171,0.10454985479186833,0.9986802935600281
hard_negative_wag,results/model_checkpoints/20260721_200947_seed1337_bda60282_best_step1500.pt,1500,amazon_google_price_numeric,cross_source,exhaustive,87,108,title:categorical; description:identifier; manufacturer:text; price:categorical,title:text; description:text; manufacturer:text; price:numeric,290231,,0.5799087165422263,0.011901991112949642,0.047109207708779445,0.9980142116546631
hard_negative_wag,results/model_checkpoints/20260721_200947_seed1337_bda60282_best_step1500.pt,1500,amazon_google_price_numeric,cross_source,exhaustive,88,108,title:categorical; description:identifier; manufacturer:text; price:numeric,title:text; description:text; manufacturer:text; price:numeric,290231,,0.6156259631835173,0.014960532941053572,0.06756756756756757,0.9999604225158691
hard_negative_wag,results/model_checkpoints/20260721_200947_seed1337_bda60282_best_step1500.pt,1500,amazon_google_price_numeric,cross_source,exhaustive,89,108,title:categorical; description:identifier; manufacturer:identifier; price:text,title:text; description:text; manufacturer:text; price:numeric,290231,,0.6083173489760983,0.04289149776298171,0.10454985479186833,0.9986802935600281
hard_negative_wag,results/model_checkpoints/20260721_200947_seed1337_bda60282_best_step1500.pt,1500,amazon_google_price_numeric,cross_source,exhaustive,90,108,title:categorical; description:identifier; manufacturer:identifier; price:identifier,title:text; description:text; manufacturer:text; price:numeric,290231,,0.6083173489760983,0.04289149776298171,0.10454985479186833,0.9986802935600281
hard_negative_wag,results/model_checkpoints/20260721_200947_seed1337_bda60282_best_step1500.pt,1500,amazon_google_price_numeric,cross_source,exhaustive,91,108,title:categorical; description:identifier; manufacturer:identifier; price:categorical,title:text; description:text; manufacturer:text; price:numeric,290231,,0.5799087165422263,0.011901991112949642,0.047109207708779445,0.9980142116546631
hard_negative_wag,results/model_checkpoints/20260721_200947_seed1337_bda60282_best_step1500.pt,1500,amazon_google_price_numeric,cross_source,exhaustive,92,108,title:categorical; description:identifier; manufacturer:identifier; price:numeric,title:text; description:text; manufacturer:text; price:numeric,290231,,0.6156256328216156,0.014959089026559525,0.06756756756756757,0.9999604225158691
hard_negative_wag,results/model_checkpoints/20260721_200947_seed1337_bda60282_best_step1500.pt,1500,amazon_google_price_numeric,cross_source,exhaustive,93,108,title:categorical; description:identifier; manufacturer:categorical; price:text,title:text; description:text; manufacturer:text; price:numeric,290231,,0.5912569841779864,0.010331241764786095,0.038461538461538464,0.997406542301178
hard_negative_wag,results/model_checkpoints/20260721_200947_seed1337_bda60282_best_step1500.pt,1500,amazon_google_price_numeric,cross_source,exhaustive,94,108,title:categorical; description:identifier; manufacturer:categorical; price:identifier,title:text; description:text; manufacturer:text; price:numeric,290231,,0.5912569841779864,0.010331241764786095,0.038461538461538464,0.997406542301178
hard_negative_wag,results/model_checkpoints/20260721_200947_seed1337_bda60282_best_step1500.pt,1500,amazon_google_price_numeric,cross_source,exhaustive,95,108,title:categorical; description:identifier; manufacturer:categorical; price:categorical,title:text; description:text; manufacturer:text; price:numeric,290231,,0.5777395126763136,0.007748791591011814,0.029590948651000874,0.9236636757850647
hard_negative_wag,results/model_checkpoints/20260721_200947_seed1337_bda60282_best_step1500.pt,1500,amazon_google_price_numeric,cross_source,exhaustive,96,108,title:categorical; description:identifier; manufacturer:categorical; price:numeric,title:text; description:text; manufacturer:text; price:numeric,290231,,0.5628771289443574,0.003293714889972939,0.021403091557669437,0.9999618530273438
hard_negative_wag,results/model_checkpoints/20260721_200947_seed1337_bda60282_best_step1500.pt,1500,amazon_google_price_numeric,cross_source,exhaustive,97,108,title:categorical; description:categorical; manufacturer:text; price:text,title:text; description:text; manufacturer:text; price:numeric,290231,,0.5366352122453193,0.00543856334182153,0.031379025598678785,0.9997550845146179
hard_negative_wag,results/model_checkpoints/20260721_200947_seed1337_bda60282_best_step1500.pt,1500,amazon_google_price_numeric,cross_source,exhaustive,98,108,title:categorical; description:categorical; manufacturer:text; price:identifier,title:text; description:text; manufacturer:text; price:numeric,290231,,0.5366352122453193,0.00543856334182153,0.031379025598678785,0.9997550845146179
hard_negative_wag,results/model_checkpoints/20260721_200947_seed1337_bda60282_best_step1500.pt,1500,amazon_google_price_numeric,cross_source,exhaustive,99,108,title:categorical; description:categorical; manufacturer:text; price:categorical,title:text; description:text; manufacturer:text; price:numeric,290231,,0.5262578901434175,0.004349636823663893,0.03796203796203797,0.9994874000549316
hard_negative_wag,results/model_checkpoints/20260721_200947_seed1337_bda60282_best_step1500.pt,1500,amazon_google_price_numeric,cross_source,exhaustive,100,108,title:categorical; description:categorical; manufacturer:text; price:numeric,title:text; description:text; manufacturer:text; price:numeric,290231,,0.5648773660906306,0.003658305488810473,0.013800153335037056,0.9999641180038452
hard_negative_wag,results/model_checkpoints/20260721_200947_seed1337_bda60282_best_step1500.pt,1500,amazon_google_price_numeric,cross_source,exhaustive,101,108,title:categorical; description:categorical; manufacturer:identifier; price:text,title:text; description:text; manufacturer:text; price:numeric,290231,,0.5366352122453193,0.00543856334182153,0.031379025598678785,0.9997550845146179
hard_negative_wag,results/model_checkpoints/20260721_200947_seed1337_bda60282_best_step1500.pt,1500,amazon_google_price_numeric,cross_source,exhaustive,102,108,title:categorical; description:categorical; manufacturer:identifier; price:identifier,title:text; description:text; manufacturer:text; price:numeric,290231,,0.5366352122453193,0.00543856334182153,0.031379025598678785,0.9997550845146179
hard_negative_wag,results/model_checkpoints/20260721_200947_seed1337_bda60282_best_step1500.pt,1500,amazon_google_price_numeric,cross_source,exhaustive,103,108,title:categorical; description:categorical; manufacturer:identifier; price:categorical,title:text; description:text; manufacturer:text; price:numeric,290231,,0.5262578901434175,0.004349636823663893,0.03796203796203797,0.9994874000549316
hard_negative_wag,results/model_checkpoints/20260721_200947_seed1337_bda60282_best_step1500.pt,1500,amazon_google_price_numeric,cross_source,exhaustive,104,108,title:categorical; description:categorical; manufacturer:identifier; price:numeric,title:text; description:text; manufacturer:text; price:numeric,290231,,0.5648781518162345,0.0036583534026724484,0.013800153335037056,0.9999641180038452
hard_negative_wag,results/model_checkpoints/20260721_200947_seed1337_bda60282_best_step1500.pt,1500,amazon_google_price_numeric,cross_source,exhaustive,105,108,title:categorical; description:categorical; manufacturer:categorical; price:text,title:text; description:text; manufacturer:text; price:numeric,290231,,0.5440092976339302,0.003353287765447476,0.02414928649835346,0.9998334646224976
hard_negative_wag,results/model_checkpoints/20260721_200947_seed1337_bda60282_best_step1500.pt,1500,amazon_google_price_numeric,cross_source,exhaustive,106,108,title:categorical; description:categorical; manufacturer:categorical; price:identifier,title:text; description:text; manufacturer:text; price:numeric,290231,,0.5440092976339302,0.003353287765447476,0.02414928649835346,0.9998334646224976
hard_negative_wag,results/model_checkpoints/20260721_200947_seed1337_bda60282_best_step1500.pt,1500,amazon_google_price_numeric,cross_source,exhaustive,107,108,title:categorical; description:categorical; manufacturer:categorical; price:categorical,title:text; description:text; manufacturer:text; price:numeric,290231,,0.5410280939761156,0.0037853588108434813,0.026365348399246705,0.9654770493507385
hard_negative_wag,results/model_checkpoints/20260721_200947_seed1337_bda60282_best_step1500.pt,1500,amazon_google_price_numeric,cross_source,exhaustive,108,108,title:categorical; description:categorical; manufacturer:categorical; price:numeric,title:text; description:text; manufacturer:text; price:numeric,290231,,0.5534452133179537,0.002538212938006731,0.007317965605561654,0.9611424207687378
hard_negative_wag,results/model_checkpoints/20260721_200947_seed1337_bda60282_best_step1500.pt,1500,amazon_google_price_both,cross_source,exhaustive,1,432,title:text; description:text; manufacturer:text; price_text:text; price_numeric:text,title:text; description:text; manufacturer:text; price_text:text; price_numeric:numeric,290231,,0.8903729327529599,0.09605476858143326,0.18945102260495156,0.9993346333503723
hard_negative_wag,results/model_checkpoints/20260721_200947_seed1337_bda60282_best_step1500.pt,1500,amazon_google_price_both,cross_source,exhaustive,2,432,title:text; description:text; manufacturer:text; price_text:text; price_numeric:identifier,title:text; description:text; manufacturer:text; price_text:text; price_numeric:numeric,290231,,0.8903729327529599,0.09605476858143326,0.18945102260495156,0.9993346333503723
hard_negative_wag,results/model_checkpoints/20260721_200947_seed1337_bda60282_best_step1500.pt,1500,amazon_google_price_both,cross_source,exhaustive,3,432,title:text; description:text; manufacturer:text; price_text:text; price_numeric:categorical,title:text; description:text; manufacturer:text; price_text:text; price_numeric:numeric,290231,,0.6982936629206207,0.021595311510557387,0.08299595141700405,0.9995915293693542
hard_negative_wag,results/model_checkpoints/20260721_200947_seed1337_bda60282_best_step1500.pt,1500,amazon_google_price_both,cross_source,manifest,4,432,title:text; description:text; manufacturer:text; price_text:text; price_numeric:numeric,title:text; description:text; manufacturer:text; price_text:text; price_numeric:numeric,290231,,0.9248996890312348,0.0832526096294612,0.15407190022010273,0.9999514818191528
hard_negative_wag,results/model_checkpoints/20260721_200947_seed1337_bda60282_best_step1500.pt,1500,amazon_google_price_both,cross_source,exhaustive,5,432,title:text; description:text; manufacturer:text; price_text:identifier; price_numeric:text,title:text; description:text; manufacturer:text; price_text:text; price_numeric:numeric,290231,,0.8903729327529599,0.09605476858143326,0.18945102260495156,0.9993346333503723
hard_negative_wag,results/model_checkpoints/20260721_200947_seed1337_bda60282_best_step1500.pt,1500,amazon_google_price_both,cross_source,exhaustive,6,432,title:text; description:text; manufacturer:text; price_text:identifier; price_numeric:identifier,title:text; description:text; manufacturer:text; price_text:text; price_numeric:numeric,290231,,0.8903729327529599,0.09605476858143326,0.18945102260495156,0.9993346333503723
hard_negative_wag,results/model_checkpoints/20260721_200947_seed1337_bda60282_best_step1500.pt,1500,amazon_google_price_both,cross_source,exhaustive,7,432,title:text; description:text; manufacturer:text; price_text:identifier; price_numeric:categorical,title:text; description:text; manufacturer:text; price_text:text; price_numeric:numeric,290231,,0.6982936629206207,0.021595311510557387,0.08299595141700405,0.9995915293693542
hard_negative_wag,results/model_checkpoints/20260721_200947_seed1337_bda60282_best_step1500.pt,1500,amazon_google_price_both,cross_source,exhaustive,8,432,title:text; description:text; manufacturer:text; price_text:identifier; price_numeric:numeric,title:text; description:text; manufacturer:text; price_text:text; price_numeric:numeric,290231,,0.9248996652213681,0.08325329531656402,0.15407190022010273,0.9999514818191528
hard_negative_wag,results/model_checkpoints/20260721_200947_seed1337_bda60282_best_step1500.pt,1500,amazon_google_price_both,cross_source,exhaustive,9,432,title:text; description:text; manufacturer:text; price_text:categorical; price_numeric:text,title:text; description:text; manufacturer:text; price_text:text; price_numeric:numeric,290231,,0.6958624790904726,0.021430257936765097,0.08324873096446701,0.9996036887168884
hard_negative_wag,results/model_checkpoints/20260721_200947_seed1337_bda60282_best_step1500.pt,1500,amazon_google_price_both,cross_source,exhaustive,10,432,title:text; description:text; manufacturer:text; price_text:categorical; price_numeric:identifier,title:text; description:text; manufacturer:text; price_text:text; price_numeric:numeric,290231,,0.6958624790904726,0.021430257936765097,0.08324873096446701,0.9996036887168884
hard_negative_wag,results/model_checkpoints/20260721_200947_seed1337_bda60282_best_step1500.pt,1500,amazon_google_price_both,cross_source,exhaustive,11,432,title:text; description:text; manufacturer:text; price_text:categorical; price_numeric:categorical,title:text; description:text; manufacturer:text; price_text:text; price_numeric:numeric,290231,,0.6244052325039444,0.013089165585717086,0.07186678352322524,0.9997484087944031
hard_negative_wag,results/model_checkpoints/20260721_200947_seed1337_bda60282_best_step1500.pt,1500,amazon_google_price_both,cross_source,exhaustive,12,432,title:text; description:text; manufacturer:text; price_text:categorical; price_numeric:numeric,title:text; description:text; manufacturer:text; price_text:text; price_numeric:numeric,290231,,0.6253529217504205,0.019625756879442083,0.0914709517923362,0.9999483823776245
hard_negative_wag,results/model_checkpoints/20260721_200947_seed1337_bda60282_best_step1500.pt,1500,amazon_google_price_both,cross_source,exhaustive,13,432,title:text; description:text; manufacturer:text; price_text:numeric; price_numeric:text,title:text; description:text; manufacturer:text; price_text:text; price_numeric:numeric,290231,"ValueError(""could not convert string to float: '47.8 gbp'"")",,,,
hard_negative_wag,results/model_checkpoints/20260721_200947_seed1337_bda60282_best_step1500.pt,1500,amazon_google_price_both,cross_source,exhaustive,14,432,title:text; description:text; manufacturer:text; price_text:numeric; price_numeric:identifier,title:text; description:text; manufacturer:text; price_text:text; price_numeric:numeric,290231,"ValueError(""could not convert string to float: '47.8 gbp'"")",,,,
hard_negative_wag,results/model_checkpoints/20260721_200947_seed1337_bda60282_best_step1500.pt,1500,amazon_google_price_both,cross_source,exhaustive,15,432,title:text; description:text; manufacturer:text; price_text:numeric; price_numeric:categorical,title:text; description:text; manufacturer:text; price_text:text; price_numeric:numeric,290231,"ValueError(""could not convert string to float: '47.8 gbp'"")",,,,
hard_negative_wag,results/model_checkpoints/20260721_200947_seed1337_bda60282_best_step1500.pt,1500,amazon_google_price_both,cross_source,exhaustive,16,432,title:text; description:text; manufacturer:text; price_text:numeric; price_numeric:numeric,title:text; description:text; manufacturer:text; price_text:text; price_numeric:numeric,290231,"ValueError(""could not convert string to float: '47.8 gbp'"")",,,,
hard_negative_wag,results/model_checkpoints/20260721_200947_seed1337_bda60282_best_step1500.pt,1500,amazon_google_price_both,cross_source,exhaustive,17,432,title:text; description:text; manufacturer:identifier; price_text:text; price_numeric:text,title:text; description:text; manufacturer:text; price_text:text; price_numeric:numeric,290231,,0.8903729327529599,0.09605476858143326,0.18945102260495156,0.9993346333503723
hard_negative_wag,results/model_checkpoints/20260721_200947_seed1337_bda60282_best_step1500.pt,1500,amazon_google_price_both,cross_source,exhaustive,18,432,title:text; description:text; manufacturer:identifier; price_text:text; price_numeric:identifier,title:text; description:text; manufacturer:text; price_text:text; price_numeric:numeric,290231,,0.8903729327529599,0.09605476858143326,0.18945102260495156,0.9993346333503723
hard_negative_wag,results/model_checkpoints/20260721_200947_seed1337_bda60282_best_step1500.pt,1500,amazon_google_price_both,cross_source,exhaustive,19,432,title:text; description:text; manufacturer:identifier; price_text:text; price_numeric:categorical,title:text; description:text; manufacturer:text; price_text:text; price_numeric:numeric,290231,,0.6982936629206207,0.021595311510557387,0.08299595141700405,0.9995915293693542
hard_negative_wag,results/model_checkpoints/20260721_200947_seed1337_bda60282_best_step1500.pt,1500,amazon_google_price_both,cross_source,exhaustive,20,432,title:text; description:text; manufacturer:identifier; price_text:text; price_numeric:numeric,title:text; description:text; manufacturer:text; price_text:text; price_numeric:numeric,290231,,0.9248992902159663,0.08325269387760005,0.15407190022010273,0.9999514818191528
hard_negative_wag,results/model_checkpoints/20260721_200947_seed1337_bda60282_best_step1500.pt,1500,amazon_google_price_both,cross_source,exhaustive,21,432,title:text; description:text; manufacturer:identifier; price_text:identifier; price_numeric:text,title:text; description:text; manufacturer:text; price_text:text; price_numeric:numeric,290231,,0.8903729327529599,0.09605476858143326,0.18945102260495156,0.9993346333503723
hard_negative_wag,results/model_checkpoints/20260721_200947_seed1337_bda60282_best_step1500.pt,1500,amazon_google_price_both,cross_source,exhaustive,22,432,title:text; description:text; manufacturer:identifier; price_text:identifier; price_numeric:identifier,title:text; description:text; manufacturer:text; price_text:text; price_numeric:numeric,290231,,0.8903729327529599,0.09605476858143326,0.18945102260495156,0.9993346333503723
hard_negative_wag,results/model_checkpoints/20260721_200947_seed1337_bda60282_best_step1500.pt,1500,amazon_google_price_both,cross_source,exhaustive,23,432,title:text; description:text; manufacturer:identifier; price_text:identifier; price_numeric:categorical,title:text; description:text; manufacturer:text; price_text:text; price_numeric:numeric,290231,,0.6982936629206207,0.021595311510557387,0.08299595141700405,0.9995915293693542
hard_negative_wag,results/model_checkpoints/20260721_200947_seed1337_bda60282_best_step1500.pt,1500,amazon_google_price_both,cross_source,exhaustive,24,432,title:text; description:text; manufacturer:identifier; price_text:identifier; price_numeric:numeric,title:text; description:text; manufacturer:text; price_text:text; price_numeric:numeric,290231,,0.9248993170020664,0.08325265210860429,0.15407190022010273,0.9999514818191528
hard_negative_wag,results/model_checkpoints/20260721_200947_seed1337_bda60282_best_step1500.pt,1500,amazon_google_price_both,cross_source,exhaustive,25,432,title:text; description:text; manufacturer:identifier; price_text:categorical; price_numeric:text,title:text; description:text; manufacturer:text; price_text:text; price_numeric:numeric,290231,,0.6958624790904726,0.021430257936765097,0.08324873096446701,0.9996036887168884
hard_negative_wag,results/model_checkpoints/20260721_200947_seed1337_bda60282_best_step1500.pt,1500,amazon_google_price_both,cross_source,exhaustive,26,432,title:text; description:text; manufacturer:identifier; price_text:categorical; price_numeric:identifier,title:text; description:text; manufacturer:text; price_text:text; price_numeric:numeric,290231,,0.6958624790904726,0.021430257936765097,0.08324873096446701,0.9996036887168884
hard_negative_wag,results/model_checkpoints/20260721_200947_seed1337_bda60282_best_step1500.pt,1500,amazon_google_price_both,cross_source,exhaustive,27,432,title:text; description:text; manufacturer:identifier; price_text:categorical; price_numeric:categorical,title:text; description:text; manufacturer:text; price_text:text; price_numeric:numeric,290231,,0.6244052325039444,0.013089165585717086,0.07186678352322524,0.9997484087944031
hard_negative_wag,results/model_checkpoints/20260721_200947_seed1337_bda60282_best_step1500.pt,1500,amazon_google_price_both,cross_source,exhaustive,28,432,title:text; description:text; manufacturer:identifier; price_text:categorical; price_numeric:numeric,title:text; description:text; manufacturer:text; price_text:text; price_numeric:numeric,290231,,0.6253529128217205,0.01962575503763658,0.0914709517923362,0.9999483823776245
hard_negative_wag,results/model_checkpoints/20260721_200947_seed1337_bda60282_best_step1500.pt,1500,amazon_google_price_both,cross_source,exhaustive,29,432,title:text; description:text; manufacturer:identifier; price_text:numeric; price_numeric:text,title:text; description:text; manufacturer:text; price_text:text; price_numeric:numeric,290231,"ValueError(""could not convert string to float: '47.8 gbp'"")",,,,
hard_negative_wag,results/model_checkpoints/20260721_200947_seed1337_bda60282_best_step1500.pt,1500,amazon_google_price_both,cross_source,exhaustive,30,432,title:text; description:text; manufacturer:identifier; price_text:numeric; price_numeric:identifier,title:text; description:text; manufacturer:text; price_text:text; price_numeric:numeric,290231,"ValueError(""could not convert string to float: '47.8 gbp'"")",,,,
hard_negative_wag,results/model_checkpoints/20260721_200947_seed1337_bda60282_best_step1500.pt,1500,amazon_google_price_both,cross_source,exhaustive,31,432,title:text; description:text; manufacturer:identifier; price_text:numeric; price_numeric:categorical,title:text; description:text; manufacturer:text; price_text:text; price_numeric:numeric,290231,"ValueError(""could not convert string to float: '47.8 gbp'"")",,,,
hard_negative_wag,results/model_checkpoints/20260721_200947_seed1337_bda60282_best_step1500.pt,1500,amazon_google_price_both,cross_source,exhaustive,32,432,title:text; description:text; manufacturer:identifier; price_text:numeric; price_numeric:numeric,title:text; description:text; manufacturer:text; price_text:text; price_numeric:numeric,290231,"ValueError(""could not convert string to float: '47.8 gbp'"")",,,,
hard_negative_wag,results/model_checkpoints/20260721_200947_seed1337_bda60282_best_step1500.pt,1500,amazon_google_price_both,cross_source,exhaustive,33,432,title:text; description:text; manufacturer:categorical; price_text:text; price_numeric:text,title:text; description:text; manufacturer:text; price_text:text; price_numeric:numeric,290231,,0.7803878811825742,0.017595146248123854,0.0625,0.9977648258209229
hard_negative_wag,results/model_checkpoints/20260721_200947_seed1337_bda60282_best_step1500.pt,1500,amazon_google_price_both,cross_source,exhaustive,34,432,title:text; description:text; manufacturer:categorical; price_text:text; price_numeric:identifier,title:text; description:text; manufacturer:text; price_text:text; price_numeric:numeric,290231,,0.7803878811825742,0.017595146248123854,0.0625,0.9977648258209229
hard_negative_wag,results/model_checkpoints/20260721_200947_seed1337_bda60282_best_step1500.pt,1500,amazon_google_price_both,cross_source,exhaustive,35,432,title:text; description:text; manufacturer:categorical; price_text:text; price_numeric:categorical,title:text; description:text; manufacturer:text; price_text:text; price_numeric:numeric,290231,,0.6573419986168849,0.010949262802772544,0.04515659140568099,0.9698672890663147
hard_negative_wag,results/model_checkpoints/20260721_200947_seed1337_bda60282_best_step1500.pt,1500,amazon_google_price_both,cross_source,exhaustive,36,432,title:text; description:text; manufacturer:categorical; price_text:text; price_numeric:numeric,title:text; description:text; manufacturer:text; price_text:text; price_numeric:numeric,290231,,0.6363156153796977,0.008439799508175166,0.03125000000000001,0.9999443292617798
hard_negative_wag,results/model_checkpoints/20260721_200947_seed1337_bda60282_best_step1500.pt,1500,amazon_google_price_both,cross_source,exhaustive,37,432,title:text; description:text; manufacturer:categorical; price_text:identifier; price_numeric:text,title:text; description:text; manufacturer:text; price_text:text; price_numeric:numeric,290231,,0.7803878811825742,0.017595146248123854,0.0625,0.9977648258209229
hard_negative_wag,results/model_checkpoints/20260721_200947_seed1337_bda60282_best_step1500.pt,1500,amazon_google_price_both,cross_source,exhaustive,38,432,title:text; description:text; manufacturer:categorical; price_text:identifier; price_numeric:identifier,title:text; description:text; manufacturer:text; price_text:text; price_numeric:numeric,290231,,0.7803878811825742,0.017595146248123854,0.0625,0.9977648258209229
hard_negative_wag,results/model_checkpoints/20260721_200947_seed1337_bda60282_best_step1500.pt,1500,amazon_google_price_both,cross_source,exhaustive,39,432,title:text; description:text; manufacturer:categorical; price_text:identifier; price_numeric:categorical,title:text; description:text; manufacturer:text; price_text:text; price_numeric:numeric,290231,,0.6573419986168849,0.010949262802772544,0.04515659140568099,0.9698672890663147
hard_negative_wag,results/model_checkpoints/20260721_200947_seed1337_bda60282_best_step1500.pt,1500,amazon_google_price_both,cross_source,exhaustive,40,432,title:text; description:text; manufacturer:categorical; price_text:identifier; price_numeric:numeric,title:text; description:text; manufacturer:text; price_text:text; price_numeric:numeric,290231,,0.6363156927617648,0.00843980072563723,0.03125000000000001,0.9999443292617798
hard_negative_wag,results/model_checkpoints/20260721_200947_seed1337_bda60282_best_step1500.pt,1500,amazon_google_price_both,cross_source,exhaustive,41,432,title:text; description:text; manufacturer:categorical; price_text:categorical; price_numeric:text,title:text; description:text; manufacturer:text; price_text:text; price_numeric:numeric,290231,,0.655872834596784,0.010988445599065033,0.044684129429892146,0.9793247580528259
hard_negative_wag,results/model_checkpoints/20260721_200947_seed1337_bda60282_best_step1500.pt,1500,amazon_google_price_both,cross_source,exhaustive,42,432,title:text; description:text; manufacturer:categorical; price_text:categorical; price_numeric:identifier,title:text; description:text; manufacturer:text; price_text:text; price_numeric:numeric,290231,,0.655872834596784,0.010988445599065033,0.044684129429892146,0.9793247580528259
hard_negative_wag,results/model_checkpoints/20260721_200947_seed1337_bda60282_best_step1500.pt,1500,amazon_google_price_both,cross_source,exhaustive,43,432,title:text; description:text; manufacturer:categorical; price_text:categorical; price_numeric:categorical,title:text; description:text; manufacturer:text; price_text:text; price_numeric:numeric,290231,,0.6036746928140275,0.007175374219008578,0.047176554681915665,0.9935613870620728
hard_negative_wag,results/model_checkpoints/20260721_200947_seed1337_bda60282_best_step1500.pt,1500,amazon_google_price_both,cross_source,exhaustive,44,432,title:text; description:text; manufacturer:categorical; price_text:categorical; price_numeric:numeric,title:text; description:text; manufacturer:text; price_text:text; price_numeric:numeric,290231,,0.6056279560693671,0.0071926848327955465,0.030371203599550055,0.998647153377533
hard_negative_wag,results/model_checkpoints/20260721_200947_seed1337_bda60282_best_step1500.pt,1500,amazon_google_price_both,cross_source,exhaustive,45,432,title:text; description:text; manufacturer:categorical; price_text:numeric; price_numeric:text,title:text; description:text; manufacturer:text; price_text:text; price_numeric:numeric,290231,"ValueError(""could not convert string to float: '47.8 gbp'"")",,,,
hard_negative_wag,results/model_checkpoints/20260721_200947_seed1337_bda60282_best_step1500.pt,1500,amazon_google_price_both,cross_source,exhaustive,46,432,title:text; description:text; manufacturer:categorical; price_text:numeric; price_numeric:identifier,title:text; description:text; manufacturer:text; price_text:text; price_numeric:numeric,290231,"ValueError(""could not convert string to float: '47.8 gbp'"")",,,,
hard_negative_wag,results/model_checkpoints/20260721_200947_seed1337_bda60282_best_step1500.pt,1500,amazon_google_price_both,cross_source,exhaustive,47,432,title:text; description:text; manufacturer:categorical; price_text:numeric; price_numeric:categorical,title:text; description:text; manufacturer:text; price_text:text; price_numeric:numeric,290231,"ValueError(""could not convert string to float: '47.8 gbp'"")",,,,
hard_negative_wag,results/model_checkpoints/20260721_200947_seed1337_bda60282_best_step1500.pt,1500,amazon_google_price_both,cross_source,exhaustive,48,432,title:text; description:text; manufacturer:categorical; price_text:numeric; price_numeric:numeric,title:text; description:text; manufacturer:text; price_text:text; price_numeric:numeric,290231,"ValueError(""could not convert string to float: '47.8 gbp'"")",,,,
hard_negative_wag,results/model_checkpoints/20260721_200947_seed1337_bda60282_best_step1500.pt,1500,amazon_google_price_both,cross_source,exhaustive,49,432,title:text; description:identifier; manufacturer:text; price_text:text; price_numeric:text,title:text; description:text; manufacturer:text; price_text:text; price_numeric:numeric,290231,,0.8903729327529599,0.09605476858143326,0.18945102260495156,0.9993346333503723
hard_negative_wag,results/model_checkpoints/20260721_200947_seed1337_bda60282_best_step1500.pt,1500,amazon_google_price_both,cross_source,exhaustive,50,432,title:text; description:identifier; manufacturer:text; price_text:text; price_numeric:identifier,title:text; description:text; manufacturer:text; price_text:text; price_numeric:numeric,290231,,0.8903729327529599,0.09605476858143326,0.18945102260495156,0.9993346333503723
hard_negative_wag,results/model_checkpoints/20260721_200947_seed1337_bda60282_best_step1500.pt,1500,amazon_google_price_both,cross_source,exhaustive,51,432,title:text; description:identifier; manufacturer:text; price_text:text; price_numeric:categorical,title:text; description:text; manufacturer:text; price_text:text; price_numeric:numeric,290231,,0.6982936629206207,0.021595311510557387,0.08299595141700405,0.9995915293693542
hard_negative_wag,results/model_checkpoints/20260721_200947_seed1337_bda60282_best_step1500.pt,1500,amazon_google_price_both,cross_source,exhaustive,52,432,title:text; description:identifier; manufacturer:text; price_text:text; price_numeric:numeric,title:text; description:text; manufacturer:text; price_text:text; price_numeric:numeric,290231,,0.9248992396199993,0.0832525448083091,0.15407190022010273,0.9999514818191528
hard_negative_wag,results/model_checkpoints/20260721_200947_seed1337_bda60282_best_step1500.pt,1500,amazon_google_price_both,cross_source,exhaustive,53,432,title:text; description:identifier; manufacturer:text; price_text:identifier; price_numeric:text,title:text; description:text; manufacturer:text; price_text:text; price_numeric:numeric,290231,,0.8903729327529599,0.09605476858143326,0.18945102260495156,0.9993346333503723
hard_negative_wag,results/model_checkpoints/20260721_200947_seed1337_bda60282_best_step1500.pt,1500,amazon_google_price_both,cross_source,exhaustive,54,432,title:text; description:identifier; manufacturer:text; price_text:identifier; price_numeric:identifier,title:text; description:text; manufacturer:text; price_text:text; price_numeric:numeric,290231,,0.8903729327529599,0.09605476858143326,0.18945102260495156,0.9993346333503723
hard_negative_wag,results/model_checkpoints/20260721_200947_seed1337_bda60282_best_step1500.pt,1500,amazon_google_price_both,cross_source,exhaustive,55,432,title:text; description:identifier; manufacturer:text; price_text:identifier; price_numeric:categorical,title:text; description:text; manufacturer:text; price_text:text; price_numeric:numeric,290231,,0.6982936629206207,0.021595311510557387,0.08299595141700405,0.9995915293693542
hard_negative_wag,results/model_checkpoints/20260721_200947_seed1337_bda60282_best_step1500.pt,1500,amazon_google_price_both,cross_source,exhaustive,56,432,title:text; description:identifier; manufacturer:text; price_text:identifier; price_numeric:numeric,title:text; description:text; manufacturer:text; price_text:text; price_numeric:numeric,290231,,0.9248993229545331,0.08325264776153485,0.15407190022010273,0.9999514818191528
hard_negative_wag,results/model_checkpoints/20260721_200947_seed1337_bda60282_best_step1500.pt,1500,amazon_google_price_both,cross_source,exhaustive,57,432,title:text; description:identifier; manufacturer:text; price_text:categorical; price_numeric:text,title:text; description:text; manufacturer:text; price_text:text; price_numeric:numeric,290231,,0.6958624790904726,0.021430257936765097,0.08324873096446701,0.9996036887168884
hard_negative_wag,results/model_checkpoints/20260721_200947_seed1337_bda60282_best_step1500.pt,1500,amazon_google_price_both,cross_source,exhaustive,58,432,title:text; description:identifier; manufacturer:text; price_text:categorical; price_numeric:identifier,title:text; description:text; manufacturer:text; price_text:text; price_numeric:numeric,290231,,0.6958624790904726,0.021430257936765097,0.08324873096446701,0.9996036887168884
hard_negative_wag,results/model_checkpoints/20260721_200947_seed1337_bda60282_best_step1500.pt,1500,amazon_google_price_both,cross_source,exhaustive,59,432,title:text; description:identifier; manufacturer:text; price_text:categorical; price_numeric:categorical,title:text; description:text; manufacturer:text; price_text:text; price_numeric:numeric,290231,,0.6244052325039444,0.013089165585717086,0.07186678352322524,0.9997484087944031
hard_negative_wag,results/model_checkpoints/20260721_200947_seed1337_bda60282_best_step1500.pt,1500,amazon_google_price_both,cross_source,exhaustive,60,432,title:text; description:identifier; manufacturer:text; price_text:categorical; price_numeric:numeric,title:text; description:text; manufacturer:text; price_text:text; price_numeric:numeric,290231,,0.625352891988087,0.019625755774704164,0.0914709517923362,0.9999483823776245
hard_negative_wag,results/model_checkpoints/20260721_200947_seed1337_bda60282_best_step1500.pt,1500,amazon_google_price_both,cross_source,exhaustive,61,432,title:text; description:identifier; manufacturer:text; price_text:numeric; price_numeric:text,title:text; description:text; manufacturer:text; price_text:text; price_numeric:numeric,290231,"ValueError(""could not convert string to float: '47.8 gbp'"")",,,,
hard_negative_wag,results/model_checkpoints/20260721_200947_seed1337_bda60282_best_step1500.pt,1500,amazon_google_price_both,cross_source,exhaustive,62,432,title:text; description:identifier; manufacturer:text; price_text:numeric; price_numeric:identifier,title:text; description:text; manufacturer:text; price_text:text; price_numeric:numeric,290231,"ValueError(""could not convert string to float: '47.8 gbp'"")",,,,
hard_negative_wag,results/model_checkpoints/20260721_200947_seed1337_bda60282_best_step1500.pt,1500,amazon_google_price_both,cross_source,exhaustive,63,432,title:text; description:identifier; manufacturer:text; price_text:numeric; price_numeric:categorical,title:text; description:text; manufacturer:text; price_text:text; price_numeric:numeric,290231,"ValueError(""could not convert string to float: '47.8 gbp'"")",,,,
hard_negative_wag,results/model_checkpoints/20260721_200947_seed1337_bda60282_best_step1500.pt,1500,amazon_google_price_both,cross_source,exhaustive,64,432,title:text; description:identifier; manufacturer:text; price_text:numeric; price_numeric:numeric,title:text; description:text; manufacturer:text; price_text:text; price_numeric:numeric,290231,"ValueError(""could not convert string to float: '47.8 gbp'"")",,,,
hard_negative_wag,results/model_checkpoints/20260721_200947_seed1337_bda60282_best_step1500.pt,1500,amazon_google_price_both,cross_source,exhaustive,65,432,title:text; description:identifier; manufacturer:identifier; price_text:text; price_numeric:text,title:text; description:text; manufacturer:text; price_text:text; price_numeric:numeric,290231,,0.8903729327529599,0.09605476858143326,0.18945102260495156,0.9993346333503723
hard_negative_wag,results/model_checkpoints/20260721_200947_seed1337_bda60282_best_step1500.pt,1500,amazon_google_price_both,cross_source,exhaustive,66,432,title:text; description:identifier; manufacturer:identifier; price_text:text; price_numeric:identifier,title:text; description:text; manufacturer:text; price_text:text; price_numeric:numeric,290231,,0.8903729327529599,0.09605476858143326,0.18945102260495156,0.9993346333503723
hard_negative_wag,results/model_checkpoints/20260721_200947_seed1337_bda60282_best_step1500.pt,1500,amazon_google_price_both,cross_source,exhaustive,67,432,title:text; description:identifier; manufacturer:identifier; price_text:text; price_numeric:categorical,title:text; description:text; manufacturer:text; price_text:text; price_numeric:numeric,290231,,0.6982936629206207,0.021595311510557387,0.08299595141700405,0.9995915293693542
hard_negative_wag,results/model_checkpoints/20260721_200947_seed1337_bda60282_best_step1500.pt,1500,amazon_google_price_both,cross_source,exhaustive,68,432,title:text; description:identifier; manufacturer:identifier; price_text:text; price_numeric:numeric,title:text; description:text; manufacturer:text; price_text:text; price_numeric:numeric,290231,,0.9248993467643998,0.08325270975408515,0.15407190022010273,0.9999514818191528
hard_negative_wag,results/model_checkpoints/20260721_200947_seed1337_bda60282_best_step1500.pt,1500,amazon_google_price_both,cross_source,exhaustive,69,432,title:text; description:identifier; manufacturer:identifier; price_text:identifier; price_numeric:text,title:text; description:text; manufacturer:text; price_text:text; price_numeric:numeric,290231,,0.8903729327529599,0.09605476858143326,0.18945102260495156,0.9993346333503723
hard_negative_wag,results/model_checkpoints/20260721_200947_seed1337_bda60282_best_step1500.pt,1500,amazon_google_price_both,cross_source,exhaustive,70,432,title:text; description:identifier; manufacturer:identifier; price_text:identifier; price_numeric:identifier,title:text; description:text; manufacturer:text; price_text:text; price_numeric:numeric,290231,,0.8903729327529599,0.09605476858143326,0.18945102260495156,0.9993346333503723
hard_negative_wag,results/model_checkpoints/20260721_200947_seed1337_bda60282_best_step1500.pt,1500,amazon_google_price_both,cross_source,exhaustive,71,432,title:text; description:identifier; manufacturer:identifier; price_text:identifier; price_numeric:categorical,title:text; description:text; manufacturer:text; price_text:text; price_numeric:numeric,290231,,0.6982936629206207,0.021595311510557387,0.08299595141700405,0.9995915293693542
hard_negative_wag,results/model_checkpoints/20260721_200947_seed1337_bda60282_best_step1500.pt,1500,amazon_google_price_both,cross_source,exhaustive,72,432,title:text; description:identifier; manufacturer:identifier; price_text:identifier; price_numeric:numeric,title:text; description:text; manufacturer:text; price_text:text; price_numeric:numeric,290231,,0.9248996920074682,0.08325257870894982,0.15407190022010273,0.9999514818191528
hard_negative_wag,results/model_checkpoints/20260721_200947_seed1337_bda60282_best_step1500.pt,1500,amazon_google_price_both,cross_source,exhaustive,73,432,title:text; description:identifier; manufacturer:identifier; price_text:categorical; price_numeric:text,title:text; description:text; manufacturer:text; price_text:text; price_numeric:numeric,290231,,0.6958624790904726,0.021430257936765097,0.08324873096446701,0.9996036887168884
hard_negative_wag,results/model_checkpoints/20260721_200947_seed1337_bda60282_best_step1500.pt,1500,amazon_google_price_both,cross_source,exhaustive,74,432,title:text; description:identifier; manufacturer:identifier; price_text:categorical; price_numeric:identifier,title:text; description:text; manufacturer:text; price_text:text; price_numeric:numeric,290231,,0.6958624790904726,0.021430257936765097,0.08324873096446701,0.9996036887168884
hard_negative_wag,results/model_checkpoints/20260721_200947_seed1337_bda60282_best_step1500.pt,1500,amazon_google_price_both,cross_source,exhaustive,75,432,title:text; description:identifier; manufacturer:identifier; price_text:categorical; price_numeric:categorical,title:text; description:text; manufacturer:text; price_text:text; price_numeric:numeric,290231,,0.6244052325039444,0.013089165585717086,0.07186678352322524,0.9997484087944031
hard_negative_wag,results/model_checkpoints/20260721_200947_seed1337_bda60282_best_step1500.pt,1500,amazon_google_price_both,cross_source,exhaustive,76,432,title:text; description:identifier; manufacturer:identifier; price_text:categorical; price_numeric:numeric,title:text; description:text; manufacturer:text; price_text:text; price_numeric:numeric,290231,,0.625352883059387,0.01962575634708516,0.0914709517923362,0.9999483823776245
hard_negative_wag,results/model_checkpoints/20260721_200947_seed1337_bda60282_best_step1500.pt,1500,amazon_google_price_both,cross_source,exhaustive,77,432,title:text; description:identifier; manufacturer:identifier; price_text:numeric; price_numeric:text,title:text; description:text; manufacturer:text; price_text:text; price_numeric:numeric,290231,"ValueError(""could not convert string to float: '47.8 gbp'"")",,,,
hard_negative_wag,results/model_checkpoints/20260721_200947_seed1337_bda60282_best_step1500.pt,1500,amazon_google_price_both,cross_source,exhaustive,78,432,title:text; description:identifier; manufacturer:identifier; price_text:numeric; price_numeric:identifier,title:text; description:text; manufacturer:text; price_text:text; price_numeric:numeric,290231,"ValueError(""could not convert string to float: '47.8 gbp'"")",,,,
hard_negative_wag,results/model_checkpoints/20260721_200947_seed1337_bda60282_best_step1500.pt,1500,amazon_google_price_both,cross_source,exhaustive,79,432,title:text; description:identifier; manufacturer:identifier; price_text:numeric; price_numeric:categorical,title:text; description:text; manufacturer:text; price_text:text; price_numeric:numeric,290231,"ValueError(""could not convert string to float: '47.8 gbp'"")",,,,
hard_negative_wag,results/model_checkpoints/20260721_200947_seed1337_bda60282_best_step1500.pt,1500,amazon_google_price_both,cross_source,exhaustive,80,432,title:text; description:identifier; manufacturer:identifier; price_text:numeric; price_numeric:numeric,title:text; description:text; manufacturer:text; price_text:text; price_numeric:numeric,290231,"ValueError(""could not convert string to float: '47.8 gbp'"")",,,,
hard_negative_wag,results/model_checkpoints/20260721_200947_seed1337_bda60282_best_step1500.pt,1500,amazon_google_price_both,cross_source,exhaustive,81,432,title:text; description:identifier; manufacturer:categorical; price_text:text; price_numeric:text,title:text; description:text; manufacturer:text; price_text:text; price_numeric:numeric,290231,,0.7803878811825742,0.017595146248123854,0.0625,0.9977648258209229
hard_negative_wag,results/model_checkpoints/20260721_200947_seed1337_bda60282_best_step1500.pt,1500,amazon_google_price_both,cross_source,exhaustive,82,432,title:text; description:identifier; manufacturer:categorical; price_text:text; price_numeric:identifier,title:text; description:text; manufacturer:text; price_text:text; price_numeric:numeric,290231,,0.7803878811825742,0.017595146248123854,0.0625,0.9977648258209229
hard_negative_wag,results/model_checkpoints/20260721_200947_seed1337_bda60282_best_step1500.pt,1500,amazon_google_price_both,cross_source,exhaustive,83,432,title:text; description:identifier; manufacturer:categorical; price_text:text; price_numeric:categorical,title:text; description:text; manufacturer:text; price_text:text; price_numeric:numeric,290231,,0.6573419986168849,0.010949262802772544,0.04515659140568099,0.9698672890663147
hard_negative_wag,results/model_checkpoints/20260721_200947_seed1337_bda60282_best_step1500.pt,1500,amazon_google_price_both,cross_source,exhaustive,84,432,title:text; description:identifier; manufacturer:categorical; price_text:text; price_numeric:numeric,title:text; description:text; manufacturer:text; price_text:text; price_numeric:numeric,290231,,0.6363155677599641,0.008439799376847572,0.03125000000000001,0.9999443292617798
hard_negative_wag,results/model_checkpoints/20260721_200947_seed1337_bda60282_best_step1500.pt,1500,amazon_google_price_both,cross_source,exhaustive,85,432,title:text; description:identifier; manufacturer:categorical; price_text:identifier; price_numeric:text,title:text; description:text; manufacturer:text; price_text:text; price_numeric:numeric,290231,,0.7803878811825742,0.017595146248123854,0.0625,0.9977648258209229
hard_negative_wag,results/model_checkpoints/20260721_200947_seed1337_bda60282_best_step1500.pt,1500,amazon_google_price_both,cross_source,exhaustive,86,432,title:text; description:identifier; manufacturer:categorical; price_text:identifier; price_numeric:identifier,title:text; description:text; manufacturer:text; price_text:text; price_numeric:numeric,290231,,0.7803878811825742,0.017595146248123854,0.0625,0.9977648258209229
hard_negative_wag,results/model_checkpoints/20260721_200947_seed1337_bda60282_best_step1500.pt,1500,amazon_google_price_both,cross_source,exhaustive,87,432,title:text; description:identifier; manufacturer:categorical; price_text:identifier; price_numeric:categorical,title:text; description:text; manufacturer:text; price_text:text; price_numeric:numeric,290231,,0.6573419986168849,0.010949262802772544,0.04515659140568099,0.9698672890663147
hard_negative_wag,results/model_checkpoints/20260721_200947_seed1337_bda60282_best_step1500.pt,1500,amazon_google_price_both,cross_source,exhaustive,88,432,title:text; description:identifier; manufacturer:categorical; price_text:identifier; price_numeric:numeric,title:text; description:text; manufacturer:text; price_text:text; price_numeric:numeric,290231,,0.6363156302608645,0.008439799629679062,0.03125000000000001,0.9999443292617798
hard_negative_wag,results/model_checkpoints/20260721_200947_seed1337_bda60282_best_step1500.pt,1500,amazon_google_price_both,cross_source,exhaustive,89,432,title:text; description:identifier; manufacturer:categorical; price_text:categorical; price_numeric:text,title:text; description:text; manufacturer:text; price_text:text; price_numeric:numeric,290231,,0.655872834596784,0.010988445599065033,0.044684129429892146,0.9793247580528259
hard_negative_wag,results/model_checkpoints/20260721_200947_seed1337_bda60282_best_step1500.pt,1500,amazon_google_price_both,cross_source,exhaustive,90,432,title:text; description:identifier; manufacturer:categorical; price_text:categorical; price_numeric:identifier,title:text; description:text; manufacturer:text; price_text:text; price_numeric:numeric,290231,,0.655872834596784,0.010988445599065033,0.044684129429892146,0.9793247580528259
hard_negative_wag,results/model_checkpoints/20260721_200947_seed1337_bda60282_best_step1500.pt,1500,amazon_google_price_both,cross_source,exhaustive,91,432,title:text; description:identifier; manufacturer:categorical; price_text:categorical; price_numeric:categorical,title:text; description:text; manufacturer:text; price_text:text; price_numeric:numeric,290231,,0.6036746928140275,0.007175374219008578,0.047176554681915665,0.9935613870620728
hard_negative_wag,results/model_checkpoints/20260721_200947_seed1337_bda60282_best_step1500.pt,1500,amazon_google_price_both,cross_source,exhaustive,92,432,title:text; description:identifier; manufacturer:categorical; price_text:categorical; price_numeric:numeric,title:text; description:text; manufacturer:text; price_text:text; price_numeric:numeric,290231,,0.6056279828554674,0.0071927190722594035,0.030371203599550055,0.998647153377533
hard_negative_wag,results/model_checkpoints/20260721_200947_seed1337_bda60282_best_step1500.pt,1500,amazon_google_price_both,cross_source,exhaustive,93,432,title:text; description:identifier; manufacturer:categorical; price_text:numeric; price_numeric:text,title:text; description:text; manufacturer:text; price_text:text; price_numeric:numeric,290231,"ValueError(""could not convert string to float: '47.8 gbp'"")",,,,
hard_negative_wag,results/model_checkpoints/20260721_200947_seed1337_bda60282_best_step1500.pt,1500,amazon_google_price_both,cross_source,exhaustive,94,432,title:text; description:identifier; manufacturer:categorical; price_text:numeric; price_numeric:identifier,title:text; description:text; manufacturer:text; price_text:text; price_numeric:numeric,290231,"ValueError(""could not convert string to float: '47.8 gbp'"")",,,,
hard_negative_wag,results/model_checkpoints/20260721_200947_seed1337_bda60282_best_step1500.pt,1500,amazon_google_price_both,cross_source,exhaustive,95,432,title:text; description:identifier; manufacturer:categorical; price_text:numeric; price_numeric:categorical,title:text; description:text; manufacturer:text; price_text:text; price_numeric:numeric,290231,"ValueError(""could not convert string to float: '47.8 gbp'"")",,,,
hard_negative_wag,results/model_checkpoints/20260721_200947_seed1337_bda60282_best_step1500.pt,1500,amazon_google_price_both,cross_source,exhaustive,96,432,title:text; description:identifier; manufacturer:categorical; price_text:numeric; price_numeric:numeric,title:text; description:text; manufacturer:text; price_text:text; price_numeric:numeric,290231,"ValueError(""could not convert string to float: '47.8 gbp'"")",,,,
hard_negative_wag,results/model_checkpoints/20260721_200947_seed1337_bda60282_best_step1500.pt,1500,amazon_google_price_both,cross_source,exhaustive,97,432,title:text; description:categorical; manufacturer:text; price_text:text; price_numeric:text,title:text; description:text; manufacturer:text; price_text:text; price_numeric:numeric,290231,,0.6380228899725817,0.03958580943328602,0.11251435132032148,0.9991426467895508
hard_negative_wag,results/model_checkpoints/20260721_200947_seed1337_bda60282_best_step1500.pt,1500,amazon_google_price_both,cross_source,exhaustive,98,432,title:text; description:categorical; manufacturer:text; price_text:text; price_numeric:identifier,title:text; description:text; manufacturer:text; price_text:text; price_numeric:numeric,290231,,0.6380228899725817,0.03958580943328602,0.11251435132032148,0.9991426467895508
hard_negative_wag,results/model_checkpoints/20260721_200947_seed1337_bda60282_best_step1500.pt,1500,amazon_google_price_both,cross_source,exhaustive,99,432,title:text; description:categorical; manufacturer:text; price_text:text; price_numeric:categorical,title:text; description:text; manufacturer:text; price_text:text; price_numeric:numeric,290231,,0.6125931694968463,0.010543633573625448,0.05293440736478711,0.9995461106300354
hard_negative_wag,results/model_checkpoints/20260721_200947_seed1337_bda60282_best_step1500.pt,1500,amazon_google_price_both,cross_source,exhaustive,100,432,title:text; description:categorical; manufacturer:text; price_text:text; price_numeric:numeric,title:text; description:text; manufacturer:text; price_text:text; price_numeric:numeric,290231,,0.6150626098304511,0.0372594445864632,0.08934169278996865,0.9999513626098633
hard_negative_wag,results/model_checkpoints/20260721_200947_seed1337_bda60282_best_step1500.pt,1500,amazon_google_price_both,cross_source,exhaustive,101,432,title:text; description:categorical; manufacturer:text; price_text:identifier; price_numeric:text,title:text; description:text; manufacturer:text; price_text:text; price_numeric:numeric,290231,,0.6380228899725817,0.03958580943328602,0.11251435132032148,0.9991426467895508
hard_negative_wag,results/model_checkpoints/20260721_200947_seed1337_bda60282_best_step1500.pt,1500,amazon_google_price_both,cross_source,exhaustive,102,432,title:text; description:categorical; manufacturer:text; price_text:identifier; price_numeric:identifier,title:text; description:text; manufacturer:text; price_text:text; price_numeric:numeric,290231,,0.6380228899725817,0.03958580943328602,0.11251435132032148,0.9991426467895508
hard_negative_wag,results/model_checkpoints/20260721_200947_seed1337_bda60282_best_step1500.pt,1500,amazon_google_price_both,cross_source,exhaustive,103,432,title:text; description:categorical; manufacturer:text; price_text:identifier; price_numeric:categorical,title:text; description:text; manufacturer:text; price_text:text; price_numeric:numeric,290231,,0.6125931694968463,0.010543633573625448,0.05293440736478711,0.9995461106300354
hard_negative_wag,results/model_checkpoints/20260721_200947_seed1337_bda60282_best_step1500.pt,1500,amazon_google_price_both,cross_source,exhaustive,104,432,title:text; description:categorical; manufacturer:text; price_text:identifier; price_numeric:numeric,title:text; description:text; manufacturer:text; price_text:text; price_numeric:numeric,290231,,0.6150625562582509,0.037259441647422856,0.08934169278996865,0.9999513626098633
hard_negative_wag,results/model_checkpoints/20260721_200947_seed1337_bda60282_best_step1500.pt,1500,amazon_google_price_both,cross_source,exhaustive,105,432,title:text; description:categorical; manufacturer:text; price_text:categorical; price_numeric:text,title:text; description:text; manufacturer:text; price_text:text; price_numeric:numeric,290231,,0.6092674043280861,0.010292736144380097,0.052332195676905585,0.9995244741439819
hard_negative_wag,results/model_checkpoints/20260721_200947_seed1337_bda60282_best_step1500.pt,1500,amazon_google_price_both,cross_source,exhaustive,106,432,title:text; description:categorical; manufacturer:text; price_text:categorical; price_numeric:identifier,title:text; description:text; manufacturer:text; price_text:text; price_numeric:numeric,290231,,0.6092674043280861,0.010292736144380097,0.052332195676905585,0.9995244741439819
hard_negative_wag,results/model_checkpoints/20260721_200947_seed1337_bda60282_best_step1500.pt,1500,amazon_google_price_both,cross_source,exhaustive,107,432,title:text; description:categorical; manufacturer:text; price_text:categorical; price_numeric:categorical,title:text; description:text; manufacturer:text; price_text:text; price_numeric:numeric,290231,,0.5792157631080163,0.008725192457979591,0.053191489361702135,0.9996989965438843
hard_negative_wag,results/model_checkpoints/20260721_200947_seed1337_bda60282_best_step1500.pt,1500,amazon_google_price_both,cross_source,exhaustive,108,432,title:text; description:categorical; manufacturer:text; price_text:categorical; price_numeric:numeric,title:text; description:text; manufacturer:text; price_text:text; price_numeric:numeric,290231,,0.5802146286869132,0.01212434259675934,0.05084745762711864,0.9999537467956543
hard_negative_wag,results/model_checkpoints/20260721_200947_seed1337_bda60282_best_step1500.pt,1500,amazon_google_price_both,cross_source,exhaustive,109,432,title:text; description:categorical; manufacturer:text; price_text:numeric; price_numeric:text,title:text; description:text; manufacturer:text; price_text:text; price_numeric:numeric,290231,"ValueError(""could not convert string to float: '47.8 gbp'"")",,,,
hard_negative_wag,results/model_checkpoints/20260721_200947_seed1337_bda60282_best_step1500.pt,1500,amazon_google_price_both,cross_source,exhaustive,110,432,title:text; description:categorical; manufacturer:text; price_text:numeric; price_numeric:identifier,title:text; description:text; manufacturer:text; price_text:text; price_numeric:numeric,290231,"ValueError(""could not convert string to float: '47.8 gbp'"")",,,,
hard_negative_wag,results/model_checkpoints/20260721_200947_seed1337_bda60282_best_step1500.pt,1500,amazon_google_price_both,cross_source,exhaustive,111,432,title:text; description:categorical; manufacturer:text; price_text:numeric; price_numeric:categorical,title:text; description:text; manufacturer:text; price_text:text; price_numeric:numeric,290231,"ValueError(""could not convert string to float: '47.8 gbp'"")",,,,
hard_negative_wag,results/model_checkpoints/20260721_200947_seed1337_bda60282_best_step1500.pt,1500,amazon_google_price_both,cross_source,exhaustive,112,432,title:text; description:categorical; manufacturer:text; price_text:numeric; price_numeric:numeric,title:text; description:text; manufacturer:text; price_text:text; price_numeric:numeric,290231,"ValueError(""could not convert string to float: '47.8 gbp'"")",,,,
hard_negative_wag,results/model_checkpoints/20260721_200947_seed1337_bda60282_best_step1500.pt,1500,amazon_google_price_both,cross_source,exhaustive,113,432,title:text; description:categorical; manufacturer:identifier; price_text:text; price_numeric:text,title:text; description:text; manufacturer:text; price_text:text; price_numeric:numeric,290231,,0.6380228899725817,0.03958580943328602,0.11251435132032148,0.9991426467895508
hard_negative_wag,results/model_checkpoints/20260721_200947_seed1337_bda60282_best_step1500.pt,1500,amazon_google_price_both,cross_source,exhaustive,114,432,title:text; description:categorical; manufacturer:identifier; price_text:text; price_numeric:identifier,title:text; description:text; manufacturer:text; price_text:text; price_numeric:numeric,290231,,0.6380228899725817,0.03958580943328602,0.11251435132032148,0.9991426467895508
hard_negative_wag,results/model_checkpoints/20260721_200947_seed1337_bda60282_best_step1500.pt,1500,amazon_google_price_both,cross_source,exhaustive,115,432,title:text; description:categorical; manufacturer:identifier; price_text:text; price_numeric:categorical,title:text; description:text; manufacturer:text; price_text:text; price_numeric:numeric,290231,,0.6125931694968463,0.010543633573625448,0.05293440736478711,0.9995461106300354
hard_negative_wag,results/model_checkpoints/20260721_200947_seed1337_bda60282_best_step1500.pt,1500,amazon_google_price_both,cross_source,exhaustive,116,432,title:text; description:categorical; manufacturer:identifier; price_text:text; price_numeric:numeric,title:text; description:text; manufacturer:text; price_text:text; price_numeric:numeric,290231,,0.6150625860205843,0.03725944588448123,0.08934169278996865,0.9999513626098633
hard_negative_wag,results/model_checkpoints/20260721_200947_seed1337_bda60282_best_step1500.pt,1500,amazon_google_price_both,cross_source,exhaustive,117,432,title:text; description:categorical; manufacturer:identifier; price_text:identifier; price_numeric:text,title:text; description:text; manufacturer:text; price_text:text; price_numeric:numeric,290231,,0.6380228899725817,0.03958580943328602,0.11251435132032148,0.9991426467895508
hard_negative_wag,results/model_checkpoints/20260721_200947_seed1337_bda60282_best_step1500.pt,1500,amazon_google_price_both,cross_source,exhaustive,118,432,title:text; description:categorical; manufacturer:identifier; price_text:identifier; price_numeric:identifier,title:text; description:text; manufacturer:text; price_text:text; price_numeric:numeric,290231,,0.6380228899725817,0.03958580943328602,0.11251435132032148,0.9991426467895508
hard_negative_wag,results/model_checkpoints/20260721_200947_seed1337_bda60282_best_step1500.pt,1500,amazon_google_price_both,cross_source,exhaustive,119,432,title:text; description:categorical; manufacturer:identifier; price_text:identifier; price_numeric:categorical,title:text; description:text; manufacturer:text; price_text:text; price_numeric:numeric,290231,,0.6125931694968463,0.010543633573625448,0.05293440736478711,0.9995461106300354
hard_negative_wag,results/model_checkpoints/20260721_200947_seed1337_bda60282_best_step1500.pt,1500,amazon_google_price_both,cross_source,exhaustive,120,432,title:text; description:categorical; manufacturer:identifier; price_text:identifier; price_numeric:numeric,title:text; description:text; manufacturer:text; price_text:text; price_numeric:numeric,290231,,0.6150625741156508,0.037259444879450244,0.08934169278996865,0.9999513626098633
hard_negative_wag,results/model_checkpoints/20260721_200947_seed1337_bda60282_best_step1500.pt,1500,amazon_google_price_both,cross_source,exhaustive,121,432,title:text; description:categorical; manufacturer:identifier; price_text:categorical; price_numeric:text,title:text; description:text; manufacturer:text; price_text:text; price_numeric:numeric,290231,,0.6092674043280861,0.010292736144380097,0.052332195676905585,0.9995244741439819
hard_negative_wag,results/model_checkpoints/20260721_200947_seed1337_bda60282_best_step1500.pt,1500,amazon_google_price_both,cross_source,exhaustive,122,432,title:text; description:categorical; manufacturer:identifier; price_text:categorical; price_numeric:identifier,title:text; description:text; manufacturer:text; price_text:text; price_numeric:numeric,290231,,0.6092674043280861,0.010292736144380097,0.052332195676905585,0.9995244741439819
hard_negative_wag,results/model_checkpoints/20260721_200947_seed1337_bda60282_best_step1500.pt,1500,amazon_google_price_both,cross_source,exhaustive,123,432,title:text; description:categorical; manufacturer:identifier; price_text:categorical; price_numeric:categorical,title:text; description:text; manufacturer:text; price_text:text; price_numeric:numeric,290231,,0.5792157631080163,0.008725192457979591,0.053191489361702135,0.9996989965438843
hard_negative_wag,results/model_checkpoints/20260721_200947_seed1337_bda60282_best_step1500.pt,1500,amazon_google_price_both,cross_source,exhaustive,124,432,title:text; description:categorical; manufacturer:identifier; price_text:categorical; price_numeric:numeric,title:text; description:text; manufacturer:text; price_text:text; price_numeric:numeric,290231,,0.5802145959483463,0.012124340728420014,0.05084745762711864,0.9999537467956543
hard_negative_wag,results/model_checkpoints/20260721_200947_seed1337_bda60282_best_step1500.pt,1500,amazon_google_price_both,cross_source,exhaustive,125,432,title:text; description:categorical; manufacturer:identifier; price_text:numeric; price_numeric:text,title:text; description:text; manufacturer:text; price_text:text; price_numeric:numeric,290231,"ValueError(""could not convert string to float: '47.8 gbp'"")",,,,
hard_negative_wag,results/model_checkpoints/20260721_200947_seed1337_bda60282_best_step1500.pt,1500,amazon_google_price_both,cross_source,exhaustive,126,432,title:text; description:categorical; manufacturer:identifier; price_text:numeric; price_numeric:identifier,title:text; description:text; manufacturer:text; price_text:text; price_numeric:numeric,290231,"ValueError(""could not convert string to float: '47.8 gbp'"")",,,,
hard_negative_wag,results/model_checkpoints/20260721_200947_seed1337_bda60282_best_step1500.pt,1500,amazon_google_price_both,cross_source,exhaustive,127,432,title:text; description:categorical; manufacturer:identifier; price_text:numeric; price_numeric:categorical,title:text; description:text; manufacturer:text; price_text:text; price_numeric:numeric,290231,"ValueError(""could not convert string to float: '47.8 gbp'"")",,,,
hard_negative_wag,results/model_checkpoints/20260721_200947_seed1337_bda60282_best_step1500.pt,1500,amazon_google_price_both,cross_source,exhaustive,128,432,title:text; description:categorical; manufacturer:identifier; price_text:numeric; price_numeric:numeric,title:text; description:text; manufacturer:text; price_text:text; price_numeric:numeric,290231,"ValueError(""could not convert string to float: '47.8 gbp'"")",,,,
hard_negative_wag,results/model_checkpoints/20260721_200947_seed1337_bda60282_best_step1500.pt,1500,amazon_google_price_both,cross_source,exhaustive,129,432,title:text; description:categorical; manufacturer:categorical; price_text:text; price_numeric:text,title:text; description:text; manufacturer:text; price_text:text; price_numeric:numeric,290231,,0.6140917952508601,0.007426955772597787,0.03639371381306865,0.9958368539810181
hard_negative_wag,results/model_checkpoints/20260721_200947_seed1337_bda60282_best_step1500.pt,1500,amazon_google_price_both,cross_source,exhaustive,130,432,title:text; description:categorical; manufacturer:categorical; price_text:text; price_numeric:identifier,title:text; description:text; manufacturer:text; price_text:text; price_numeric:numeric,290231,,0.6140917952508601,0.007426955772597787,0.03639371381306865,0.9958368539810181
hard_negative_wag,results/model_checkpoints/20260721_200947_seed1337_bda60282_best_step1500.pt,1500,amazon_google_price_both,cross_source,exhaustive,131,432,title:text; description:categorical; manufacturer:categorical; price_text:text; price_numeric:categorical,title:text; description:text; manufacturer:text; price_text:text; price_numeric:numeric,290231,,0.594338335111732,0.004946505904128872,0.02869955156950673,0.9700415730476379
hard_negative_wag,results/model_checkpoints/20260721_200947_seed1337_bda60282_best_step1500.pt,1500,amazon_google_price_both,cross_source,exhaustive,132,432,title:text; description:categorical; manufacturer:categorical; price_text:text; price_numeric:numeric,title:text; description:text; manufacturer:text; price_text:text; price_numeric:numeric,290231,,0.5671050975853343,0.004250426089250995,0.0213903743315508,0.9999545812606812
hard_negative_wag,results/model_checkpoints/20260721_200947_seed1337_bda60282_best_step1500.pt,1500,amazon_google_price_both,cross_source,exhaustive,133,432,title:text; description:categorical; manufacturer:categorical; price_text:identifier; price_numeric:text,title:text; description:text; manufacturer:text; price_text:text; price_numeric:numeric,290231,,0.6140917952508601,0.007426955772597787,0.03639371381306865,0.9958368539810181
hard_negative_wag,results/model_checkpoints/20260721_200947_seed1337_bda60282_best_step1500.pt,1500,amazon_google_price_both,cross_source,exhaustive,134,432,title:text; description:categorical; manufacturer:categorical; price_text:identifier; price_numeric:identifier,title:text; description:text; manufacturer:text; price_text:text; price_numeric:numeric,290231,,0.6140917952508601,0.007426955772597787,0.03639371381306865,0.9958368539810181
hard_negative_wag,results/model_checkpoints/20260721_200947_seed1337_bda60282_best_step1500.pt,1500,amazon_google_price_both,cross_source,exhaustive,135,432,title:text; description:categorical; manufacturer:categorical; price_text:identifier; price_numeric:categorical,title:text; description:text; manufacturer:text; price_text:text; price_numeric:numeric,290231,,0.594338335111732,0.004946505904128872,0.02869955156950673,0.9700415730476379
hard_negative_wag,results/model_checkpoints/20260721_200947_seed1337_bda60282_best_step1500.pt,1500,amazon_google_price_both,cross_source,exhaustive,136,432,title:text; description:categorical; manufacturer:categorical; price_text:identifier; price_numeric:numeric,title:text; description:text; manufacturer:text; price_text:text; price_numeric:numeric,290231,,0.5671051065140342,0.004250427495778796,0.0213903743315508,0.9999545812606812
hard_negative_wag,results/model_checkpoints/20260721_200947_seed1337_bda60282_best_step1500.pt,1500,amazon_google_price_both,cross_source,exhaustive,137,432,title:text; description:categorical; manufacturer:categorical; price_text:categorical; price_numeric:text,title:text; description:text; manufacturer:text; price_text:text; price_numeric:numeric,290231,,0.5932820073955828,0.004967538311014055,0.029239766081871347,0.9831621646881104
hard_negative_wag,results/model_checkpoints/20260721_200947_seed1337_bda60282_best_step1500.pt,1500,amazon_google_price_both,cross_source,exhaustive,138,432,title:text; description:categorical; manufacturer:categorical; price_text:categorical; price_numeric:identifier,title:text; description:text; manufacturer:text; price_text:text; price_numeric:numeric,290231,,0.5932820073955828,0.004967538311014055,0.029239766081871347,0.9831621646881104
hard_negative_wag,results/model_checkpoints/20260721_200947_seed1337_bda60282_best_step1500.pt,1500,amazon_google_price_both,cross_source,exhaustive,139,432,title:text; description:categorical; manufacturer:categorical; price_text:categorical; price_numeric:categorical,title:text; description:text; manufacturer:text; price_text:text; price_numeric:numeric,290231,,0.5669455804065748,0.0047843387805143545,0.03355704697986577,0.9885565042495728
hard_negative_wag,results/model_checkpoints/20260721_200947_seed1337_bda60282_best_step1500.pt,1500,amazon_google_price_both,cross_source,exhaustive,140,432,title:text; description:categorical; manufacturer:categorical; price_text:categorical; price_numeric:numeric,title:text; description:text; manufacturer:text; price_text:text; price_numeric:numeric,290231,,0.5713590249335735,0.004218067263640766,0.02253521126760563,0.9969472289085388
hard_negative_wag,results/model_checkpoints/20260721_200947_seed1337_bda60282_best_step1500.pt,1500,amazon_google_price_both,cross_source,exhaustive,141,432,title:text; description:categorical; manufacturer:categorical; price_text:numeric; price_numeric:text,title:text; description:text; manufacturer:text; price_text:text; price_numeric:numeric,290231,"ValueError(""could not convert string to float: '47.8 gbp'"")",,,,
hard_negative_wag,results/model_checkpoints/20260721_200947_seed1337_bda60282_best_step1500.pt,1500,amazon_google_price_both,cross_source,exhaustive,142,432,title:text; description:categorical; manufacturer:categorical; price_text:numeric; price_numeric:identifier,title:text; description:text; manufacturer:text; price_text:text; price_numeric:numeric,290231,"ValueError(""could not convert string to float: '47.8 gbp'"")",,,,
hard_negative_wag,results/model_checkpoints/20260721_200947_seed1337_bda60282_best_step1500.pt,1500,amazon_google_price_both,cross_source,exhaustive,143,432,title:text; description:categorical; manufacturer:categorical; price_text:numeric; price_numeric:categorical,title:text; description:text; manufacturer:text; price_text:text; price_numeric:numeric,290231,"ValueError(""could not convert string to float: '47.8 gbp'"")",,,,
hard_negative_wag,results/model_checkpoints/20260721_200947_seed1337_bda60282_best_step1500.pt,1500,amazon_google_price_both,cross_source,exhaustive,144,432,title:text; description:categorical; manufacturer:categorical; price_text:numeric; price_numeric:numeric,title:text; description:text; manufacturer:text; price_text:text; price_numeric:numeric,290231,"ValueError(""could not convert string to float: '47.8 gbp'"")",,,,
hard_negative_wag,results/model_checkpoints/20260721_200947_seed1337_bda60282_best_step1500.pt,1500,amazon_google_price_both,cross_source,exhaustive,145,432,title:identifier; description:text; manufacturer:text; price_text:text; price_numeric:text,title:text; description:text; manufacturer:text; price_text:text; price_numeric:numeric,290231,,0.8903729327529599,0.09605476858143326,0.18945102260495156,0.9993346333503723
hard_negative_wag,results/model_checkpoints/20260721_200947_seed1337_bda60282_best_step1500.pt,1500,amazon_google_price_both,cross_source,exhaustive,146,432,title:identifier; description:text; manufacturer:text; price_text:text; price_numeric:identifier,title:text; description:text; manufacturer:text; price_text:text; price_numeric:numeric,290231,,0.8903729327529599,0.09605476858143326,0.18945102260495156,0.9993346333503723
hard_negative_wag,results/model_checkpoints/20260721_200947_seed1337_bda60282_best_step1500.pt,1500,amazon_google_price_both,cross_source,exhaustive,147,432,title:identifier; description:text; manufacturer:text; price_text:text; price_numeric:categorical,title:text; description:text; manufacturer:text; price_text:text; price_numeric:numeric,290231,,0.6982936629206207,0.021595311510557387,0.08299595141700405,0.9995915293693542
hard_negative_wag,results/model_checkpoints/20260721_200947_seed1337_bda60282_best_step1500.pt,1500,amazon_google_price_both,cross_source,exhaustive,148,432,title:identifier; description:text; manufacturer:text; price_text:text; price_numeric:numeric,title:text; description:text; manufacturer:text; price_text:text; price_numeric:numeric,290231,,0.9248993348594664,0.08325259100885869,0.15407190022010273,0.9999514818191528
hard_negative_wag,results/model_checkpoints/20260721_200947_seed1337_bda60282_best_step1500.pt,1500,amazon_google_price_both,cross_source,exhaustive,149,432,title:identifier; description:text; manufacturer:text; price_text:identifier; price_numeric:text,title:text; description:text; manufacturer:text; price_text:text; price_numeric:numeric,290231,,0.8903729327529599,0.09605476858143326,0.18945102260495156,0.9993346333503723
hard_negative_wag,results/model_checkpoints/20260721_200947_seed1337_bda60282_best_step1500.pt,1500,amazon_google_price_both,cross_source,exhaustive,150,432,title:identifier; description:text; manufacturer:text; price_text:identifier; price_numeric:identifier,title:text; description:text; manufacturer:text; price_text:text; price_numeric:numeric,290231,,0.8903729327529599,0.09605476858143326,0.18945102260495156,0.9993346333503723
hard_negative_wag,results/model_checkpoints/20260721_200947_seed1337_bda60282_best_step1500.pt,1500,amazon_google_price_both,cross_source,exhaustive,151,432,title:identifier; description:text; manufacturer:text; price_text:identifier; price_numeric:categorical,title:text; description:text; manufacturer:text; price_text:text; price_numeric:numeric,290231,,0.6982936629206207,0.021595311510557387,0.08299595141700405,0.9995915293693542
hard_negative_wag,results/model_checkpoints/20260721_200947_seed1337_bda60282_best_step1500.pt,1500,amazon_google_price_both,cross_source,exhaustive,152,432,title:identifier; description:text; manufacturer:text; price_text:identifier; price_numeric:numeric,title:text; description:text; manufacturer:text; price_text:text; price_numeric:numeric,290231,,0.9248996890312348,0.0832526096294612,0.15407190022010273,0.9999514818191528
hard_negative_wag,results/model_checkpoints/20260721_200947_seed1337_bda60282_best_step1500.pt,1500,amazon_google_price_both,cross_source,exhaustive,153,432,title:identifier; description:text; manufacturer:text; price_text:categorical; price_numeric:text,title:text; description:text; manufacturer:text; price_text:text; price_numeric:numeric,290231,,0.6958624790904726,0.021430257936765097,0.08324873096446701,0.9996036887168884
hard_negative_wag,results/model_checkpoints/20260721_200947_seed1337_bda60282_best_step1500.pt,1500,amazon_google_price_both,cross_source,exhaustive,154,432,title:identifier; description:text; manufacturer:text; price_text:categorical; price_numeric:identifier,title:text; description:text; manufacturer:text; price_text:text; price_numeric:numeric,290231,,0.6958624790904726,0.021430257936765097,0.08324873096446701,0.9996036887168884
hard_negative_wag,results/model_checkpoints/20260721_200947_seed1337_bda60282_best_step1500.pt,1500,amazon_google_price_both,cross_source,exhaustive,155,432,title:identifier; description:text; manufacturer:text; price_text:categorical; price_numeric:categorical,title:text; description:text; manufacturer:text; price_text:text; price_numeric:numeric,290231,,0.6244052325039444,0.013089165585717086,0.07186678352322524,0.9997484087944031
hard_negative_wag,results/model_checkpoints/20260721_200947_seed1337_bda60282_best_step1500.pt,1500,amazon_google_price_both,cross_source,exhaustive,156,432,title:identifier; description:text; manufacturer:text; price_text:categorical; price_numeric:numeric,title:text; description:text; manufacturer:text; price_text:text; price_numeric:numeric,290231,,0.6253528622257536,0.019625753268935512,0.0914709517923362,0.9999483823776245
hard_negative_wag,results/model_checkpoints/20260721_200947_seed1337_bda60282_best_step1500.pt,1500,amazon_google_price_both,cross_source,exhaustive,157,432,title:identifier; description:text; manufacturer:text; price_text:numeric; price_numeric:text,title:text; description:text; manufacturer:text; price_text:text; price_numeric:numeric,290231,"ValueError(""could not convert string to float: '47.8 gbp'"")",,,,
hard_negative_wag,results/model_checkpoints/20260721_200947_seed1337_bda60282_best_step1500.pt,1500,amazon_google_price_both,cross_source,exhaustive,158,432,title:identifier; description:text; manufacturer:text; price_text:numeric; price_numeric:identifier,title:text; description:text; manufacturer:text; price_text:text; price_numeric:numeric,290231,"ValueError(""could not convert string to float: '47.8 gbp'"")",,,,
hard_negative_wag,results/model_checkpoints/20260721_200947_seed1337_bda60282_best_step1500.pt,1500,amazon_google_price_both,cross_source,exhaustive,159,432,title:identifier; description:text; manufacturer:text; price_text:numeric; price_numeric:categorical,title:text; description:text; manufacturer:text; price_text:text; price_numeric:numeric,290231,"ValueError(""could not convert string to float: '47.8 gbp'"")",,,,
hard_negative_wag,results/model_checkpoints/20260721_200947_seed1337_bda60282_best_step1500.pt,1500,amazon_google_price_both,cross_source,exhaustive,160,432,title:identifier; description:text; manufacturer:text; price_text:numeric; price_numeric:numeric,title:text; description:text; manufacturer:text; price_text:text; price_numeric:numeric,290231,"ValueError(""could not convert string to float: '47.8 gbp'"")",,,,
hard_negative_wag,results/model_checkpoints/20260721_200947_seed1337_bda60282_best_step1500.pt,1500,amazon_google_price_both,cross_source,exhaustive,161,432,title:identifier; description:text; manufacturer:identifier; price_text:text; price_numeric:text,title:text; description:text; manufacturer:text; price_text:text; price_numeric:numeric,290231,,0.8903729327529599,0.09605476858143326,0.18945102260495156,0.9993346333503723
hard_negative_wag,results/model_checkpoints/20260721_200947_seed1337_bda60282_best_step1500.pt,1500,amazon_google_price_both,cross_source,exhaustive,162,432,title:identifier; description:text; manufacturer:identifier; price_text:text; price_numeric:identifier,title:text; description:text; manufacturer:text; price_text:text; price_numeric:numeric,290231,,0.8903729327529599,0.09605476858143326,0.18945102260495156,0.9993346333503723
hard_negative_wag,results/model_checkpoints/20260721_200947_seed1337_bda60282_best_step1500.pt,1500,amazon_google_price_both,cross_source,exhaustive,163,432,title:identifier; description:text; manufacturer:identifier; price_text:text; price_numeric:categorical,title:text; description:text; manufacturer:text; price_text:text; price_numeric:numeric,290231,,0.6982936629206207,0.021595311510557387,0.08299595141700405,0.9995915293693542
hard_negative_wag,results/model_checkpoints/20260721_200947_seed1337_bda60282_best_step1500.pt,1500,amazon_google_price_both,cross_source,exhaustive,164,432,title:identifier; description:text; manufacturer:identifier; price_text:text; price_numeric:numeric,title:text; description:text; manufacturer:text; price_text:text; price_numeric:numeric,290231,,0.9248996711738349,0.08325254385373451,0.15407190022010273,0.9999514818191528
hard_negative_wag,results/model_checkpoints/20260721_200947_seed1337_bda60282_best_step1500.pt,1500,amazon_google_price_both,cross_source,exhaustive,165,432,title:identifier; description:text; manufacturer:identifier; price_text:identifier; price_numeric:text,title:text; description:text; manufacturer:text; price_text:text; price_numeric:numeric,290231,,0.8903729327529599,0.09605476858143326,0.18945102260495156,0.9993346333503723
hard_negative_wag,results/model_checkpoints/20260721_200947_seed1337_bda60282_best_step1500.pt,1500,amazon_google_price_both,cross_source,exhaustive,166,432,title:identifier; description:text; manufacturer:identifier; price_text:identifier; price_numeric:identifier,title:text; description:text; manufacturer:text; price_text:text; price_numeric:numeric,290231,,0.8903729327529599,0.09605476858143326,0.18945102260495156,0.9993346333503723
hard_negative_wag,results/model_checkpoints/20260721_200947_seed1337_bda60282_best_step1500.pt,1500,amazon_google_price_both,cross_source,exhaustive,167,432,title:identifier; description:text; manufacturer:identifier; price_text:identifier; price_numeric:categorical,title:text; description:text; manufacturer:text; price_text:text; price_numeric:numeric,290231,,0.6982936629206207,0.021595311510557387,0.08299595141700405,0.9995915293693542
hard_negative_wag,results/model_checkpoints/20260721_200947_seed1337_bda60282_best_step1500.pt,1500,amazon_google_price_both,cross_source,exhaustive,168,432,title:identifier; description:text; manufacturer:identifier; price_text:identifier; price_numeric:numeric,title:text; description:text; manufacturer:text; price_text:text; price_numeric:numeric,290231,,0.9248995848630677,0.08325325866044922,0.15407190022010273,0.9999514818191528
hard_negative_wag,results/model_checkpoints/20260721_200947_seed1337_bda60282_best_step1500.pt,1500,amazon_google_price_both,cross_source,exhaustive,169,432,title:identifier; description:text; manufacturer:identifier; price_text:categorical; price_numeric:text,title:text; description:text; manufacturer:text; price_text:text; price_numeric:numeric,290231,,0.6958624790904726,0.021430257936765097,0.08324873096446701,0.9996036887168884
hard_negative_wag,results/model_checkpoints/20260721_200947_seed1337_bda60282_best_step1500.pt,1500,amazon_google_price_both,cross_source,exhaustive,170,432,title:identifier; description:text; manufacturer:identifier; price_text:categorical; price_numeric:identifier,title:text; description:text; manufacturer:text; price_text:text; price_numeric:numeric,290231,,0.6958624790904726,0.021430257936765097,0.08324873096446701,0.9996036887168884
hard_negative_wag,results/model_checkpoints/20260721_200947_seed1337_bda60282_best_step1500.pt,1500,amazon_google_price_both,cross_source,exhaustive,171,432,title:identifier; description:text; manufacturer:identifier; price_text:categorical; price_numeric:categorical,title:text; description:text; manufacturer:text; price_text:text; price_numeric:numeric,290231,,0.6244052325039444,0.013089165585717086,0.07186678352322524,0.9997484087944031
hard_negative_wag,results/model_checkpoints/20260721_200947_seed1337_bda60282_best_step1500.pt,1500,amazon_google_price_both,cross_source,exhaustive,172,432,title:identifier; description:text; manufacturer:identifier; price_text:categorical; price_numeric:numeric,title:text; description:text; manufacturer:text; price_text:text; price_numeric:numeric,290231,,0.6253529366315872,0.019625756946388243,0.0914709517923362,0.9999483823776245
hard_negative_wag,results/model_checkpoints/20260721_200947_seed1337_bda60282_best_step1500.pt,1500,amazon_google_price_both,cross_source,exhaustive,173,432,title:identifier; description:text; manufacturer:identifier; price_text:numeric; price_numeric:text,title:text; description:text; manufacturer:text; price_text:text; price_numeric:numeric,290231,"ValueError(""could not convert string to float: '47.8 gbp'"")",,,,
hard_negative_wag,results/model_checkpoints/20260721_200947_seed1337_bda60282_best_step1500.pt,1500,amazon_google_price_both,cross_source,exhaustive,174,432,title:identifier; description:text; manufacturer:identifier; price_text:numeric; price_numeric:identifier,title:text; description:text; manufacturer:text; price_text:text; price_numeric:numeric,290231,"ValueError(""could not convert string to float: '47.8 gbp'"")",,,,
hard_negative_wag,results/model_checkpoints/20260721_200947_seed1337_bda60282_best_step1500.pt,1500,amazon_google_price_both,cross_source,exhaustive,175,432,title:identifier; description:text; manufacturer:identifier; price_text:numeric; price_numeric:categorical,title:text; description:text; manufacturer:text; price_text:text; price_numeric:numeric,290231,"ValueError(""could not convert string to float: '47.8 gbp'"")",,,,
hard_negative_wag,results/model_checkpoints/20260721_200947_seed1337_bda60282_best_step1500.pt,1500,amazon_google_price_both,cross_source,exhaustive,176,432,title:identifier; description:text; manufacturer:identifier; price_text:numeric; price_numeric:numeric,title:text; description:text; manufacturer:text; price_text:text; price_numeric:numeric,290231,"ValueError(""could not convert string to float: '47.8 gbp'"")",,,,
hard_negative_wag,results/model_checkpoints/20260721_200947_seed1337_bda60282_best_step1500.pt,1500,amazon_google_price_both,cross_source,exhaustive,177,432,title:identifier; description:text; manufacturer:categorical; price_text:text; price_numeric:text,title:text; description:text; manufacturer:text; price_text:text; price_numeric:numeric,290231,,0.7803878811825742,0.017595146248123854,0.0625,0.9977648258209229
hard_negative_wag,results/model_checkpoints/20260721_200947_seed1337_bda60282_best_step1500.pt,1500,amazon_google_price_both,cross_source,exhaustive,178,432,title:identifier; description:text; manufacturer:categorical; price_text:text; price_numeric:identifier,title:text; description:text; manufacturer:text; price_text:text; price_numeric:numeric,290231,,0.7803878811825742,0.017595146248123854,0.0625,0.9977648258209229
hard_negative_wag,results/model_checkpoints/20260721_200947_seed1337_bda60282_best_step1500.pt,1500,amazon_google_price_both,cross_source,exhaustive,179,432,title:identifier; description:text; manufacturer:categorical; price_text:text; price_numeric:categorical,title:text; description:text; manufacturer:text; price_text:text; price_numeric:numeric,290231,,0.6573419986168849,0.010949262802772544,0.04515659140568099,0.9698672890663147
hard_negative_wag,results/model_checkpoints/20260721_200947_seed1337_bda60282_best_step1500.pt,1500,amazon_google_price_both,cross_source,exhaustive,180,432,title:identifier; description:text; manufacturer:categorical; price_text:text; price_numeric:numeric,title:text; description:text; manufacturer:text; price_text:text; price_numeric:numeric,290231,,0.6363156064509977,0.008439798017605724,0.03125000000000001,0.9999443292617798
hard_negative_wag,results/model_checkpoints/20260721_200947_seed1337_bda60282_best_step1500.pt,1500,amazon_google_price_both,cross_source,exhaustive,181,432,title:identifier; description:text; manufacturer:categorical; price_text:identifier; price_numeric:text,title:text; description:text; manufacturer:text; price_text:text; price_numeric:numeric,290231,,0.7803878811825742,0.017595146248123854,0.0625,0.9977648258209229
hard_negative_wag,results/model_checkpoints/20260721_200947_seed1337_bda60282_best_step1500.pt,1500,amazon_google_price_both,cross_source,exhaustive,182,432,title:identifier; description:text; manufacturer:categorical; price_text:identifier; price_numeric:identifier,title:text; description:text; manufacturer:text; price_text:text; price_numeric:numeric,290231,,0.7803878811825742,0.017595146248123854,0.0625,0.9977648258209229
hard_negative_wag,results/model_checkpoints/20260721_200947_seed1337_bda60282_best_step1500.pt,1500,amazon_google_price_both,cross_source,exhaustive,183,432,title:identifier; description:text; manufacturer:categorical; price_text:identifier; price_numeric:categorical,title:text; description:text; manufacturer:text; price_text:text; price_numeric:numeric,290231,,0.6573419986168849,0.010949262802772544,0.04515659140568099,0.9698672890663147
hard_negative_wag,results/model_checkpoints/20260721_200947_seed1337_bda60282_best_step1500.pt,1500,amazon_google_price_both,cross_source,exhaustive,184,432,title:identifier; description:text; manufacturer:categorical; price_text:identifier; price_numeric:numeric,title:text; description:text; manufacturer:text; price_text:text; price_numeric:numeric,290231,,0.6363155856173643,0.008439797938875995,0.03125000000000001,0.9999443292617798
hard_negative_wag,results/model_checkpoints/20260721_200947_seed1337_bda60282_best_step1500.pt,1500,amazon_google_price_both,cross_source,exhaustive,185,432,title:identifier; description:text; manufacturer:categorical; price_text:categorical; price_numeric:text,title:text; description:text; manufacturer:text; price_text:text; price_numeric:numeric,290231,,0.655872834596784,0.010988445599065033,0.044684129429892146,0.9793247580528259
hard_negative_wag,results/model_checkpoints/20260721_200947_seed1337_bda60282_best_step1500.pt,1500,amazon_google_price_both,cross_source,exhaustive,186,432,title:identifier; description:text; manufacturer:categorical; price_text:categorical; price_numeric:identifier,title:text; description:text; manufacturer:text; price_text:text; price_numeric:numeric,290231,,0.655872834596784,0.010988445599065033,0.044684129429892146,0.9793247580528259
hard_negative_wag,results/model_checkpoints/20260721_200947_seed1337_bda60282_best_step1500.pt,1500,amazon_google_price_both,cross_source,exhaustive,187,432,title:identifier; description:text; manufacturer:categorical; price_text:categorical; price_numeric:categorical,title:text; description:text; manufacturer:text; price_text:text; price_numeric:numeric,290231,,0.6036746928140275,0.007175374219008578,0.047176554681915665,0.9935613870620728
hard_negative_wag,results/model_checkpoints/20260721_200947_seed1337_bda60282_best_step1500.pt,1500,amazon_google_price_both,cross_source,exhaustive,188,432,title:identifier; description:text; manufacturer:categorical; price_text:categorical; price_numeric:numeric,title:text; description:text; manufacturer:text; price_text:text; price_numeric:numeric,290231,,0.6056279560693671,0.007192684514425,0.030371203599550055,0.998647153377533
hard_negative_wag,results/model_checkpoints/20260721_200947_seed1337_bda60282_best_step1500.pt,1500,amazon_google_price_both,cross_source,exhaustive,189,432,title:identifier; description:text; manufacturer:categorical; price_text:numeric; price_numeric:text,title:text; description:text; manufacturer:text; price_text:text; price_numeric:numeric,290231,"ValueError(""could not convert string to float: '47.8 gbp'"")",,,,
hard_negative_wag,results/model_checkpoints/20260721_200947_seed1337_bda60282_best_step1500.pt,1500,amazon_google_price_both,cross_source,exhaustive,190,432,title:identifier; description:text; manufacturer:categorical; price_text:numeric; price_numeric:identifier,title:text; description:text; manufacturer:text; price_text:text; price_numeric:numeric,290231,"ValueError(""could not convert string to float: '47.8 gbp'"")",,,,
hard_negative_wag,results/model_checkpoints/20260721_200947_seed1337_bda60282_best_step1500.pt,1500,amazon_google_price_both,cross_source,exhaustive,191,432,title:identifier; description:text; manufacturer:categorical; price_text:numeric; price_numeric:categorical,title:text; description:text; manufacturer:text; price_text:text; price_numeric:numeric,290231,"ValueError(""could not convert string to float: '47.8 gbp'"")",,,,
hard_negative_wag,results/model_checkpoints/20260721_200947_seed1337_bda60282_best_step1500.pt,1500,amazon_google_price_both,cross_source,exhaustive,192,432,title:identifier; description:text; manufacturer:categorical; price_text:numeric; price_numeric:numeric,title:text; description:text; manufacturer:text; price_text:text; price_numeric:numeric,290231,"ValueError(""could not convert string to float: '47.8 gbp'"")",,,,
hard_negative_wag,results/model_checkpoints/20260721_200947_seed1337_bda60282_best_step1500.pt,1500,amazon_google_price_both,cross_source,exhaustive,193,432,title:identifier; description:identifier; manufacturer:text; price_text:text; price_numeric:text,title:text; description:text; manufacturer:text; price_text:text; price_numeric:numeric,290231,,0.8903729327529599,0.09605476858143326,0.18945102260495156,0.9993346333503723
hard_negative_wag,results/model_checkpoints/20260721_200947_seed1337_bda60282_best_step1500.pt,1500,amazon_google_price_both,cross_source,exhaustive,194,432,title:identifier; description:identifier; manufacturer:text; price_text:text; price_numeric:identifier,title:text; description:text; manufacturer:text; price_text:text; price_numeric:numeric,290231,,0.8903729327529599,0.09605476858143326,0.18945102260495156,0.9993346333503723
hard_negative_wag,results/model_checkpoints/20260721_200947_seed1337_bda60282_best_step1500.pt,1500,amazon_google_price_both,cross_source,exhaustive,195,432,title:identifier; description:identifier; manufacturer:text; price_text:text; price_numeric:categorical,title:text; description:text; manufacturer:text; price_text:text; price_numeric:numeric,290231,,0.6982936629206207,0.021595311510557387,0.08299595141700405,0.9995915293693542
hard_negative_wag,results/model_checkpoints/20260721_200947_seed1337_bda60282_best_step1500.pt,1500,amazon_google_price_both,cross_source,exhaustive,196,432,title:identifier; description:identifier; manufacturer:text; price_text:text; price_numeric:numeric,title:text; description:text; manufacturer:text; price_text:text; price_numeric:numeric,290231,,0.9248992515249327,0.08325258133864755,0.15407190022010273,0.9999514818191528
hard_negative_wag,results/model_checkpoints/20260721_200947_seed1337_bda60282_best_step1500.pt,1500,amazon_google_price_both,cross_source,exhaustive,197,432,title:identifier; description:identifier; manufacturer:text; price_text:identifier; price_numeric:text,title:text; description:text; manufacturer:text; price_text:text; price_numeric:numeric,290231,,0.8903729327529599,0.09605476858143326,0.18945102260495156,0.9993346333503723
hard_negative_wag,results/model_checkpoints/20260721_200947_seed1337_bda60282_best_step1500.pt,1500,amazon_google_price_both,cross_source,exhaustive,198,432,title:identifier; description:identifier; manufacturer:text; price_text:identifier; price_numeric:identifier,title:text; description:text; manufacturer:text; price_text:text; price_numeric:numeric,290231,,0.8903729327529599,0.09605476858143326,0.18945102260495156,0.9993346333503723
hard_negative_wag,results/model_checkpoints/20260721_200947_seed1337_bda60282_best_step1500.pt,1500,amazon_google_price_both,cross_source,exhaustive,199,432,title:identifier; description:identifier; manufacturer:text; price_text:identifier; price_numeric:categorical,title:text; description:text; manufacturer:text; price_text:text; price_numeric:numeric,290231,,0.6982936629206207,0.021595311510557387,0.08299595141700405,0.9995915293693542
hard_negative_wag,results/model_checkpoints/20260721_200947_seed1337_bda60282_best_step1500.pt,1500,amazon_google_price_both,cross_source,exhaustive,200,432,title:identifier; description:identifier; manufacturer:text; price_text:identifier; price_numeric:numeric,title:text; description:text; manufacturer:text; price_text:text; price_numeric:numeric,290231,,0.9248993199782998,0.08325264406887442,0.15407190022010273,0.9999514818191528
hard_negative_wag,results/model_checkpoints/20260721_200947_seed1337_bda60282_best_step1500.pt,1500,amazon_google_price_both,cross_source,exhaustive,201,432,title:identifier; description:identifier; manufacturer:text; price_text:categorical; price_numeric:text,title:text; description:text; manufacturer:text; price_text:text; price_numeric:numeric,290231,,0.6958624790904726,0.021430257936765097,0.08324873096446701,0.9996036887168884
hard_negative_wag,results/model_checkpoints/20260721_200947_seed1337_bda60282_best_step1500.pt,1500,amazon_google_price_both,cross_source,exhaustive,202,432,title:identifier; description:identifier; manufacturer:text; price_text:categorical; price_numeric:identifier,title:text; description:text; manufacturer:text; price_text:text; price_numeric:numeric,290231,,0.6958624790904726,0.021430257936765097,0.08324873096446701,0.9996036887168884
hard_negative_wag,results/model_checkpoints/20260721_200947_seed1337_bda60282_best_step1500.pt,1500,amazon_google_price_both,cross_source,exhaustive,203,432,title:identifier; description:identifier; manufacturer:text; price_text:categorical; price_numeric:categorical,title:text; description:text; manufacturer:text; price_text:text; price_numeric:numeric,290231,,0.6244052325039444,0.013089165585717086,0.07186678352322524,0.9997484087944031
hard_negative_wag,results/model_checkpoints/20260721_200947_seed1337_bda60282_best_step1500.pt,1500,amazon_google_price_both,cross_source,exhaustive,204,432,title:identifier; description:identifier; manufacturer:text; price_text:categorical; price_numeric:numeric,title:text; description:text; manufacturer:text; price_text:text; price_numeric:numeric,290231,,0.6253528979405537,0.019625754843501896,0.0914709517923362,0.9999483823776245
hard_negative_wag,results/model_checkpoints/20260721_200947_seed1337_bda60282_best_step1500.pt,1500,amazon_google_price_both,cross_source,exhaustive,205,432,title:identifier; description:identifier; manufacturer:text; price_text:numeric; price_numeric:text,title:text; description:text; manufacturer:text; price_text:text; price_numeric:numeric,290231,"ValueError(""could not convert string to float: '47.8 gbp'"")",,,,
hard_negative_wag,results/model_checkpoints/20260721_200947_seed1337_bda60282_best_step1500.pt,1500,amazon_google_price_both,cross_source,exhaustive,206,432,title:identifier; description:identifier; manufacturer:text; price_text:numeric; price_numeric:identifier,title:text; description:text; manufacturer:text; price_text:text; price_numeric:numeric,290231,"ValueError(""could not convert string to float: '47.8 gbp'"")",,,,
hard_negative_wag,results/model_checkpoints/20260721_200947_seed1337_bda60282_best_step1500.pt,1500,amazon_google_price_both,cross_source,exhaustive,207,432,title:identifier; description:identifier; manufacturer:text; price_text:numeric; price_numeric:categorical,title:text; description:text; manufacturer:text; price_text:text; price_numeric:numeric,290231,"ValueError(""could not convert string to float: '47.8 gbp'"")",,,,
hard_negative_wag,results/model_checkpoints/20260721_200947_seed1337_bda60282_best_step1500.pt,1500,amazon_google_price_both,cross_source,exhaustive,208,432,title:identifier; description:identifier; manufacturer:text; price_text:numeric; price_numeric:numeric,title:text; description:text; manufacturer:text; price_text:text; price_numeric:numeric,290231,"ValueError(""could not convert string to float: '47.8 gbp'"")",,,,
hard_negative_wag,results/model_checkpoints/20260721_200947_seed1337_bda60282_best_step1500.pt,1500,amazon_google_price_both,cross_source,exhaustive,209,432,title:identifier; description:identifier; manufacturer:identifier; price_text:text; price_numeric:text,title:text; description:text; manufacturer:text; price_text:text; price_numeric:numeric,290231,,0.8903729327529599,0.09605476858143326,0.18945102260495156,0.9993346333503723
hard_negative_wag,results/model_checkpoints/20260721_200947_seed1337_bda60282_best_step1500.pt,1500,amazon_google_price_both,cross_source,exhaustive,210,432,title:identifier; description:identifier; manufacturer:identifier; price_text:text; price_numeric:identifier,title:text; description:text; manufacturer:text; price_text:text; price_numeric:numeric,290231,,0.8903729327529599,0.09605476858143326,0.18945102260495156,0.9993346333503723
hard_negative_wag,results/model_checkpoints/20260721_200947_seed1337_bda60282_best_step1500.pt,1500,amazon_google_price_both,cross_source,exhaustive,211,432,title:identifier; description:identifier; manufacturer:identifier; price_text:text; price_numeric:categorical,title:text; description:text; manufacturer:text; price_text:text; price_numeric:numeric,290231,,0.6982936629206207,0.021595311510557387,0.08299595141700405,0.9995915293693542
hard_negative_wag,results/model_checkpoints/20260721_200947_seed1337_bda60282_best_step1500.pt,1500,amazon_google_price_both,cross_source,exhaustive,212,432,title:identifier; description:identifier; manufacturer:identifier; price_text:text; price_numeric:numeric,title:text; description:text; manufacturer:text; price_text:text; price_numeric:numeric,290231,,0.9248992842634994,0.08325263157670777,0.15407190022010273,0.9999514818191528
hard_negative_wag,results/model_checkpoints/20260721_200947_seed1337_bda60282_best_step1500.pt,1500,amazon_google_price_both,cross_source,exhaustive,213,432,title:identifier; description:identifier; manufacturer:identifier; price_text:identifier; price_numeric:text,title:text; description:text; manufacturer:text; price_text:text; price_numeric:numeric,290231,,0.8903729327529599,0.09605476858143326,0.18945102260495156,0.9993346333503723
hard_negative_wag,results/model_checkpoints/20260721_200947_seed1337_bda60282_best_step1500.pt,1500,amazon_google_price_both,cross_source,exhaustive,214,432,title:identifier; description:identifier; manufacturer:identifier; price_text:identifier; price_numeric:identifier,title:text; description:text; manufacturer:text; price_text:text; price_numeric:numeric,290231,,0.8903729327529599,0.09605476858143326,0.18945102260495156,0.9993346333503723
hard_negative_wag,results/model_checkpoints/20260721_200947_seed1337_bda60282_best_step1500.pt,1500,amazon_google_price_both,cross_source,exhaustive,215,432,title:identifier; description:identifier; manufacturer:identifier; price_text:identifier; price_numeric:categorical,title:text; description:text; manufacturer:text; price_text:text; price_numeric:numeric,290231,,0.6982936629206207,0.021595311510557387,0.08299595141700405,0.9995915293693542
hard_negative_wag,results/model_checkpoints/20260721_200947_seed1337_bda60282_best_step1500.pt,1500,amazon_google_price_both,cross_source,exhaustive,216,432,title:identifier; description:identifier; manufacturer:identifier; price_text:identifier; price_numeric:numeric,title:text; description:text; manufacturer:text; price_text:text; price_numeric:numeric,290231,,0.9248992634298661,0.08325257879733439,0.15407190022010273,0.9999514818191528
hard_negative_wag,results/model_checkpoints/20260721_200947_seed1337_bda60282_best_step1500.pt,1500,amazon_google_price_both,cross_source,exhaustive,217,432,title:identifier; description:identifier; manufacturer:identifier; price_text:categorical; price_numeric:text,title:text; description:text; manufacturer:text; price_text:text; price_numeric:numeric,290231,,0.6958624790904726,0.021430257936765097,0.08324873096446701,0.9996036887168884
hard_negative_wag,results/model_checkpoints/20260721_200947_seed1337_bda60282_best_step1500.pt,1500,amazon_google_price_both,cross_source,exhaustive,218,432,title:identifier; description:identifier; manufacturer:identifier; price_text:categorical; price_numeric:identifier,title:text; description:text; manufacturer:text; price_text:text; price_numeric:numeric,290231,,0.6958624790904726,0.021430257936765097,0.08324873096446701,0.9996036887168884
hard_negative_wag,results/model_checkpoints/20260721_200947_seed1337_bda60282_best_step1500.pt,1500,amazon_google_price_both,cross_source,exhaustive,219,432,title:identifier; description:identifier; manufacturer:identifier; price_text:categorical; price_numeric:categorical,title:text; description:text; manufacturer:text; price_text:text; price_numeric:numeric,290231,,0.6244052325039444,0.013089165585717086,0.07186678352322524,0.9997484087944031
hard_negative_wag,results/model_checkpoints/20260721_200947_seed1337_bda60282_best_step1500.pt,1500,amazon_google_price_both,cross_source,exhaustive,220,432,title:identifier; description:identifier; manufacturer:identifier; price_text:categorical; price_numeric:numeric,title:text; description:text; manufacturer:text; price_text:text; price_numeric:numeric,290231,,0.6253528771069202,0.019625753409773048,0.0914709517923362,0.9999483823776245
hard_negative_wag,results/model_checkpoints/20260721_200947_seed1337_bda60282_best_step1500.pt,1500,amazon_google_price_both,cross_source,exhaustive,221,432,title:identifier; description:identifier; manufacturer:identifier; price_text:numeric; price_numeric:text,title:text; description:text; manufacturer:text; price_text:text; price_numeric:numeric,290231,"ValueError(""could not convert string to float: '47.8 gbp'"")",,,,
hard_negative_wag,results/model_checkpoints/20260721_200947_seed1337_bda60282_best_step1500.pt,1500,amazon_google_price_both,cross_source,exhaustive,222,432,title:identifier; description:identifier; manufacturer:identifier; price_text:numeric; price_numeric:identifier,title:text; description:text; manufacturer:text; price_text:text; price_numeric:numeric,290231,"ValueError(""could not convert string to float: '47.8 gbp'"")",,,,
hard_negative_wag,results/model_checkpoints/20260721_200947_seed1337_bda60282_best_step1500.pt,1500,amazon_google_price_both,cross_source,exhaustive,223,432,title:identifier; description:identifier; manufacturer:identifier; price_text:numeric; price_numeric:categorical,title:text; description:text; manufacturer:text; price_text:text; price_numeric:numeric,290231,"ValueError(""could not convert string to float: '47.8 gbp'"")",,,,
hard_negative_wag,results/model_checkpoints/20260721_200947_seed1337_bda60282_best_step1500.pt,1500,amazon_google_price_both,cross_source,exhaustive,224,432,title:identifier; description:identifier; manufacturer:identifier; price_text:numeric; price_numeric:numeric,title:text; description:text; manufacturer:text; price_text:text; price_numeric:numeric,290231,"ValueError(""could not convert string to float: '47.8 gbp'"")",,,,
hard_negative_wag,results/model_checkpoints/20260721_200947_seed1337_bda60282_best_step1500.pt,1500,amazon_google_price_both,cross_source,exhaustive,225,432,title:identifier; description:identifier; manufacturer:categorical; price_text:text; price_numeric:text,title:text; description:text; manufacturer:text; price_text:text; price_numeric:numeric,290231,,0.7803878811825742,0.017595146248123854,0.0625,0.9977648258209229
hard_negative_wag,results/model_checkpoints/20260721_200947_seed1337_bda60282_best_step1500.pt,1500,amazon_google_price_both,cross_source,exhaustive,226,432,title:identifier; description:identifier; manufacturer:categorical; price_text:text; price_numeric:identifier,title:text; description:text; manufacturer:text; price_text:text; price_numeric:numeric,290231,,0.7803878811825742,0.017595146248123854,0.0625,0.9977648258209229
hard_negative_wag,results/model_checkpoints/20260721_200947_seed1337_bda60282_best_step1500.pt,1500,amazon_google_price_both,cross_source,exhaustive,227,432,title:identifier; description:identifier; manufacturer:categorical; price_text:text; price_numeric:categorical,title:text; description:text; manufacturer:text; price_text:text; price_numeric:numeric,290231,,0.6573419986168849,0.010949262802772544,0.04515659140568099,0.9698672890663147
hard_negative_wag,results/model_checkpoints/20260721_200947_seed1337_bda60282_best_step1500.pt,1500,amazon_google_price_both,cross_source,exhaustive,228,432,title:identifier; description:identifier; manufacturer:categorical; price_text:text; price_numeric:numeric,title:text; description:text; manufacturer:text; price_text:text; price_numeric:numeric,290231,,0.6363156570469646,0.00843979925443476,0.03125000000000001,0.9999443292617798
hard_negative_wag,results/model_checkpoints/20260721_200947_seed1337_bda60282_best_step1500.pt,1500,amazon_google_price_both,cross_source,exhaustive,229,432,title:identifier; description:identifier; manufacturer:categorical; price_text:identifier; price_numeric:text,title:text; description:text; manufacturer:text; price_text:text; price_numeric:numeric,290231,,0.7803878811825742,0.017595146248123854,0.0625,0.9977648258209229
hard_negative_wag,results/model_checkpoints/20260721_200947_seed1337_bda60282_best_step1500.pt,1500,amazon_google_price_both,cross_source,exhaustive,230,432,title:identifier; description:identifier; manufacturer:categorical; price_text:identifier; price_numeric:identifier,title:text; description:text; manufacturer:text; price_text:text; price_numeric:numeric,290231,,0.7803878811825742,0.017595146248123854,0.0625,0.9977648258209229
hard_negative_wag,results/model_checkpoints/20260721_200947_seed1337_bda60282_best_step1500.pt,1500,amazon_google_price_both,cross_source,exhaustive,231,432,title:identifier; description:identifier; manufacturer:categorical; price_text:identifier; price_numeric:categorical,title:text; description:text; manufacturer:text; price_text:text; price_numeric:numeric,290231,,0.6573419986168849,0.010949262802772544,0.04515659140568099,0.9698672890663147
hard_negative_wag,results/model_checkpoints/20260721_200947_seed1337_bda60282_best_step1500.pt,1500,amazon_google_price_both,cross_source,exhaustive,232,432,title:identifier; description:identifier; manufacturer:categorical; price_text:identifier; price_numeric:numeric,title:text; description:text; manufacturer:text; price_text:text; price_numeric:numeric,290231,,0.6363157046666982,0.008439800579641632,0.03125000000000001,0.9999443292617798
hard_negative_wag,results/model_checkpoints/20260721_200947_seed1337_bda60282_best_step1500.pt,1500,amazon_google_price_both,cross_source,exhaustive,233,432,title:identifier; description:identifier; manufacturer:categorical; price_text:categorical; price_numeric:text,title:text; description:text; manufacturer:text; price_text:text; price_numeric:numeric,290231,,0.655872834596784,0.010988445599065033,0.044684129429892146,0.9793247580528259
hard_negative_wag,results/model_checkpoints/20260721_200947_seed1337_bda60282_best_step1500.pt,1500,amazon_google_price_both,cross_source,exhaustive,234,432,title:identifier; description:identifier; manufacturer:categorical; price_text:categorical; price_numeric:identifier,title:text; description:text; manufacturer:text; price_text:text; price_numeric:numeric,290231,,0.655872834596784,0.010988445599065033,0.044684129429892146,0.9793247580528259
hard_negative_wag,results/model_checkpoints/20260721_200947_seed1337_bda60282_best_step1500.pt,1500,amazon_google_price_both,cross_source,exhaustive,235,432,title:identifier; description:identifier; manufacturer:categorical; price_text:categorical; price_numeric:categorical,title:text; description:text; manufacturer:text; price_text:text; price_numeric:numeric,290231,,0.6036746928140275,0.007175374219008578,0.047176554681915665,0.9935613870620728
hard_negative_wag,results/model_checkpoints/20260721_200947_seed1337_bda60282_best_step1500.pt,1500,amazon_google_price_both,cross_source,exhaustive,236,432,title:identifier; description:identifier; manufacturer:categorical; price_text:categorical; price_numeric:numeric,title:text; description:text; manufacturer:text; price_text:text; price_numeric:numeric,290231,,0.6056279739267674,0.007192685214658174,0.030371203599550055,0.998647153377533
hard_negative_wag,results/model_checkpoints/20260721_200947_seed1337_bda60282_best_step1500.pt,1500,amazon_google_price_both,cross_source,exhaustive,237,432,title:identifier; description:identifier; manufacturer:categorical; price_text:numeric; price_numeric:text,title:text; description:text; manufacturer:text; price_text:text; price_numeric:numeric,290231,"ValueError(""could not convert string to float: '47.8 gbp'"")",,,,
hard_negative_wag,results/model_checkpoints/20260721_200947_seed1337_bda60282_best_step1500.pt,1500,amazon_google_price_both,cross_source,exhaustive,238,432,title:identifier; description:identifier; manufacturer:categorical; price_text:numeric; price_numeric:identifier,title:text; description:text; manufacturer:text; price_text:text; price_numeric:numeric,290231,"ValueError(""could not convert string to float: '47.8 gbp'"")",,,,
hard_negative_wag,results/model_checkpoints/20260721_200947_seed1337_bda60282_best_step1500.pt,1500,amazon_google_price_both,cross_source,exhaustive,239,432,title:identifier; description:identifier; manufacturer:categorical; price_text:numeric; price_numeric:categorical,title:text; description:text; manufacturer:text; price_text:text; price_numeric:numeric,290231,"ValueError(""could not convert string to float: '47.8 gbp'"")",,,,
hard_negative_wag,results/model_checkpoints/20260721_200947_seed1337_bda60282_best_step1500.pt,1500,amazon_google_price_both,cross_source,exhaustive,240,432,title:identifier; description:identifier; manufacturer:categorical; price_text:numeric; price_numeric:numeric,title:text; description:text; manufacturer:text; price_text:text; price_numeric:numeric,290231,"ValueError(""could not convert string to float: '47.8 gbp'"")",,,,
hard_negative_wag,results/model_checkpoints/20260721_200947_seed1337_bda60282_best_step1500.pt,1500,amazon_google_price_both,cross_source,exhaustive,241,432,title:identifier; description:categorical; manufacturer:text; price_text:text; price_numeric:text,title:text; description:text; manufacturer:text; price_text:text; price_numeric:numeric,290231,,0.6380228899725817,0.03958580943328602,0.11251435132032148,0.9991426467895508
hard_negative_wag,results/model_checkpoints/20260721_200947_seed1337_bda60282_best_step1500.pt,1500,amazon_google_price_both,cross_source,exhaustive,242,432,title:identifier; description:categorical; manufacturer:text; price_text:text; price_numeric:identifier,title:text; description:text; manufacturer:text; price_text:text; price_numeric:numeric,290231,,0.6380228899725817,0.03958580943328602,0.11251435132032148,0.9991426467895508
hard_negative_wag,results/model_checkpoints/20260721_200947_seed1337_bda60282_best_step1500.pt,1500,amazon_google_price_both,cross_source,exhaustive,243,432,title:identifier; description:categorical; manufacturer:text; price_text:text; price_numeric:categorical,title:text; description:text; manufacturer:text; price_text:text; price_numeric:numeric,290231,,0.6125931694968463,0.010543633573625448,0.05293440736478711,0.9995461106300354
hard_negative_wag,results/model_checkpoints/20260721_200947_seed1337_bda60282_best_step1500.pt,1500,amazon_google_price_both,cross_source,exhaustive,244,432,title:identifier; description:categorical; manufacturer:text; price_text:text; price_numeric:numeric,title:text; description:text; manufacturer:text; price_text:text; price_numeric:numeric,290231,,0.6150625622107176,0.03725943839124146,0.08934169278996865,0.9999513626098633
hard_negative_wag,results/model_checkpoints/20260721_200947_seed1337_bda60282_best_step1500.pt,1500,amazon_google_price_both,cross_source,exhaustive,245,432,title:identifier; description:categorical; manufacturer:text; price_text:identifier; price_numeric:text,title:text; description:text; manufacturer:text; price_text:text; price_numeric:numeric,290231,,0.6380228899725817,0.03958580943328602,0.11251435132032148,0.9991426467895508
hard_negative_wag,results/model_checkpoints/20260721_200947_seed1337_bda60282_best_step1500.pt,1500,amazon_google_price_both,cross_source,exhaustive,246,432,title:identifier; description:categorical; manufacturer:text; price_text:identifier; price_numeric:identifier,title:text; description:text; manufacturer:text; price_text:text; price_numeric:numeric,290231,,0.6380228899725817,0.03958580943328602,0.11251435132032148,0.9991426467895508
hard_negative_wag,results/model_checkpoints/20260721_200947_seed1337_bda60282_best_step1500.pt,1500,amazon_google_price_both,cross_source,exhaustive,247,432,title:identifier; description:categorical; manufacturer:text; price_text:identifier; price_numeric:categorical,title:text; description:text; manufacturer:text; price_text:text; price_numeric:numeric,290231,,0.6125931694968463,0.010543633573625448,0.05293440736478711,0.9995461106300354
hard_negative_wag,results/model_checkpoints/20260721_200947_seed1337_bda60282_best_step1500.pt,1500,amazon_google_price_both,cross_source,exhaustive,248,432,title:identifier; description:categorical; manufacturer:text; price_text:identifier; price_numeric:numeric,title:text; description:text; manufacturer:text; price_text:text; price_numeric:numeric,290231,,0.615062574115651,0.037259443635179954,0.08934169278996865,0.9999513626098633
hard_negative_wag,results/model_checkpoints/20260721_200947_seed1337_bda60282_best_step1500.pt,1500,amazon_google_price_both,cross_source,exhaustive,249,432,title:identifier; description:categorical; manufacturer:text; price_text:categorical; price_numeric:text,title:text; description:text; manufacturer:text; price_text:text; price_numeric:numeric,290231,,0.6092674043280861,0.010292736144380097,0.052332195676905585,0.9995244741439819
hard_negative_wag,results/model_checkpoints/20260721_200947_seed1337_bda60282_best_step1500.pt,1500,amazon_google_price_both,cross_source,exhaustive,250,432,title:identifier; description:categorical; manufacturer:text; price_text:categorical; price_numeric:identifier,title:text; description:text; manufacturer:text; price_text:text; price_numeric:numeric,290231,,0.6092674043280861,0.010292736144380097,0.052332195676905585,0.9995244741439819
hard_negative_wag,results/model_checkpoints/20260721_200947_seed1337_bda60282_best_step1500.pt,1500,amazon_google_price_both,cross_source,exhaustive,251,432,title:identifier; description:categorical; manufacturer:text; price_text:categorical; price_numeric:categorical,title:text; description:text; manufacturer:text; price_text:text; price_numeric:numeric,290231,,0.5792157631080163,0.008725192457979591,0.053191489361702135,0.9996989965438843
hard_negative_wag,results/model_checkpoints/20260721_200947_seed1337_bda60282_best_step1500.pt,1500,amazon_google_price_both,cross_source,exhaustive,252,432,title:identifier; description:categorical; manufacturer:text; price_text:categorical; price_numeric:numeric,title:text; description:text; manufacturer:text; price_text:text; price_numeric:numeric,290231,,0.5802145364236795,0.012118485426441264,0.05084745762711864,0.9999537467956543
hard_negative_wag,results/model_checkpoints/20260721_200947_seed1337_bda60282_best_step1500.pt,1500,amazon_google_price_both,cross_source,exhaustive,253,432,title:identifier; description:categorical; manufacturer:text; price_text:numeric; price_numeric:text,title:text; description:text; manufacturer:text; price_text:text; price_numeric:numeric,290231,"ValueError(""could not convert string to float: '47.8 gbp'"")",,,,
hard_negative_wag,results/model_checkpoints/20260721_200947_seed1337_bda60282_best_step1500.pt,1500,amazon_google_price_both,cross_source,exhaustive,254,432,title:identifier; description:categorical; manufacturer:text; price_text:numeric; price_numeric:identifier,title:text; description:text; manufacturer:text; price_text:text; price_numeric:numeric,290231,"ValueError(""could not convert string to float: '47.8 gbp'"")",,,,
hard_negative_wag,results/model_checkpoints/20260721_200947_seed1337_bda60282_best_step1500.pt,1500,amazon_google_price_both,cross_source,exhaustive,255,432,title:identifier; description:categorical; manufacturer:text; price_text:numeric; price_numeric:categorical,title:text; description:text; manufacturer:text; price_text:text; price_numeric:numeric,290231,"ValueError(""could not convert string to float: '47.8 gbp'"")",,,,
hard_negative_wag,results/model_checkpoints/20260721_200947_seed1337_bda60282_best_step1500.pt,1500,amazon_google_price_both,cross_source,exhaustive,256,432,title:identifier; description:categorical; manufacturer:text; price_text:numeric; price_numeric:numeric,title:text; description:text; manufacturer:text; price_text:text; price_numeric:numeric,290231,"ValueError(""could not convert string to float: '47.8 gbp'"")",,,,
hard_negative_wag,results/model_checkpoints/20260721_200947_seed1337_bda60282_best_step1500.pt,1500,amazon_google_price_both,cross_source,exhaustive,257,432,title:identifier; description:categorical; manufacturer:identifier; price_text:text; price_numeric:text,title:text; description:text; manufacturer:text; price_text:text; price_numeric:numeric,290231,,0.6380228899725817,0.03958580943328602,0.11251435132032148,0.9991426467895508
hard_negative_wag,results/model_checkpoints/20260721_200947_seed1337_bda60282_best_step1500.pt,1500,amazon_google_price_both,cross_source,exhaustive,258,432,title:identifier; description:categorical; manufacturer:identifier; price_text:text; price_numeric:identifier,title:text; description:text; manufacturer:text; price_text:text; price_numeric:numeric,290231,,0.6380228899725817,0.03958580943328602,0.11251435132032148,0.9991426467895508
hard_negative_wag,results/model_checkpoints/20260721_200947_seed1337_bda60282_best_step1500.pt,1500,amazon_google_price_both,cross_source,exhaustive,259,432,title:identifier; description:categorical; manufacturer:identifier; price_text:text; price_numeric:categorical,title:text; description:text; manufacturer:text; price_text:text; price_numeric:numeric,290231,,0.6125931694968463,0.010543633573625448,0.05293440736478711,0.9995461106300354
hard_negative_wag,results/model_checkpoints/20260721_200947_seed1337_bda60282_best_step1500.pt,1500,amazon_google_price_both,cross_source,exhaustive,260,432,title:identifier; description:categorical; manufacturer:identifier; price_text:text; price_numeric:numeric,title:text; description:text; manufacturer:text; price_text:text; price_numeric:numeric,290231,,0.6150625889968176,0.037259503865667225,0.08934169278996865,0.9999513626098633
hard_negative_wag,results/model_checkpoints/20260721_200947_seed1337_bda60282_best_step1500.pt,1500,amazon_google_price_both,cross_source,exhaustive,261,432,title:identifier; description:categorical; manufacturer:identifier; price_text:identifier; price_numeric:text,title:text; description:text; manufacturer:text; price_text:text; price_numeric:numeric,290231,,0.6380228899725817,0.03958580943328602,0.11251435132032148,0.9991426467895508
hard_negative_wag,results/model_checkpoints/20260721_200947_seed1337_bda60282_best_step1500.pt,1500,amazon_google_price_both,cross_source,exhaustive,262,432,title:identifier; description:categorical; manufacturer:identifier; price_text:identifier; price_numeric:identifier,title:text; description:text; manufacturer:text; price_text:text; price_numeric:numeric,290231,,0.6380228899725817,0.03958580943328602,0.11251435132032148,0.9991426467895508
hard_negative_wag,results/model_checkpoints/20260721_200947_seed1337_bda60282_best_step1500.pt,1500,amazon_google_price_both,cross_source,exhaustive,263,432,title:identifier; description:categorical; manufacturer:identifier; price_text:identifier; price_numeric:categorical,title:text; description:text; manufacturer:text; price_text:text; price_numeric:numeric,290231,,0.6125931694968463,0.010543633573625448,0.05293440736478711,0.9995461106300354
hard_negative_wag,results/model_checkpoints/20260721_200947_seed1337_bda60282_best_step1500.pt,1500,amazon_google_price_both,cross_source,exhaustive,264,432,title:identifier; description:categorical; manufacturer:identifier; price_text:identifier; price_numeric:numeric,title:text; description:text; manufacturer:text; price_text:text; price_numeric:numeric,290231,,0.6150626009017512,0.03725944674233547,0.08934169278996865,0.9999513626098633
hard_negative_wag,results/model_checkpoints/20260721_200947_seed1337_bda60282_best_step1500.pt,1500,amazon_google_price_both,cross_source,exhaustive,265,432,title:identifier; description:categorical; manufacturer:identifier; price_text:categorical; price_numeric:text,title:text; description:text; manufacturer:text; price_text:text; price_numeric:numeric,290231,,0.6092674043280861,0.010292736144380097,0.052332195676905585,0.9995244741439819
hard_negative_wag,results/model_checkpoints/20260721_200947_seed1337_bda60282_best_step1500.pt,1500,amazon_google_price_both,cross_source,exhaustive,266,432,title:identifier; description:categorical; manufacturer:identifier; price_text:categorical; price_numeric:identifier,title:text; description:text; manufacturer:text; price_text:text; price_numeric:numeric,290231,,0.6092674043280861,0.010292736144380097,0.052332195676905585,0.9995244741439819
hard_negative_wag,results/model_checkpoints/20260721_200947_seed1337_bda60282_best_step1500.pt,1500,amazon_google_price_both,cross_source,exhaustive,267,432,title:identifier; description:categorical; manufacturer:identifier; price_text:categorical; price_numeric:categorical,title:text; description:text; manufacturer:text; price_text:text; price_numeric:numeric,290231,,0.5792157631080163,0.008725192457979591,0.053191489361702135,0.9996989965438843
hard_negative_wag,results/model_checkpoints/20260721_200947_seed1337_bda60282_best_step1500.pt,1500,amazon_google_price_both,cross_source,exhaustive,268,432,title:identifier; description:categorical; manufacturer:identifier; price_text:categorical; price_numeric:numeric,title:text; description:text; manufacturer:text; price_text:text; price_numeric:numeric,290231,,0.5802145364236795,0.012118484281136358,0.05084745762711864,0.9999537467956543
hard_negative_wag,results/model_checkpoints/20260721_200947_seed1337_bda60282_best_step1500.pt,1500,amazon_google_price_both,cross_source,exhaustive,269,432,title:identifier; description:categorical; manufacturer:identifier; price_text:numeric; price_numeric:text,title:text; description:text; manufacturer:text; price_text:text; price_numeric:numeric,290231,"ValueError(""could not convert string to float: '47.8 gbp'"")",,,,
hard_negative_wag,results/model_checkpoints/20260721_200947_seed1337_bda60282_best_step1500.pt,1500,amazon_google_price_both,cross_source,exhaustive,270,432,title:identifier; description:categorical; manufacturer:identifier; price_text:numeric; price_numeric:identifier,title:text; description:text; manufacturer:text; price_text:text; price_numeric:numeric,290231,"ValueError(""could not convert string to float: '47.8 gbp'"")",,,,
hard_negative_wag,results/model_checkpoints/20260721_200947_seed1337_bda60282_best_step1500.pt,1500,amazon_google_price_both,cross_source,exhaustive,271,432,title:identifier; description:categorical; manufacturer:identifier; price_text:numeric; price_numeric:categorical,title:text; description:text; manufacturer:text; price_text:text; price_numeric:numeric,290231,"ValueError(""could not convert string to float: '47.8 gbp'"")",,,,
hard_negative_wag,results/model_checkpoints/20260721_200947_seed1337_bda60282_best_step1500.pt,1500,amazon_google_price_both,cross_source,exhaustive,272,432,title:identifier; description:categorical; manufacturer:identifier; price_text:numeric; price_numeric:numeric,title:text; description:text; manufacturer:text; price_text:text; price_numeric:numeric,290231,"ValueError(""could not convert string to float: '47.8 gbp'"")",,,,
hard_negative_wag,results/model_checkpoints/20260721_200947_seed1337_bda60282_best_step1500.pt,1500,amazon_google_price_both,cross_source,exhaustive,273,432,title:identifier; description:categorical; manufacturer:categorical; price_text:text; price_numeric:text,title:text; description:text; manufacturer:text; price_text:text; price_numeric:numeric,290231,,0.6140917952508601,0.007426955772597787,0.03639371381306865,0.9958368539810181
hard_negative_wag,results/model_checkpoints/20260721_200947_seed1337_bda60282_best_step1500.pt,1500,amazon_google_price_both,cross_source,exhaustive,274,432,title:identifier; description:categorical; manufacturer:categorical; price_text:text; price_numeric:identifier,title:text; description:text; manufacturer:text; price_text:text; price_numeric:numeric,290231,,0.6140917952508601,0.007426955772597787,0.03639371381306865,0.9958368539810181
hard_negative_wag,results/model_checkpoints/20260721_200947_seed1337_bda60282_best_step1500.pt,1500,amazon_google_price_both,cross_source,exhaustive,275,432,title:identifier; description:categorical; manufacturer:categorical; price_text:text; price_numeric:categorical,title:text; description:text; manufacturer:text; price_text:text; price_numeric:numeric,290231,,0.594338335111732,0.004946505904128872,0.02869955156950673,0.9700415730476379
hard_negative_wag,results/model_checkpoints/20260721_200947_seed1337_bda60282_best_step1500.pt,1500,amazon_google_price_both,cross_source,exhaustive,276,432,title:identifier; description:categorical; manufacturer:categorical; price_text:text; price_numeric:numeric,title:text; description:text; manufacturer:text; price_text:text; price_numeric:numeric,290231,,0.5671050737754675,0.004250426298812035,0.0213903743315508,0.9999545812606812
hard_negative_wag,results/model_checkpoints/20260721_200947_seed1337_bda60282_best_step1500.pt,1500,amazon_google_price_both,cross_source,exhaustive,277,432,title:identifier; description:categorical; manufacturer:categorical; price_text:identifier; price_numeric:text,title:text; description:text; manufacturer:text; price_text:text; price_numeric:numeric,290231,,0.6140917952508601,0.007426955772597787,0.03639371381306865,0.9958368539810181
hard_negative_wag,results/model_checkpoints/20260721_200947_seed1337_bda60282_best_step1500.pt,1500,amazon_google_price_both,cross_source,exhaustive,278,432,title:identifier; description:categorical; manufacturer:categorical; price_text:identifier; price_numeric:identifier,title:text; description:text; manufacturer:text; price_text:text; price_numeric:numeric,290231,,0.6140917952508601,0.007426955772597787,0.03639371381306865,0.9958368539810181
hard_negative_wag,results/model_checkpoints/20260721_200947_seed1337_bda60282_best_step1500.pt,1500,amazon_google_price_both,cross_source,exhaustive,279,432,title:identifier; description:categorical; manufacturer:categorical; price_text:identifier; price_numeric:categorical,title:text; description:text; manufacturer:text; price_text:text; price_numeric:numeric,290231,,0.594338335111732,0.004946505904128872,0.02869955156950673,0.9700415730476379
hard_negative_wag,results/model_checkpoints/20260721_200947_seed1337_bda60282_best_step1500.pt,1500,amazon_google_price_both,cross_source,exhaustive,280,432,title:identifier; description:categorical; manufacturer:categorical; price_text:identifier; price_numeric:numeric,title:text; description:text; manufacturer:text; price_text:text; price_numeric:numeric,290231,,0.5671051094902677,0.004250427109303903,0.0213903743315508,0.9999545812606812
hard_negative_wag,results/model_checkpoints/20260721_200947_seed1337_bda60282_best_step1500.pt,1500,amazon_google_price_both,cross_source,exhaustive,281,432,title:identifier; description:categorical; manufacturer:categorical; price_text:categorical; price_numeric:text,title:text; description:text; manufacturer:text; price_text:text; price_numeric:numeric,290231,,0.5932820073955828,0.004967538311014055,0.029239766081871347,0.9831621646881104
hard_negative_wag,results/model_checkpoints/20260721_200947_seed1337_bda60282_best_step1500.pt,1500,amazon_google_price_both,cross_source,exhaustive,282,432,title:identifier; description:categorical; manufacturer:categorical; price_text:categorical; price_numeric:identifier,title:text; description:text; manufacturer:text; price_text:text; price_numeric:numeric,290231,,0.5932820073955828,0.004967538311014055,0.029239766081871347,0.9831621646881104
hard_negative_wag,results/model_checkpoints/20260721_200947_seed1337_bda60282_best_step1500.pt,1500,amazon_google_price_both,cross_source,exhaustive,283,432,title:identifier; description:categorical; manufacturer:categorical; price_text:categorical; price_numeric:categorical,title:text; description:text; manufacturer:text; price_text:text; price_numeric:numeric,290231,,0.5669455804065748,0.0047843387805143545,0.03355704697986577,0.9885565042495728
hard_negative_wag,results/model_checkpoints/20260721_200947_seed1337_bda60282_best_step1500.pt,1500,amazon_google_price_both,cross_source,exhaustive,284,432,title:identifier; description:categorical; manufacturer:categorical; price_text:categorical; price_numeric:numeric,title:text; description:text; manufacturer:text; price_text:text; price_numeric:numeric,290231,,0.5713590755295404,0.004218067254284313,0.02253521126760563,0.9969472289085388
hard_negative_wag,results/model_checkpoints/20260721_200947_seed1337_bda60282_best_step1500.pt,1500,amazon_google_price_both,cross_source,exhaustive,285,432,title:identifier; description:categorical; manufacturer:categorical; price_text:numeric; price_numeric:text,title:text; description:text; manufacturer:text; price_text:text; price_numeric:numeric,290231,"ValueError(""could not convert string to float: '47.8 gbp'"")",,,,
hard_negative_wag,results/model_checkpoints/20260721_200947_seed1337_bda60282_best_step1500.pt,1500,amazon_google_price_both,cross_source,exhaustive,286,432,title:identifier; description:categorical; manufacturer:categorical; price_text:numeric; price_numeric:identifier,title:text; description:text; manufacturer:text; price_text:text; price_numeric:numeric,290231,"ValueError(""could not convert string to float: '47.8 gbp'"")",,,,
hard_negative_wag,results/model_checkpoints/20260721_200947_seed1337_bda60282_best_step1500.pt,1500,amazon_google_price_both,cross_source,exhaustive,287,432,title:identifier; description:categorical; manufacturer:categorical; price_text:numeric; price_numeric:categorical,title:text; description:text; manufacturer:text; price_text:text; price_numeric:numeric,290231,"ValueError(""could not convert string to float: '47.8 gbp'"")",,,,
hard_negative_wag,results/model_checkpoints/20260721_200947_seed1337_bda60282_best_step1500.pt,1500,amazon_google_price_both,cross_source,exhaustive,288,432,title:identifier; description:categorical; manufacturer:categorical; price_text:numeric; price_numeric:numeric,title:text; description:text; manufacturer:text; price_text:text; price_numeric:numeric,290231,"ValueError(""could not convert string to float: '47.8 gbp'"")",,,,
hard_negative_wag,results/model_checkpoints/20260721_200947_seed1337_bda60282_best_step1500.pt,1500,amazon_google_price_both,cross_source,exhaustive,289,432,title:categorical; description:text; manufacturer:text; price_text:text; price_numeric:text,title:text; description:text; manufacturer:text; price_text:text; price_numeric:numeric,290231,,0.6077710137253167,0.024836234879449144,0.08995215311004784,0.9991924166679382
hard_negative_wag,results/model_checkpoints/20260721_200947_seed1337_bda60282_best_step1500.pt,1500,amazon_google_price_both,cross_source,exhaustive,290,432,title:categorical; description:text; manufacturer:text; price_text:text; price_numeric:identifier,title:text; description:text; manufacturer:text; price_text:text; price_numeric:numeric,290231,,0.6077710137253167,0.024836234879449144,0.08995215311004784,0.9991924166679382
hard_negative_wag,results/model_checkpoints/20260721_200947_seed1337_bda60282_best_step1500.pt,1500,amazon_google_price_both,cross_source,exhaustive,291,432,title:categorical; description:text; manufacturer:text; price_text:text; price_numeric:categorical,title:text; description:text; manufacturer:text; price_text:text; price_numeric:numeric,290231,,0.5897524744106433,0.009204823893631217,0.04610318331503842,0.9996367692947388
hard_negative_wag,results/model_checkpoints/20260721_200947_seed1337_bda60282_best_step1500.pt,1500,amazon_google_price_both,cross_source,exhaustive,292,432,title:categorical; description:text; manufacturer:text; price_text:text; price_numeric:numeric,title:text; description:text; manufacturer:text; price_text:text; price_numeric:numeric,290231,,0.6088564073363438,0.013747680553946273,0.06451612903225808,0.9999533891677856
hard_negative_wag,results/model_checkpoints/20260721_200947_seed1337_bda60282_best_step1500.pt,1500,amazon_google_price_both,cross_source,exhaustive,293,432,title:categorical; description:text; manufacturer:text; price_text:identifier; price_numeric:text,title:text; description:text; manufacturer:text; price_text:text; price_numeric:numeric,290231,,0.6077710137253167,0.024836234879449144,0.08995215311004784,0.9991924166679382
hard_negative_wag,results/model_checkpoints/20260721_200947_seed1337_bda60282_best_step1500.pt,1500,amazon_google_price_both,cross_source,exhaustive,294,432,title:categorical; description:text; manufacturer:text; price_text:identifier; price_numeric:identifier,title:text; description:text; manufacturer:text; price_text:text; price_numeric:numeric,290231,,0.6077710137253167,0.024836234879449144,0.08995215311004784,0.9991924166679382
hard_negative_wag,results/model_checkpoints/20260721_200947_seed1337_bda60282_best_step1500.pt,1500,amazon_google_price_both,cross_source,exhaustive,295,432,title:categorical; description:text; manufacturer:text; price_text:identifier; price_numeric:categorical,title:text; description:text; manufacturer:text; price_text:text; price_numeric:numeric,290231,,0.5897524744106433,0.009204823893631217,0.04610318331503842,0.9996367692947388
hard_negative_wag,results/model_checkpoints/20260721_200947_seed1337_bda60282_best_step1500.pt,1500,amazon_google_price_both,cross_source,exhaustive,296,432,title:categorical; description:text; manufacturer:text; price_text:identifier; price_numeric:numeric,title:text; description:text; manufacturer:text; price_text:text; price_numeric:numeric,290231,,0.6088561632852092,0.013747554306545156,0.06451612903225808,0.9999533891677856
hard_negative_wag,results/model_checkpoints/20260721_200947_seed1337_bda60282_best_step1500.pt,1500,amazon_google_price_both,cross_source,exhaustive,297,432,title:categorical; description:text; manufacturer:text; price_text:categorical; price_numeric:text,title:text; description:text; manufacturer:text; price_text:text; price_numeric:numeric,290231,,0.5879093347654174,0.00864476570177021,0.04517453798767968,0.9994363188743591
hard_negative_wag,results/model_checkpoints/20260721_200947_seed1337_bda60282_best_step1500.pt,1500,amazon_google_price_both,cross_source,exhaustive,298,432,title:categorical; description:text; manufacturer:text; price_text:categorical; price_numeric:identifier,title:text; description:text; manufacturer:text; price_text:text; price_numeric:numeric,290231,,0.5879093347654174,0.00864476570177021,0.04517453798767968,0.9994363188743591
hard_negative_wag,results/model_checkpoints/20260721_200947_seed1337_bda60282_best_step1500.pt,1500,amazon_google_price_both,cross_source,exhaustive,299,432,title:categorical; description:text; manufacturer:text; price_text:categorical; price_numeric:categorical,title:text; description:text; manufacturer:text; price_text:text; price_numeric:numeric,290231,,0.5773236316856469,0.0070212853891636,0.04329896907216495,0.9997747540473938
hard_negative_wag,results/model_checkpoints/20260721_200947_seed1337_bda60282_best_step1500.pt,1500,amazon_google_price_both,cross_source,exhaustive,300,432,title:categorical; description:text; manufacturer:text; price_text:categorical; price_numeric:numeric,title:text; description:text; manufacturer:text; price_text:text; price_numeric:numeric,290231,,0.5814152025285126,0.007202487247001878,0.048387096774193554,0.999948263168335
hard_negative_wag,results/model_checkpoints/20260721_200947_seed1337_bda60282_best_step1500.pt,1500,amazon_google_price_both,cross_source,exhaustive,301,432,title:categorical; description:text; manufacturer:text; price_text:numeric; price_numeric:text,title:text; description:text; manufacturer:text; price_text:text; price_numeric:numeric,290231,"ValueError(""could not convert string to float: '47.8 gbp'"")",,,,
hard_negative_wag,results/model_checkpoints/20260721_200947_seed1337_bda60282_best_step1500.pt,1500,amazon_google_price_both,cross_source,exhaustive,302,432,title:categorical; description:text; manufacturer:text; price_text:numeric; price_numeric:identifier,title:text; description:text; manufacturer:text; price_text:text; price_numeric:numeric,290231,"ValueError(""could not convert string to float: '47.8 gbp'"")",,,,
hard_negative_wag,results/model_checkpoints/20260721_200947_seed1337_bda60282_best_step1500.pt,1500,amazon_google_price_both,cross_source,exhaustive,303,432,title:categorical; description:text; manufacturer:text; price_text:numeric; price_numeric:categorical,title:text; description:text; manufacturer:text; price_text:text; price_numeric:numeric,290231,"ValueError(""could not convert string to float: '47.8 gbp'"")",,,,
hard_negative_wag,results/model_checkpoints/20260721_200947_seed1337_bda60282_best_step1500.pt,1500,amazon_google_price_both,cross_source,exhaustive,304,432,title:categorical; description:text; manufacturer:text; price_text:numeric; price_numeric:numeric,title:text; description:text; manufacturer:text; price_text:text; price_numeric:numeric,290231,"ValueError(""could not convert string to float: '47.8 gbp'"")",,,,
hard_negative_wag,results/model_checkpoints/20260721_200947_seed1337_bda60282_best_step1500.pt,1500,amazon_google_price_both,cross_source,exhaustive,305,432,title:categorical; description:text; manufacturer:identifier; price_text:text; price_numeric:text,title:text; description:text; manufacturer:text; price_text:text; price_numeric:numeric,290231,,0.6077710137253167,0.024836234879449144,0.08995215311004784,0.9991924166679382
hard_negative_wag,results/model_checkpoints/20260721_200947_seed1337_bda60282_best_step1500.pt,1500,amazon_google_price_both,cross_source,exhaustive,306,432,title:categorical; description:text; manufacturer:identifier; price_text:text; price_numeric:identifier,title:text; description:text; manufacturer:text; price_text:text; price_numeric:numeric,290231,,0.6077710137253167,0.024836234879449144,0.08995215311004784,0.9991924166679382
hard_negative_wag,results/model_checkpoints/20260721_200947_seed1337_bda60282_best_step1500.pt,1500,amazon_google_price_both,cross_source,exhaustive,307,432,title:categorical; description:text; manufacturer:identifier; price_text:text; price_numeric:categorical,title:text; description:text; manufacturer:text; price_text:text; price_numeric:numeric,290231,,0.5897524744106433,0.009204823893631217,0.04610318331503842,0.9996367692947388
hard_negative_wag,results/model_checkpoints/20260721_200947_seed1337_bda60282_best_step1500.pt,1500,amazon_google_price_both,cross_source,exhaustive,308,432,title:categorical; description:text; manufacturer:identifier; price_text:text; price_numeric:numeric,title:text; description:text; manufacturer:text; price_text:text; price_numeric:numeric,290231,,0.6088564192412771,0.013747682926013022,0.06451612903225808,0.9999533891677856
hard_negative_wag,results/model_checkpoints/20260721_200947_seed1337_bda60282_best_step1500.pt,1500,amazon_google_price_both,cross_source,exhaustive,309,432,title:categorical; description:text; manufacturer:identifier; price_text:identifier; price_numeric:text,title:text; description:text; manufacturer:text; price_text:text; price_numeric:numeric,290231,,0.6077710137253167,0.024836234879449144,0.08995215311004784,0.9991924166679382
hard_negative_wag,results/model_checkpoints/20260721_200947_seed1337_bda60282_best_step1500.pt,1500,amazon_google_price_both,cross_source,exhaustive,310,432,title:categorical; description:text; manufacturer:identifier; price_text:identifier; price_numeric:identifier,title:text; description:text; manufacturer:text; price_text:text; price_numeric:numeric,290231,,0.6077710137253167,0.024836234879449144,0.08995215311004784,0.9991924166679382
hard_negative_wag,results/model_checkpoints/20260721_200947_seed1337_bda60282_best_step1500.pt,1500,amazon_google_price_both,cross_source,exhaustive,311,432,title:categorical; description:text; manufacturer:identifier; price_text:identifier; price_numeric:categorical,title:text; description:text; manufacturer:text; price_text:text; price_numeric:numeric,290231,,0.5897524744106433,0.009204823893631217,0.04610318331503842,0.9996367692947388
hard_negative_wag,results/model_checkpoints/20260721_200947_seed1337_bda60282_best_step1500.pt,1500,amazon_google_price_both,cross_source,exhaustive,312,432,title:categorical; description:text; manufacturer:identifier; price_text:identifier; price_numeric:numeric,title:text; description:text; manufacturer:text; price_text:text; price_numeric:numeric,290231,,0.6088564400749106,0.01374767573920133,0.06451612903225808,0.9999533891677856
hard_negative_wag,results/model_checkpoints/20260721_200947_seed1337_bda60282_best_step1500.pt,1500,amazon_google_price_both,cross_source,exhaustive,313,432,title:categorical; description:text; manufacturer:identifier; price_text:categorical; price_numeric:text,title:text; description:text; manufacturer:text; price_text:text; price_numeric:numeric,290231,,0.5879093347654174,0.00864476570177021,0.04517453798767968,0.9994363188743591
hard_negative_wag,results/model_checkpoints/20260721_200947_seed1337_bda60282_best_step1500.pt,1500,amazon_google_price_both,cross_source,exhaustive,314,432,title:categorical; description:text; manufacturer:identifier; price_text:categorical; price_numeric:identifier,title:text; description:text; manufacturer:text; price_text:text; price_numeric:numeric,290231,,0.5879093347654174,0.00864476570177021,0.04517453798767968,0.9994363188743591
hard_negative_wag,results/model_checkpoints/20260721_200947_seed1337_bda60282_best_step1500.pt,1500,amazon_google_price_both,cross_source,exhaustive,315,432,title:categorical; description:text; manufacturer:identifier; price_text:categorical; price_numeric:categorical,title:text; description:text; manufacturer:text; price_text:text; price_numeric:numeric,290231,,0.5773236316856469,0.0070212853891636,0.04329896907216495,0.9997747540473938
hard_negative_wag,results/model_checkpoints/20260721_200947_seed1337_bda60282_best_step1500.pt,1500,amazon_google_price_both,cross_source,exhaustive,316,432,title:categorical; description:text; manufacturer:identifier; price_text:categorical; price_numeric:numeric,title:text; description:text; manufacturer:text; price_text:text; price_numeric:numeric,290231,,0.5814152441957795,0.007202495462210565,0.048387096774193554,0.999948263168335
hard_negative_wag,results/model_checkpoints/20260721_200947_seed1337_bda60282_best_step1500.pt,1500,amazon_google_price_both,cross_source,exhaustive,317,432,title:categorical; description:text; manufacturer:identifier; price_text:numeric; price_numeric:text,title:text; description:text; manufacturer:text; price_text:text; price_numeric:numeric,290231,"ValueError(""could not convert string to float: '47.8 gbp'"")",,,,
hard_negative_wag,results/model_checkpoints/20260721_200947_seed1337_bda60282_best_step1500.pt,1500,amazon_google_price_both,cross_source,exhaustive,318,432,title:categorical; description:text; manufacturer:identifier; price_text:numeric; price_numeric:identifier,title:text; description:text; manufacturer:text; price_text:text; price_numeric:numeric,290231,"ValueError(""could not convert string to float: '47.8 gbp'"")",,,,
hard_negative_wag,results/model_checkpoints/20260721_200947_seed1337_bda60282_best_step1500.pt,1500,amazon_google_price_both,cross_source,exhaustive,319,432,title:categorical; description:text; manufacturer:identifier; price_text:numeric; price_numeric:categorical,title:text; description:text; manufacturer:text; price_text:text; price_numeric:numeric,290231,"ValueError(""could not convert string to float: '47.8 gbp'"")",,,,
hard_negative_wag,results/model_checkpoints/20260721_200947_seed1337_bda60282_best_step1500.pt,1500,amazon_google_price_both,cross_source,exhaustive,320,432,title:categorical; description:text; manufacturer:identifier; price_text:numeric; price_numeric:numeric,title:text; description:text; manufacturer:text; price_text:text; price_numeric:numeric,290231,"ValueError(""could not convert string to float: '47.8 gbp'"")",,,,
hard_negative_wag,results/model_checkpoints/20260721_200947_seed1337_bda60282_best_step1500.pt,1500,amazon_google_price_both,cross_source,exhaustive,321,432,title:categorical; description:text; manufacturer:categorical; price_text:text; price_numeric:text,title:text; description:text; manufacturer:text; price_text:text; price_numeric:numeric,290231,,0.6007466833748438,0.007460626024604617,0.04175824175824176,0.9988099336624146
hard_negative_wag,results/model_checkpoints/20260721_200947_seed1337_bda60282_best_step1500.pt,1500,amazon_google_price_both,cross_source,exhaustive,322,432,title:categorical; description:text; manufacturer:categorical; price_text:text; price_numeric:identifier,title:text; description:text; manufacturer:text; price_text:text; price_numeric:numeric,290231,,0.6007466833748438,0.007460626024604617,0.04175824175824176,0.9988099336624146
hard_negative_wag,results/model_checkpoints/20260721_200947_seed1337_bda60282_best_step1500.pt,1500,amazon_google_price_both,cross_source,exhaustive,323,432,title:categorical; description:text; manufacturer:categorical; price_text:text; price_numeric:categorical,title:text; description:text; manufacturer:text; price_text:text; price_numeric:numeric,290231,,0.5840061029450543,0.005246611994749411,0.030944625407166127,0.9516092538833618
hard_negative_wag,results/model_checkpoints/20260721_200947_seed1337_bda60282_best_step1500.pt,1500,amazon_google_price_both,cross_source,exhaustive,324,432,title:categorical; description:text; manufacturer:categorical; price_text:text; price_numeric:numeric,title:text; description:text; manufacturer:text; price_text:text; price_numeric:numeric,290231,,0.5634581908858449,0.0038078249973342994,0.0234192037470726,0.9999520778656006
hard_negative_wag,results/model_checkpoints/20260721_200947_seed1337_bda60282_best_step1500.pt,1500,amazon_google_price_both,cross_source,exhaustive,325,432,title:categorical; description:text; manufacturer:categorical; price_text:identifier; price_numeric:text,title:text; description:text; manufacturer:text; price_text:text; price_numeric:numeric,290231,,0.6007466833748438,0.007460626024604617,0.04175824175824176,0.9988099336624146
hard_negative_wag,results/model_checkpoints/20260721_200947_seed1337_bda60282_best_step1500.pt,1500,amazon_google_price_both,cross_source,exhaustive,326,432,title:categorical; description:text; manufacturer:categorical; price_text:identifier; price_numeric:identifier,title:text; description:text; manufacturer:text; price_text:text; price_numeric:numeric,290231,,0.6007466833748438,0.007460626024604617,0.04175824175824176,0.9988099336624146
hard_negative_wag,results/model_checkpoints/20260721_200947_seed1337_bda60282_best_step1500.pt,1500,amazon_google_price_both,cross_source,exhaustive,327,432,title:categorical; description:text; manufacturer:categorical; price_text:identifier; price_numeric:categorical,title:text; description:text; manufacturer:text; price_text:text; price_numeric:numeric,290231,,0.5840061029450543,0.005246611994749411,0.030944625407166127,0.9516092538833618
hard_negative_wag,results/model_checkpoints/20260721_200947_seed1337_bda60282_best_step1500.pt,1500,amazon_google_price_both,cross_source,exhaustive,328,432,title:categorical; description:text; manufacturer:categorical; price_text:identifier; price_numeric:numeric,title:text; description:text; manufacturer:text; price_text:text; price_numeric:numeric,290231,,0.5634581879096116,0.0038078247836980154,0.0234192037470726,0.9999520778656006
hard_negative_wag,results/model_checkpoints/20260721_200947_seed1337_bda60282_best_step1500.pt,1500,amazon_google_price_both,cross_source,exhaustive,329,432,title:categorical; description:text; manufacturer:categorical; price_text:categorical; price_numeric:text,title:text; description:text; manufacturer:text; price_text:text; price_numeric:numeric,290231,,0.5828440028719462,0.00524424612944378,0.03104575163398693,0.953727662563324
hard_negative_wag,results/model_checkpoints/20260721_200947_seed1337_bda60282_best_step1500.pt,1500,amazon_google_price_both,cross_source,exhaustive,330,432,title:categorical; description:text; manufacturer:categorical; price_text:categorical; price_numeric:identifier,title:text; description:text; manufacturer:text; price_text:text; price_numeric:numeric,290231,,0.5828440028719462,0.00524424612944378,0.03104575163398693,0.953727662563324
hard_negative_wag,results/model_checkpoints/20260721_200947_seed1337_bda60282_best_step1500.pt,1500,amazon_google_price_both,cross_source,exhaustive,331,432,title:categorical; description:text; manufacturer:categorical; price_text:categorical; price_numeric:categorical,title:text; description:text; manufacturer:text; price_text:text; price_numeric:numeric,290231,,0.572907678193936,0.004938670063665967,0.03309692671394799,0.987481951713562
hard_negative_wag,results/model_checkpoints/20260721_200947_seed1337_bda60282_best_step1500.pt,1500,amazon_google_price_both,cross_source,exhaustive,332,432,title:categorical; description:text; manufacturer:categorical; price_text:categorical; price_numeric:numeric,title:text; description:text; manufacturer:text; price_text:text; price_numeric:numeric,290231,,0.5838365052639449,0.004619368221778281,0.02518518518518519,0.9975045323371887
hard_negative_wag,results/model_checkpoints/20260721_200947_seed1337_bda60282_best_step1500.pt,1500,amazon_google_price_both,cross_source,exhaustive,333,432,title:categorical; description:text; manufacturer:categorical; price_text:numeric; price_numeric:text,title:text; description:text; manufacturer:text; price_text:text; price_numeric:numeric,290231,"ValueError(""could not convert string to float: '47.8 gbp'"")",,,,
hard_negative_wag,results/model_checkpoints/20260721_200947_seed1337_bda60282_best_step1500.pt,1500,amazon_google_price_both,cross_source,exhaustive,334,432,title:categorical; description:text; manufacturer:categorical; price_text:numeric; price_numeric:identifier,title:text; description:text; manufacturer:text; price_text:text; price_numeric:numeric,290231,"ValueError(""could not convert string to float: '47.8 gbp'"")",,,,
hard_negative_wag,results/model_checkpoints/20260721_200947_seed1337_bda60282_best_step1500.pt,1500,amazon_google_price_both,cross_source,exhaustive,335,432,title:categorical; description:text; manufacturer:categorical; price_text:numeric; price_numeric:categorical,title:text; description:text; manufacturer:text; price_text:text; price_numeric:numeric,290231,"ValueError(""could not convert string to float: '47.8 gbp'"")",,,,
hard_negative_wag,results/model_checkpoints/20260721_200947_seed1337_bda60282_best_step1500.pt,1500,amazon_google_price_both,cross_source,exhaustive,336,432,title:categorical; description:text; manufacturer:categorical; price_text:numeric; price_numeric:numeric,title:text; description:text; manufacturer:text; price_text:text; price_numeric:numeric,290231,"ValueError(""could not convert string to float: '47.8 gbp'"")",,,,
hard_negative_wag,results/model_checkpoints/20260721_200947_seed1337_bda60282_best_step1500.pt,1500,amazon_google_price_both,cross_source,exhaustive,337,432,title:categorical; description:identifier; manufacturer:text; price_text:text; price_numeric:text,title:text; description:text; manufacturer:text; price_text:text; price_numeric:numeric,290231,,0.6077710137253167,0.024836234879449144,0.08995215311004784,0.9991924166679382
hard_negative_wag,results/model_checkpoints/20260721_200947_seed1337_bda60282_best_step1500.pt,1500,amazon_google_price_both,cross_source,exhaustive,338,432,title:categorical; description:identifier; manufacturer:text; price_text:text; price_numeric:identifier,title:text; description:text; manufacturer:text; price_text:text; price_numeric:numeric,290231,,0.6077710137253167,0.024836234879449144,0.08995215311004784,0.9991924166679382
hard_negative_wag,results/model_checkpoints/20260721_200947_seed1337_bda60282_best_step1500.pt,1500,amazon_google_price_both,cross_source,exhaustive,339,432,title:categorical; description:identifier; manufacturer:text; price_text:text; price_numeric:categorical,title:text; description:text; manufacturer:text; price_text:text; price_numeric:numeric,290231,,0.5897524744106433,0.009204823893631217,0.04610318331503842,0.9996367692947388
hard_negative_wag,results/model_checkpoints/20260721_200947_seed1337_bda60282_best_step1500.pt,1500,amazon_google_price_both,cross_source,exhaustive,340,432,title:categorical; description:identifier; manufacturer:text; price_text:text; price_numeric:numeric,title:text; description:text; manufacturer:text; price_text:text; price_numeric:numeric,290231,,0.6088564490036107,0.013747683853105267,0.06451612903225808,0.9999533891677856
hard_negative_wag,results/model_checkpoints/20260721_200947_seed1337_bda60282_best_step1500.pt,1500,amazon_google_price_both,cross_source,exhaustive,341,432,title:categorical; description:identifier; manufacturer:text; price_text:identifier; price_numeric:text,title:text; description:text; manufacturer:text; price_text:text; price_numeric:numeric,290231,,0.6077710137253167,0.024836234879449144,0.08995215311004784,0.9991924166679382
hard_negative_wag,results/model_checkpoints/20260721_200947_seed1337_bda60282_best_step1500.pt,1500,amazon_google_price_both,cross_source,exhaustive,342,432,title:categorical; description:identifier; manufacturer:text; price_text:identifier; price_numeric:identifier,title:text; description:text; manufacturer:text; price_text:text; price_numeric:numeric,290231,,0.6077710137253167,0.024836234879449144,0.08995215311004784,0.9991924166679382
hard_negative_wag,results/model_checkpoints/20260721_200947_seed1337_bda60282_best_step1500.pt,1500,amazon_google_price_both,cross_source,exhaustive,343,432,title:categorical; description:identifier; manufacturer:text; price_text:identifier; price_numeric:categorical,title:text; description:text; manufacturer:text; price_text:text; price_numeric:numeric,290231,,0.5897524744106433,0.009204823893631217,0.04610318331503842,0.9996367692947388
hard_negative_wag,results/model_checkpoints/20260721_200947_seed1337_bda60282_best_step1500.pt,1500,amazon_google_price_both,cross_source,exhaustive,344,432,title:categorical; description:identifier; manufacturer:text; price_text:identifier; price_numeric:numeric,title:text; description:text; manufacturer:text; price_text:text; price_numeric:numeric,290231,,0.6088561692376759,0.013747552936366564,0.06451612903225808,0.9999533891677856
hard_negative_wag,results/model_checkpoints/20260721_200947_seed1337_bda60282_best_step1500.pt,1500,amazon_google_price_both,cross_source,exhaustive,345,432,title:categorical; description:identifier; manufacturer:text; price_text:categorical; price_numeric:text,title:text; description:text; manufacturer:text; price_text:text; price_numeric:numeric,290231,,0.5879093347654174,0.00864476570177021,0.04517453798767968,0.9994363188743591
hard_negative_wag,results/model_checkpoints/20260721_200947_seed1337_bda60282_best_step1500.pt,1500,amazon_google_price_both,cross_source,exhaustive,346,432,title:categorical; description:identifier; manufacturer:text; price_text:categorical; price_numeric:identifier,title:text; description:text; manufacturer:text; price_text:text; price_numeric:numeric,290231,,0.5879093347654174,0.00864476570177021,0.04517453798767968,0.9994363188743591
hard_negative_wag,results/model_checkpoints/20260721_200947_seed1337_bda60282_best_step1500.pt,1500,amazon_google_price_both,cross_source,exhaustive,347,432,title:categorical; description:identifier; manufacturer:text; price_text:categorical; price_numeric:categorical,title:text; description:text; manufacturer:text; price_text:text; price_numeric:numeric,290231,,0.5773236316856469,0.0070212853891636,0.04329896907216495,0.9997747540473938
hard_negative_wag,results/model_checkpoints/20260721_200947_seed1337_bda60282_best_step1500.pt,1500,amazon_google_price_both,cross_source,exhaustive,348,432,title:categorical; description:identifier; manufacturer:text; price_text:categorical; price_numeric:numeric,title:text; description:text; manufacturer:text; price_text:text; price_numeric:numeric,290231,,0.5814152263383794,0.0072024879452899145,0.048387096774193554,0.999948263168335
hard_negative_wag,results/model_checkpoints/20260721_200947_seed1337_bda60282_best_step1500.pt,1500,amazon_google_price_both,cross_source,exhaustive,349,432,title:categorical; description:identifier; manufacturer:text; price_text:numeric; price_numeric:text,title:text; description:text; manufacturer:text; price_text:text; price_numeric:numeric,290231,"ValueError(""could not convert string to float: '47.8 gbp'"")",,,,
hard_negative_wag,results/model_checkpoints/20260721_200947_seed1337_bda60282_best_step1500.pt,1500,amazon_google_price_both,cross_source,exhaustive,350,432,title:categorical; description:identifier; manufacturer:text; price_text:numeric; price_numeric:identifier,title:text; description:text; manufacturer:text; price_text:text; price_numeric:numeric,290231,"ValueError(""could not convert string to float: '47.8 gbp'"")",,,,
hard_negative_wag,results/model_checkpoints/20260721_200947_seed1337_bda60282_best_step1500.pt,1500,amazon_google_price_both,cross_source,exhaustive,351,432,title:categorical; description:identifier; manufacturer:text; price_text:numeric; price_numeric:categorical,title:text; description:text; manufacturer:text; price_text:text; price_numeric:numeric,290231,"ValueError(""could not convert string to float: '47.8 gbp'"")",,,,
hard_negative_wag,results/model_checkpoints/20260721_200947_seed1337_bda60282_best_step1500.pt,1500,amazon_google_price_both,cross_source,exhaustive,352,432,title:categorical; description:identifier; manufacturer:text; price_text:numeric; price_numeric:numeric,title:text; description:text; manufacturer:text; price_text:text; price_numeric:numeric,290231,"ValueError(""could not convert string to float: '47.8 gbp'"")",,,,
hard_negative_wag,results/model_checkpoints/20260721_200947_seed1337_bda60282_best_step1500.pt,1500,amazon_google_price_both,cross_source,exhaustive,353,432,title:categorical; description:identifier; manufacturer:identifier; price_text:text; price_numeric:text,title:text; description:text; manufacturer:text; price_text:text; price_numeric:numeric,290231,,0.6077710137253167,0.024836234879449144,0.08995215311004784,0.9991924166679382
hard_negative_wag,results/model_checkpoints/20260721_200947_seed1337_bda60282_best_step1500.pt,1500,amazon_google_price_both,cross_source,exhaustive,354,432,title:categorical; description:identifier; manufacturer:identifier; price_text:text; price_numeric:identifier,title:text; description:text; manufacturer:text; price_text:text; price_numeric:numeric,290231,,0.6077710137253167,0.024836234879449144,0.08995215311004784,0.9991924166679382
hard_negative_wag,results/model_checkpoints/20260721_200947_seed1337_bda60282_best_step1500.pt,1500,amazon_google_price_both,cross_source,exhaustive,355,432,title:categorical; description:identifier; manufacturer:identifier; price_text:text; price_numeric:categorical,title:text; description:text; manufacturer:text; price_text:text; price_numeric:numeric,290231,,0.5897524744106433,0.009204823893631217,0.04610318331503842,0.9996367692947388
hard_negative_wag,results/model_checkpoints/20260721_200947_seed1337_bda60282_best_step1500.pt,1500,amazon_google_price_both,cross_source,exhaustive,356,432,title:categorical; description:identifier; manufacturer:identifier; price_text:text; price_numeric:numeric,title:text; description:text; manufacturer:text; price_text:text; price_numeric:numeric,290231,,0.6088561662614427,0.013747483719973207,0.06451612903225808,0.9999533891677856
hard_negative_wag,results/model_checkpoints/20260721_200947_seed1337_bda60282_best_step1500.pt,1500,amazon_google_price_both,cross_source,exhaustive,357,432,title:categorical; description:identifier; manufacturer:identifier; price_text:identifier; price_numeric:text,title:text; description:text; manufacturer:text; price_text:text; price_numeric:numeric,290231,,0.6077710137253167,0.024836234879449144,0.08995215311004784,0.9991924166679382
hard_negative_wag,results/model_checkpoints/20260721_200947_seed1337_bda60282_best_step1500.pt,1500,amazon_google_price_both,cross_source,exhaustive,358,432,title:categorical; description:identifier; manufacturer:identifier; price_text:identifier; price_numeric:identifier,title:text; description:text; manufacturer:text; price_text:text; price_numeric:numeric,290231,,0.6077710137253167,0.024836234879449144,0.08995215311004784,0.9991924166679382
hard_negative_wag,results/model_checkpoints/20260721_200947_seed1337_bda60282_best_step1500.pt,1500,amazon_google_price_both,cross_source,exhaustive,359,432,title:categorical; description:identifier; manufacturer:identifier; price_text:identifier; price_numeric:categorical,title:text; description:text; manufacturer:text; price_text:text; price_numeric:numeric,290231,,0.5897524744106433,0.009204823893631217,0.04610318331503842,0.9996367692947388
hard_negative_wag,results/model_checkpoints/20260721_200947_seed1337_bda60282_best_step1500.pt,1500,amazon_google_price_both,cross_source,exhaustive,360,432,title:categorical; description:identifier; manufacturer:identifier; price_text:identifier; price_numeric:numeric,title:text; description:text; manufacturer:text; price_text:text; price_numeric:numeric,290231,,0.6088563984076437,0.01374767925251888,0.06451612903225808,0.9999533891677856
hard_negative_wag,results/model_checkpoints/20260721_200947_seed1337_bda60282_best_step1500.pt,1500,amazon_google_price_both,cross_source,exhaustive,361,432,title:categorical; description:identifier; manufacturer:identifier; price_text:categorical; price_numeric:text,title:text; description:text; manufacturer:text; price_text:text; price_numeric:numeric,290231,,0.5879093347654174,0.00864476570177021,0.04517453798767968,0.9994363188743591
hard_negative_wag,results/model_checkpoints/20260721_200947_seed1337_bda60282_best_step1500.pt,1500,amazon_google_price_both,cross_source,exhaustive,362,432,title:categorical; description:identifier; manufacturer:identifier; price_text:categorical; price_numeric:identifier,title:text; description:text; manufacturer:text; price_text:text; price_numeric:numeric,290231,,0.5879093347654174,0.00864476570177021,0.04517453798767968,0.9994363188743591
hard_negative_wag,results/model_checkpoints/20260721_200947_seed1337_bda60282_best_step1500.pt,1500,amazon_google_price_both,cross_source,exhaustive,363,432,title:categorical; description:identifier; manufacturer:identifier; price_text:categorical; price_numeric:categorical,title:text; description:text; manufacturer:text; price_text:text; price_numeric:numeric,290231,,0.5773236316856469,0.0070212853891636,0.04329896907216495,0.9997747540473938
hard_negative_wag,results/model_checkpoints/20260721_200947_seed1337_bda60282_best_step1500.pt,1500,amazon_google_price_both,cross_source,exhaustive,364,432,title:categorical; description:identifier; manufacturer:identifier; price_text:categorical; price_numeric:numeric,title:text; description:text; manufacturer:text; price_text:text; price_numeric:numeric,290231,,0.581415223362146,0.00720248359791323,0.048387096774193554,0.999948263168335
hard_negative_wag,results/model_checkpoints/20260721_200947_seed1337_bda60282_best_step1500.pt,1500,amazon_google_price_both,cross_source,exhaustive,365,432,title:categorical; description:identifier; manufacturer:identifier; price_text:numeric; price_numeric:text,title:text; description:text; manufacturer:text; price_text:text; price_numeric:numeric,290231,"ValueError(""could not convert string to float: '47.8 gbp'"")",,,,
hard_negative_wag,results/model_checkpoints/20260721_200947_seed1337_bda60282_best_step1500.pt,1500,amazon_google_price_both,cross_source,exhaustive,366,432,title:categorical; description:identifier; manufacturer:identifier; price_text:numeric; price_numeric:identifier,title:text; description:text; manufacturer:text; price_text:text; price_numeric:numeric,290231,"ValueError(""could not convert string to float: '47.8 gbp'"")",,,,
hard_negative_wag,results/model_checkpoints/20260721_200947_seed1337_bda60282_best_step1500.pt,1500,amazon_google_price_both,cross_source,exhaustive,367,432,title:categorical; description:identifier; manufacturer:identifier; price_text:numeric; price_numeric:categorical,title:text; description:text; manufacturer:text; price_text:text; price_numeric:numeric,290231,"ValueError(""could not convert string to float: '47.8 gbp'"")",,,,
hard_negative_wag,results/model_checkpoints/20260721_200947_seed1337_bda60282_best_step1500.pt,1500,amazon_google_price_both,cross_source,exhaustive,368,432,title:categorical; description:identifier; manufacturer:identifier; price_text:numeric; price_numeric:numeric,title:text; description:text; manufacturer:text; price_text:text; price_numeric:numeric,290231,"ValueError(""could not convert string to float: '47.8 gbp'"")",,,,
hard_negative_wag,results/model_checkpoints/20260721_200947_seed1337_bda60282_best_step1500.pt,1500,amazon_google_price_both,cross_source,exhaustive,369,432,title:categorical; description:identifier; manufacturer:categorical; price_text:text; price_numeric:text,title:text; description:text; manufacturer:text; price_text:text; price_numeric:numeric,290231,,0.6007466833748438,0.007460626024604617,0.04175824175824176,0.9988099336624146
hard_negative_wag,results/model_checkpoints/20260721_200947_seed1337_bda60282_best_step1500.pt,1500,amazon_google_price_both,cross_source,exhaustive,370,432,title:categorical; description:identifier; manufacturer:categorical; price_text:text; price_numeric:identifier,title:text; description:text; manufacturer:text; price_text:text; price_numeric:numeric,290231,,0.6007466833748438,0.007460626024604617,0.04175824175824176,0.9988099336624146
hard_negative_wag,results/model_checkpoints/20260721_200947_seed1337_bda60282_best_step1500.pt,1500,amazon_google_price_both,cross_source,exhaustive,371,432,title:categorical; description:identifier; manufacturer:categorical; price_text:text; price_numeric:categorical,title:text; description:text; manufacturer:text; price_text:text; price_numeric:numeric,290231,,0.5840061029450543,0.005246611994749411,0.030944625407166127,0.9516092538833618
hard_negative_wag,results/model_checkpoints/20260721_200947_seed1337_bda60282_best_step1500.pt,1500,amazon_google_price_both,cross_source,exhaustive,372,432,title:categorical; description:identifier; manufacturer:categorical; price_text:text; price_numeric:numeric,title:text; description:text; manufacturer:text; price_text:text; price_numeric:numeric,290231,,0.5634581521948113,0.0038079700661040336,0.0234192037470726,0.9999520778656006
hard_negative_wag,results/model_checkpoints/20260721_200947_seed1337_bda60282_best_step1500.pt,1500,amazon_google_price_both,cross_source,exhaustive,373,432,title:categorical; description:identifier; manufacturer:categorical; price_text:identifier; price_numeric:text,title:text; description:text; manufacturer:text; price_text:text; price_numeric:numeric,290231,,0.6007466833748438,0.007460626024604617,0.04175824175824176,0.9988099336624146
hard_negative_wag,results/model_checkpoints/20260721_200947_seed1337_bda60282_best_step1500.pt,1500,amazon_google_price_both,cross_source,exhaustive,374,432,title:categorical; description:identifier; manufacturer:categorical; price_text:identifier; price_numeric:identifier,title:text; description:text; manufacturer:text; price_text:text; price_numeric:numeric,290231,,0.6007466833748438,0.007460626024604617,0.04175824175824176,0.9988099336624146
hard_negative_wag,results/model_checkpoints/20260721_200947_seed1337_bda60282_best_step1500.pt,1500,amazon_google_price_both,cross_source,exhaustive,375,432,title:categorical; description:identifier; manufacturer:categorical; price_text:identifier; price_numeric:categorical,title:text; description:text; manufacturer:text; price_text:text; price_numeric:numeric,290231,,0.5840061029450543,0.005246611994749411,0.030944625407166127,0.9516092538833618
hard_negative_wag,results/model_checkpoints/20260721_200947_seed1337_bda60282_best_step1500.pt,1500,amazon_google_price_both,cross_source,exhaustive,376,432,title:categorical; description:identifier; manufacturer:categorical; price_text:identifier; price_numeric:numeric,title:text; description:text; manufacturer:text; price_text:text; price_numeric:numeric,290231,,0.5634581849333783,0.0038078247116128164,0.0234192037470726,0.9999520778656006
hard_negative_wag,results/model_checkpoints/20260721_200947_seed1337_bda60282_best_step1500.pt,1500,amazon_google_price_both,cross_source,exhaustive,377,432,title:categorical; description:identifier; manufacturer:categorical; price_text:categorical; price_numeric:text,title:text; description:text; manufacturer:text; price_text:text; price_numeric:numeric,290231,,0.5828440028719462,0.00524424612944378,0.03104575163398693,0.953727662563324
hard_negative_wag,results/model_checkpoints/20260721_200947_seed1337_bda60282_best_step1500.pt,1500,amazon_google_price_both,cross_source,exhaustive,378,432,title:categorical; description:identifier; manufacturer:categorical; price_text:categorical; price_numeric:identifier,title:text; description:text; manufacturer:text; price_text:text; price_numeric:numeric,290231,,0.5828440028719462,0.00524424612944378,0.03104575163398693,0.953727662563324
hard_negative_wag,results/model_checkpoints/20260721_200947_seed1337_bda60282_best_step1500.pt,1500,amazon_google_price_both,cross_source,exhaustive,379,432,title:categorical; description:identifier; manufacturer:categorical; price_text:categorical; price_numeric:categorical,title:text; description:text; manufacturer:text; price_text:text; price_numeric:numeric,290231,,0.572907678193936,0.004938670063665967,0.03309692671394799,0.987481951713562
hard_negative_wag,results/model_checkpoints/20260721_200947_seed1337_bda60282_best_step1500.pt,1500,amazon_google_price_both,cross_source,exhaustive,380,432,title:categorical; description:identifier; manufacturer:categorical; price_text:categorical; price_numeric:numeric,title:text; description:text; manufacturer:text; price_text:text; price_numeric:numeric,290231,,0.5838364814540782,0.004619367727476186,0.02518518518518519,0.9975045323371887
hard_negative_wag,results/model_checkpoints/20260721_200947_seed1337_bda60282_best_step1500.pt,1500,amazon_google_price_both,cross_source,exhaustive,381,432,title:categorical; description:identifier; manufacturer:categorical; price_text:numeric; price_numeric:text,title:text; description:text; manufacturer:text; price_text:text; price_numeric:numeric,290231,"ValueError(""could not convert string to float: '47.8 gbp'"")",,,,
hard_negative_wag,results/model_checkpoints/20260721_200947_seed1337_bda60282_best_step1500.pt,1500,amazon_google_price_both,cross_source,exhaustive,382,432,title:categorical; description:identifier; manufacturer:categorical; price_text:numeric; price_numeric:identifier,title:text; description:text; manufacturer:text; price_text:text; price_numeric:numeric,290231,"ValueError(""could not convert string to float: '47.8 gbp'"")",,,,
hard_negative_wag,results/model_checkpoints/20260721_200947_seed1337_bda60282_best_step1500.pt,1500,amazon_google_price_both,cross_source,exhaustive,383,432,title:categorical; description:identifier; manufacturer:categorical; price_text:numeric; price_numeric:categorical,title:text; description:text; manufacturer:text; price_text:text; price_numeric:numeric,290231,"ValueError(""could not convert string to float: '47.8 gbp'"")",,,,
hard_negative_wag,results/model_checkpoints/20260721_200947_seed1337_bda60282_best_step1500.pt,1500,amazon_google_price_both,cross_source,exhaustive,384,432,title:categorical; description:identifier; manufacturer:categorical; price_text:numeric; price_numeric:numeric,title:text; description:text; manufacturer:text; price_text:text; price_numeric:numeric,290231,"ValueError(""could not convert string to float: '47.8 gbp'"")",,,,
hard_negative_wag,results/model_checkpoints/20260721_200947_seed1337_bda60282_best_step1500.pt,1500,amazon_google_price_both,cross_source,exhaustive,385,432,title:categorical; description:categorical; manufacturer:text; price_text:text; price_numeric:text,title:text; description:text; manufacturer:text; price_text:text; price_numeric:numeric,290231,,0.5518356812044555,0.007257084464275123,0.04339502233567326,0.9995819926261902
hard_negative_wag,results/model_checkpoints/20260721_200947_seed1337_bda60282_best_step1500.pt,1500,amazon_google_price_both,cross_source,exhaustive,386,432,title:categorical; description:categorical; manufacturer:text; price_text:text; price_numeric:identifier,title:text; description:text; manufacturer:text; price_text:text; price_numeric:numeric,290231,,0.5518356812044555,0.007257084464275123,0.04339502233567326,0.9995819926261902
hard_negative_wag,results/model_checkpoints/20260721_200947_seed1337_bda60282_best_step1500.pt,1500,amazon_google_price_both,cross_source,exhaustive,387,432,title:categorical; description:categorical; manufacturer:text; price_text:text; price_numeric:categorical,title:text; description:text; manufacturer:text; price_text:text; price_numeric:numeric,290231,,0.5530009807284129,0.005980763809344108,0.03773584905660378,0.9998421669006348
hard_negative_wag,results/model_checkpoints/20260721_200947_seed1337_bda60282_best_step1500.pt,1500,amazon_google_price_both,cross_source,exhaustive,388,432,title:categorical; description:categorical; manufacturer:text; price_text:text; price_numeric:numeric,title:text; description:text; manufacturer:text; price_text:text; price_numeric:numeric,290231,,0.575022006269376,0.007569191019034101,0.032288698955365625,0.999962568283081
hard_negative_wag,results/model_checkpoints/20260721_200947_seed1337_bda60282_best_step1500.pt,1500,amazon_google_price_both,cross_source,exhaustive,389,432,title:categorical; description:categorical; manufacturer:text; price_text:identifier; price_numeric:text,title:text; description:text; manufacturer:text; price_text:text; price_numeric:numeric,290231,,0.5518356812044555,0.007257084464275123,0.04339502233567326,0.9995819926261902
hard_negative_wag,results/model_checkpoints/20260721_200947_seed1337_bda60282_best_step1500.pt,1500,amazon_google_price_both,cross_source,exhaustive,390,432,title:categorical; description:categorical; manufacturer:text; price_text:identifier; price_numeric:identifier,title:text; description:text; manufacturer:text; price_text:text; price_numeric:numeric,290231,,0.5518356812044555,0.007257084464275123,0.04339502233567326,0.9995819926261902
hard_negative_wag,results/model_checkpoints/20260721_200947_seed1337_bda60282_best_step1500.pt,1500,amazon_google_price_both,cross_source,exhaustive,391,432,title:categorical; description:categorical; manufacturer:text; price_text:identifier; price_numeric:categorical,title:text; description:text; manufacturer:text; price_text:text; price_numeric:numeric,290231,,0.5530009807284129,0.005980763809344108,0.03773584905660378,0.9998421669006348
hard_negative_wag,results/model_checkpoints/20260721_200947_seed1337_bda60282_best_step1500.pt,1500,amazon_google_price_both,cross_source,exhaustive,392,432,title:categorical; description:categorical; manufacturer:text; price_text:identifier; price_numeric:numeric,title:text; description:text; manufacturer:text; price_text:text; price_numeric:numeric,290231,,0.5750220390079428,0.007569172149713465,0.032288698955365625,0.999962568283081
hard_negative_wag,results/model_checkpoints/20260721_200947_seed1337_bda60282_best_step1500.pt,1500,amazon_google_price_both,cross_source,exhaustive,393,432,title:categorical; description:categorical; manufacturer:text; price_text:categorical; price_numeric:text,title:text; description:text; manufacturer:text; price_text:text; price_numeric:numeric,290231,,0.5509323110487663,0.005371271748621719,0.03781094527363184,0.9998488426208496
hard_negative_wag,results/model_checkpoints/20260721_200947_seed1337_bda60282_best_step1500.pt,1500,amazon_google_price_both,cross_source,exhaustive,394,432,title:categorical; description:categorical; manufacturer:text; price_text:categorical; price_numeric:identifier,title:text; description:text; manufacturer:text; price_text:text; price_numeric:numeric,290231,,0.5509323110487663,0.005371271748621719,0.03781094527363184,0.9998488426208496
hard_negative_wag,results/model_checkpoints/20260721_200947_seed1337_bda60282_best_step1500.pt,1500,amazon_google_price_both,cross_source,exhaustive,395,432,title:categorical; description:categorical; manufacturer:text; price_text:categorical; price_numeric:categorical,title:text; description:text; manufacturer:text; price_text:text; price_numeric:numeric,290231,,0.5539130712478121,0.006688648371148821,0.03722854188210961,0.9999264478683472
hard_negative_wag,results/model_checkpoints/20260721_200947_seed1337_bda60282_best_step1500.pt,1500,amazon_google_price_both,cross_source,exhaustive,396,432,title:categorical; description:categorical; manufacturer:text; price_text:categorical; price_numeric:numeric,title:text; description:text; manufacturer:text; price_text:text; price_numeric:numeric,290231,,0.5624435036504692,0.00684147222143857,0.03425309229305423,0.9999569654464722
hard_negative_wag,results/model_checkpoints/20260721_200947_seed1337_bda60282_best_step1500.pt,1500,amazon_google_price_both,cross_source,exhaustive,397,432,title:categorical; description:categorical; manufacturer:text; price_text:numeric; price_numeric:text,title:text; description:text; manufacturer:text; price_text:text; price_numeric:numeric,290231,"ValueError(""could not convert string to float: '47.8 gbp'"")",,,,
hard_negative_wag,results/model_checkpoints/20260721_200947_seed1337_bda60282_best_step1500.pt,1500,amazon_google_price_both,cross_source,exhaustive,398,432,title:categorical; description:categorical; manufacturer:text; price_text:numeric; price_numeric:identifier,title:text; description:text; manufacturer:text; price_text:text; price_numeric:numeric,290231,"ValueError(""could not convert string to float: '47.8 gbp'"")",,,,
hard_negative_wag,results/model_checkpoints/20260721_200947_seed1337_bda60282_best_step1500.pt,1500,amazon_google_price_both,cross_source,exhaustive,399,432,title:categorical; description:categorical; manufacturer:text; price_text:numeric; price_numeric:categorical,title:text; description:text; manufacturer:text; price_text:text; price_numeric:numeric,290231,"ValueError(""could not convert string to float: '47.8 gbp'"")",,,,
hard_negative_wag,results/model_checkpoints/20260721_200947_seed1337_bda60282_best_step1500.pt,1500,amazon_google_price_both,cross_source,exhaustive,400,432,title:categorical; description:categorical; manufacturer:text; price_text:numeric; price_numeric:numeric,title:text; description:text; manufacturer:text; price_text:text; price_numeric:numeric,290231,"ValueError(""could not convert string to float: '47.8 gbp'"")",,,,
hard_negative_wag,results/model_checkpoints/20260721_200947_seed1337_bda60282_best_step1500.pt,1500,amazon_google_price_both,cross_source,exhaustive,401,432,title:categorical; description:categorical; manufacturer:identifier; price_text:text; price_numeric:text,title:text; description:text; manufacturer:text; price_text:text; price_numeric:numeric,290231,,0.5518356812044555,0.007257084464275123,0.04339502233567326,0.9995819926261902
hard_negative_wag,results/model_checkpoints/20260721_200947_seed1337_bda60282_best_step1500.pt,1500,amazon_google_price_both,cross_source,exhaustive,402,432,title:categorical; description:categorical; manufacturer:identifier; price_text:text; price_numeric:identifier,title:text; description:text; manufacturer:text; price_text:text; price_numeric:numeric,290231,,0.5518356812044555,0.007257084464275123,0.04339502233567326,0.9995819926261902
hard_negative_wag,results/model_checkpoints/20260721_200947_seed1337_bda60282_best_step1500.pt,1500,amazon_google_price_both,cross_source,exhaustive,403,432,title:categorical; description:categorical; manufacturer:identifier; price_text:text; price_numeric:categorical,title:text; description:text; manufacturer:text; price_text:text; price_numeric:numeric,290231,,0.5530009807284129,0.005980763809344108,0.03773584905660378,0.9998421669006348
hard_negative_wag,results/model_checkpoints/20260721_200947_seed1337_bda60282_best_step1500.pt,1500,amazon_google_price_both,cross_source,exhaustive,404,432,title:categorical; description:categorical; manufacturer:identifier; price_text:text; price_numeric:numeric,title:text; description:text; manufacturer:text; price_text:text; price_numeric:numeric,290231,,0.5750219913882093,0.007569195400657557,0.032288698955365625,0.999962568283081
hard_negative_wag,results/model_checkpoints/20260721_200947_seed1337_bda60282_best_step1500.pt,1500,amazon_google_price_both,cross_source,exhaustive,405,432,title:categorical; description:categorical; manufacturer:identifier; price_text:identifier; price_numeric:text,title:text; description:text; manufacturer:text; price_text:text; price_numeric:numeric,290231,,0.5518356812044555,0.007257084464275123,0.04339502233567326,0.9995819926261902
hard_negative_wag,results/model_checkpoints/20260721_200947_seed1337_bda60282_best_step1500.pt,1500,amazon_google_price_both,cross_source,exhaustive,406,432,title:categorical; description:categorical; manufacturer:identifier; price_text:identifier; price_numeric:identifier,title:text; description:text; manufacturer:text; price_text:text; price_numeric:numeric,290231,,0.5518356812044555,0.007257084464275123,0.04339502233567326,0.9995819926261902
hard_negative_wag,results/model_checkpoints/20260721_200947_seed1337_bda60282_best_step1500.pt,1500,amazon_google_price_both,cross_source,exhaustive,407,432,title:categorical; description:categorical; manufacturer:identifier; price_text:identifier; price_numeric:categorical,title:text; description:text; manufacturer:text; price_text:text; price_numeric:numeric,290231,,0.5530009807284129,0.005980763809344108,0.03773584905660378,0.9998421669006348
hard_negative_wag,results/model_checkpoints/20260721_200947_seed1337_bda60282_best_step1500.pt,1500,amazon_google_price_both,cross_source,exhaustive,408,432,title:categorical; description:categorical; manufacturer:identifier; price_text:identifier; price_numeric:numeric,title:text; description:text; manufacturer:text; price_text:text; price_numeric:numeric,290231,,0.575022015198076,0.007569189773377909,0.032288698955365625,0.999962568283081
hard_negative_wag,results/model_checkpoints/20260721_200947_seed1337_bda60282_best_step1500.pt,1500,amazon_google_price_both,cross_source,exhaustive,409,432,title:categorical; description:categorical; manufacturer:identifier; price_text:categorical; price_numeric:text,title:text; description:text; manufacturer:text; price_text:text; price_numeric:numeric,290231,,0.5509323110487663,0.005371271748621719,0.03781094527363184,0.9998488426208496
hard_negative_wag,results/model_checkpoints/20260721_200947_seed1337_bda60282_best_step1500.pt,1500,amazon_google_price_both,cross_source,exhaustive,410,432,title:categorical; description:categorical; manufacturer:identifier; price_text:categorical; price_numeric:identifier,title:text; description:text; manufacturer:text; price_text:text; price_numeric:numeric,290231,,0.5509323110487663,0.005371271748621719,0.03781094527363184,0.9998488426208496
hard_negative_wag,results/model_checkpoints/20260721_200947_seed1337_bda60282_best_step1500.pt,1500,amazon_google_price_both,cross_source,exhaustive,411,432,title:categorical; description:categorical; manufacturer:identifier; price_text:categorical; price_numeric:categorical,title:text; description:text; manufacturer:text; price_text:text; price_numeric:numeric,290231,,0.5539130712478121,0.006688648371148821,0.03722854188210961,0.9999264478683472
hard_negative_wag,results/model_checkpoints/20260721_200947_seed1337_bda60282_best_step1500.pt,1500,amazon_google_price_both,cross_source,exhaustive,412,432,title:categorical; description:categorical; manufacturer:identifier; price_text:categorical; price_numeric:numeric,title:text; description:text; manufacturer:text; price_text:text; price_numeric:numeric,290231,,0.5624435185316361,0.0068414712522941925,0.03425309229305423,0.9999569654464722
hard_negative_wag,results/model_checkpoints/20260721_200947_seed1337_bda60282_best_step1500.pt,1500,amazon_google_price_both,cross_source,exhaustive,413,432,title:categorical; description:categorical; manufacturer:identifier; price_text:numeric; price_numeric:text,title:text; description:text; manufacturer:text; price_text:text; price_numeric:numeric,290231,"ValueError(""could not convert string to float: '47.8 gbp'"")",,,,
hard_negative_wag,results/model_checkpoints/20260721_200947_seed1337_bda60282_best_step1500.pt,1500,amazon_google_price_both,cross_source,exhaustive,414,432,title:categorical; description:categorical; manufacturer:identifier; price_text:numeric; price_numeric:identifier,title:text; description:text; manufacturer:text; price_text:text; price_numeric:numeric,290231,"ValueError(""could not convert string to float: '47.8 gbp'"")",,,,
hard_negative_wag,results/model_checkpoints/20260721_200947_seed1337_bda60282_best_step1500.pt,1500,amazon_google_price_both,cross_source,exhaustive,415,432,title:categorical; description:categorical; manufacturer:identifier; price_text:numeric; price_numeric:categorical,title:text; description:text; manufacturer:text; price_text:text; price_numeric:numeric,290231,"ValueError(""could not convert string to float: '47.8 gbp'"")",,,,
hard_negative_wag,results/model_checkpoints/20260721_200947_seed1337_bda60282_best_step1500.pt,1500,amazon_google_price_both,cross_source,exhaustive,416,432,title:categorical; description:categorical; manufacturer:identifier; price_text:numeric; price_numeric:numeric,title:text; description:text; manufacturer:text; price_text:text; price_numeric:numeric,290231,"ValueError(""could not convert string to float: '47.8 gbp'"")",,,,
hard_negative_wag,results/model_checkpoints/20260721_200947_seed1337_bda60282_best_step1500.pt,1500,amazon_google_price_both,cross_source,exhaustive,417,432,title:categorical; description:categorical; manufacturer:categorical; price_text:text; price_numeric:text,title:text; description:text; manufacturer:text; price_text:text; price_numeric:numeric,290231,,0.5646708899021045,0.004234731639052246,0.02349689011748445,0.9986299276351929
hard_negative_wag,results/model_checkpoints/20260721_200947_seed1337_bda60282_best_step1500.pt,1500,amazon_google_price_both,cross_source,exhaustive,418,432,title:categorical; description:categorical; manufacturer:categorical; price_text:text; price_numeric:identifier,title:text; description:text; manufacturer:text; price_text:text; price_numeric:numeric,290231,,0.5646708899021045,0.004234731639052246,0.02349689011748445,0.9986299276351929
hard_negative_wag,results/model_checkpoints/20260721_200947_seed1337_bda60282_best_step1500.pt,1500,amazon_google_price_both,cross_source,exhaustive,419,432,title:categorical; description:categorical; manufacturer:categorical; price_text:text; price_numeric:categorical,title:text; description:text; manufacturer:text; price_text:text; price_numeric:numeric,290231,,0.5617041477621285,0.004282682881232829,0.028353326063249727,0.9911079406738281
hard_negative_wag,results/model_checkpoints/20260721_200947_seed1337_bda60282_best_step1500.pt,1500,amazon_google_price_both,cross_source,exhaustive,420,432,title:categorical; description:categorical; manufacturer:categorical; price_text:text; price_numeric:numeric,title:text; description:text; manufacturer:text; price_text:text; price_numeric:numeric,290231,,0.5579347601316638,0.003255893921306412,0.017341040462427744,0.9999572038650513
hard_negative_wag,results/model_checkpoints/20260721_200947_seed1337_bda60282_best_step1500.pt,1500,amazon_google_price_both,cross_source,exhaustive,421,432,title:categorical; description:categorical; manufacturer:categorical; price_text:identifier; price_numeric:text,title:text; description:text; manufacturer:text; price_text:text; price_numeric:numeric,290231,,0.5646708899021045,0.004234731639052246,0.02349689011748445,0.9986299276351929
hard_negative_wag,results/model_checkpoints/20260721_200947_seed1337_bda60282_best_step1500.pt,1500,amazon_google_price_both,cross_source,exhaustive,422,432,title:categorical; description:categorical; manufacturer:categorical; price_text:identifier; price_numeric:identifier,title:text; description:text; manufacturer:text; price_text:text; price_numeric:numeric,290231,,0.5646708899021045,0.004234731639052246,0.02349689011748445,0.9986299276351929
hard_negative_wag,results/model_checkpoints/20260721_200947_seed1337_bda60282_best_step1500.pt,1500,amazon_google_price_both,cross_source,exhaustive,423,432,title:categorical; description:categorical; manufacturer:categorical; price_text:identifier; price_numeric:categorical,title:text; description:text; manufacturer:text; price_text:text; price_numeric:numeric,290231,,0.5617041477621285,0.004282682881232829,0.028353326063249727,0.9911079406738281
hard_negative_wag,results/model_checkpoints/20260721_200947_seed1337_bda60282_best_step1500.pt,1500,amazon_google_price_both,cross_source,exhaustive,424,432,title:categorical; description:categorical; manufacturer:categorical; price_text:identifier; price_numeric:numeric,title:text; description:text; manufacturer:text; price_text:text; price_numeric:numeric,290231,,0.5579347690603639,0.003255893969387545,0.017341040462427744,0.9999572038650513
hard_negative_wag,results/model_checkpoints/20260721_200947_seed1337_bda60282_best_step1500.pt,1500,amazon_google_price_both,cross_source,exhaustive,425,432,title:categorical; description:categorical; manufacturer:categorical; price_text:categorical; price_numeric:text,title:text; description:text; manufacturer:text; price_text:text; price_numeric:numeric,290231,,0.5601458872205183,0.004269287785740816,0.02826086956521739,0.9910287857055664
hard_negative_wag,results/model_checkpoints/20260721_200947_seed1337_bda60282_best_step1500.pt,1500,amazon_google_price_both,cross_source,exhaustive,426,432,title:categorical; description:categorical; manufacturer:categorical; price_text:categorical; price_numeric:identifier,title:text; description:text; manufacturer:text; price_text:text; price_numeric:numeric,290231,,0.5601458872205183,0.004269287785740816,0.02826086956521739,0.9910287857055664
hard_negative_wag,results/model_checkpoints/20260721_200947_seed1337_bda60282_best_step1500.pt,1500,amazon_google_price_both,cross_source,exhaustive,427,432,title:categorical; description:categorical; manufacturer:categorical; price_text:categorical; price_numeric:categorical,title:text; description:text; manufacturer:text; price_text:text; price_numeric:numeric,290231,,0.5562323814426374,0.004500261386798208,0.02802967848309975,0.986544668674469
hard_negative_wag,results/model_checkpoints/20260721_200947_seed1337_bda60282_best_step1500.pt,1500,amazon_google_price_both,cross_source,exhaustive,428,432,title:categorical; description:categorical; manufacturer:categorical; price_text:categorical; price_numeric:numeric,title:text; description:text; manufacturer:text; price_text:text; price_numeric:numeric,290231,,0.5616954214459517,0.004010870232315015,0.020202020202020204,0.9936869740486145
hard_negative_wag,results/model_checkpoints/20260721_200947_seed1337_bda60282_best_step1500.pt,1500,amazon_google_price_both,cross_source,exhaustive,429,432,title:categorical; description:categorical; manufacturer:categorical; price_text:numeric; price_numeric:text,title:text; description:text; manufacturer:text; price_text:text; price_numeric:numeric,290231,"ValueError(""could not convert string to float: '47.8 gbp'"")",,,,
hard_negative_wag,results/model_checkpoints/20260721_200947_seed1337_bda60282_best_step1500.pt,1500,amazon_google_price_both,cross_source,exhaustive,430,432,title:categorical; description:categorical; manufacturer:categorical; price_text:numeric; price_numeric:identifier,title:text; description:text; manufacturer:text; price_text:text; price_numeric:numeric,290231,"ValueError(""could not convert string to float: '47.8 gbp'"")",,,,
hard_negative_wag,results/model_checkpoints/20260721_200947_seed1337_bda60282_best_step1500.pt,1500,amazon_google_price_both,cross_source,exhaustive,431,432,title:categorical; description:categorical; manufacturer:categorical; price_text:numeric; price_numeric:categorical,title:text; description:text; manufacturer:text; price_text:text; price_numeric:numeric,290231,"ValueError(""could not convert string to float: '47.8 gbp'"")",,,,
hard_negative_wag,results/model_checkpoints/20260721_200947_seed1337_bda60282_best_step1500.pt,1500,amazon_google_price_both,cross_source,exhaustive,432,432,title:categorical; description:categorical; manufacturer:categorical; price_text:numeric; price_numeric:numeric,title:text; description:text; manufacturer:text; price_text:text; price_numeric:numeric,290231,"ValueError(""could not convert string to float: '47.8 gbp'"")",,,,
