record_id,ENTITY_ID,first_name,last_name,date_of_birth,SSN,email,street_address,city,state,zip,company
0,E000000,Patricia,Smith,1971-04-05,,patricia.smith0@example.com,1524 Martinez St,Austin,TX,78701,Procter and Gamble
1,E000000,Patricia,Smith,1971-04-05,,,,Austin,TX,78701,Proctr and Gamble
2,E000000,PATRICIA,Smith,1971-04-05,,patricia.smith0@example.com,1524 Martinez St,Austin,TX,78701,P and G
3,E000000,Patricia,Smith,1971-04-05,854-23-9935,patricia.smith0@example.com,1524 Martinez St,Austin,TX,78701,P and G
4,E000001,,Smith,,716-13-4257,mary.smith1@example.com,9028 Miller St,Durham,NC,27701,Federal Express
5,E000001,Mary,Smith,1967-04-17,716-13-4257,mary.smith1@example.com,9028 Miller St,Durham,NC,27701,Federal Express Corp
6,E000002,Joy,Martinez,1940-03-23,,joseph.martinez2@example.com,2647 Brown St,Austin,TX,78701,American Telephone and Telegraph
7,E000003,Patrcia,JOHNSON,1952-06-28,452-87-5303,patricia.johnson3@example.com,811 Lopez St,Phoenix,AZ,85001,Johnson & Johnson
8,E000003,PATRICIA,Johnson,1952-06-28,,patricia.johnson3@example.com,811 Lopez St,Phoenix,AZ,85001,J&J
9,E000004,Patricia,ANDERSON,1950-09-10,949-90-6925,,9559 BrownSt,Phoenix,AZ,85001,General Electric Co
10,E000005,Mary,ernandez,1977-02-28,338-22-7227,mary.hernandez5@example.com,4654 Davis St,Greensboro,NC,27401,American Telephone and Telegraph
11,E000006,Jennifer,GARCIA,1966-11-09,818-97-2169,jennifer.garcia6@example.com,2903 Rodiguez St,Dallas,TX,28202,Federal Express
12,E000007,Jennifer,DAVIS,1974-11-23,670-38-6313,jennifer.davis7@example.com,1016 Brown St,,AZ,85001,International Business Machines
13,E000007,JENNIFER,Davis,1974-11-23,670-38-6313,jennifer.davis7@example.com,1016 Brown St,Phoenix,AZ,85001,International Business Machines
14,E000008,David,Miller,,997-50-4483,david.miller8@example.com,8279 Miller St,Austin,TX,78701,Johnson & Johnson
15,E000009,Robert,Joes,1971-12-18,,robert.jones9@example.com,,Charlotte,NC,28202,American Telephone and Telegraph
16,E000009,Robert,JOES,1971-12-18,651-43-8019,robert.jones9@example.com,9660 Miller St,Charlotte,NC,28202,ATT
17,E000010,Linda,Williams,1951-01-28,212-29-3621,linda.williams10@example.com,7016 Martinez St,Denver,CO,,American Telephone and Telegraph
18,E000011,Dick,MILLER,1972-09-28,111-97-2876,richard.miller11@example.com,8897 Gonalez St,Denver,CO,80202,The Coca-Cola Compny
19,E000011,Rchard,MILLER,1972-09-28,,richard.miller11@example.com,8897 Gonzalez St,Denver,CO,80202,The Coca-Cola Company
20,E000012,David,JOHNSON,1995-03-15,103-43-9201,david.johnson12@example.com,3027Rodriguez St,Austin,TX,78701,General Electric
21,E000013,Elizabeth,Wilson,,265-79-9689,,109 Martinez St,Greensboro,NC,,American Telephone and Telegraph
22,E000013,Elizabeth,Wilson,1959-06-25,265-79-9689,elizabeth.wilson13@example.com,109 Martinez St,Greensboro,NC,27401,American Telephone and Telegraph
23,E000013,Elizabeth,Wilson,1959-06-25,,,109 Martinez St,Greensboro,NC,27401,American Telephone and Telegraph
24,E000013,Elizabeth,WILSON,1759-06-25,265-79-9689,elizabeth.wilson13@example.com,109 Martinez St,Greensboro,NC,27401,ATT
25,E000014,Jessica,MITH,1986-05-08,159-40-2290,jessica.smith14@example.com,1503 Lopez St,Durham,NC,27701,Johnson and Johnson
26,E000014,essica,Smith,1986-05-08,,jessica.smith10@example.com,1503 Lopez St,Durham,NC,27701,Johnson & Johnson
27,E000015,JOHN,Gonzalez,1956-11-16,,john.gonzalez15@example.com,8745 Wilson St,Charlotte,NC,28202,Pocter & Gamble
28,E000015,Johnny,Gonzalez,7956-11-16,662-31-5342,john.gonzalez15@example.com,8745 Wilson St,Charlotte,NC,28202,Procter and Gamble
29,E000015,Johnny,Gonzalez,1956-11-16,662-31-5342,john.gonzalez15@example.com,8745 Wilson St,Charlotte,NC,28202,P and G
30,E000016,Michael,Anderson,1979-07-22,765-57-8177,,8579 Davis St,Greensboro,NC,27401,G.E.
31,E000017,Linda,BROWN,1983-01-19,667-39-4608,linda.brown17@example.com,217 Johnson St,Durham,NC,27701,International Business Machines
32,E000018,LINDA,Johnson,1982-02-17,343-45-8953,linda.johnson18@example.com,,Raleigh,NC,27001,UPS
33,E000019,Jessica,BROWN,1992-04-04,199-94-8062,jessica.brown19@example.com,5904 Miller St,Denver,CO,80202,P and G
34,E000019,Jessica,BROWN,,199-94-8062,,5904 Miller St,Denver,CO,80202,Procter and Gamble
35,E000020,JOSEPH,Wilson,1952-01-13,845-53-2790,,4173 Brown St,Raleigh,NC,27601,Fed Ex
36,E000021,oseph,Williams,1963-05-15,,joseph.williams21@example.com,9116 Johnson t,Phoenix,AZ,85001,I.B.M.
37,E000021,Joey,Williams,,355-19-8260,joseph.williams21@example.com,9116 Johnson St,Phoenix,AZ,85001,International Business Machines
38,E000022,James,Johnson,1961-07-16,592-37-7570,james.johnson22@example.com,1060 Williams St,Greensboro,NC,27401,Procter and Gamble
39,E000023,James,Miller,1998-05-14,813-81-8973,james.miller23@example.com,2636 Brown St,Austin,TX,78701,Coke
40,E000023,JAMES,Miller,1998-05-14,813-81-8973,james.miller23@example.com,2636 Brown St,Austin,TX,78701,Coca-Cola Co
41,E000024,MICHAEL,Smit,1980-01-02,698-71-9238,michael.smith24@example.com,8801 Williams St,Raleigh,NC,28202,
42,E000025,John,Wilson,1948-10-03,791-40-7615,john.wilson25@example.com,2064 Anderson St,Charlotte,NC,28202,Federal Express
43,E000025,John,Wilson,1948-10-03,,,2064 Anderson St,Charlotte,NC,28202,Fed Ex
44,E000026,MARY,Martinez,1993-11-19,678-76-6188,mary.martinez86@example.com,4372 Brown St,Durham,NC,27701,ATT
45,E000027,inda,Jones,1956-11-21,,linda.jones27@example.com,1288 Smith St,Phoenix,AZ,85001,Johnson and Johnson
46,E000027,Linda,Jones,1956-11-21,,linda.jones97@example.com,1288 Smith St,Phoenix,AZ,85001,J&J
47,E000028,PATRICIA,Johnson,1973-93-12,170-41-7054,patricia.johnson28@example.com,4769 Williams St,Greensboro,NC,27401,Johnson & Johnson
48,E000029,Elizabeth,MARTINEZ,1978-11-04,999-27-5333,elizabeth.martinez29@example.com,1991 Anderson St,Raleigh,NC,27601,
49,E000030,Robert,Jones,1966-12-11,308-97-5335,robert.jones30@example.com,8380 Davis St,Austin,TX,78701,The Coca-Cola Company
50,E000031,MARY,Johnson,1975-01-01,441-26-5291,mary.johnson31@example.com,2747 Lopez St,Phoenix,AZ,85001,ohnson and Johnson
51,E000032,SUSAN,RODIGUEZ,1954-02-23,252-79-1590,susan.rodriguez32@example.com,6149 MartinezSt,Raleigh,NC,27601,United Parcel Service
52,E000032,Susan,RODRIGUEZ,1954-02-23,252-79-1590,susan.rodriguez32@example.com,6149 Martinez St,Raleigh,NC,27601,United Parcel Service
53,E000033,Sue,WILLIAMS,1939-06-26,981-15-6862,susan.williams33@example.com,3541 Hernandez St,Raleigh,NC,27601,Fed Ex
54,E000034,Patricia,Garcia,1959-04-28,266-32-7755,patricia.garcia34@example.com,506 Williams St,Phoenix,AZ,85001,A T and T
55,E000035,Susn,GONZALEZ,1974-03-26,,,734 Wilson St,Greensboro,NC,27401,Johnson & Johnson
56,E000036,Linda,Brown,1984-05-27,914-39-4652,linda.brown36@example.com,,Denver,CO,80202,Federal Express Corp
57,E000037,RICHARD,Garcia,,,richard.garcia37@example.com,8885 Garcia St,Austin,TX,78701,IBM Corp
58,E000038,PATRICIA,Anderson,1962-10-09,139-23-8119,patricia.anderson38@example.com,5763 Lopez St,Austin,TX,78701,AT&T
59,E000038,,ANDERSON,1962-10-09,139-23-8119,patricia.anderson38@example.com,5763 Lopez St,Austin,TX,78701,
60,E000039,Susie,Martinez,1989-10-07,360-15-8144,,127 Rodriguez St,Durham,NC,27701,Federal Express
61,E000039,SUSIE,Martinez,1989-10-07,,susan.martinez39@example.com,127 Rodriguez St,Durham,NC,27701,Federal Express Corp
62,E000040,Barbara,Miller,,,barbara.miller40@example.com,8408 Jones St,Durham,NC,27701,P&G
63,E000040,Barbara,Miller,1982-10-11,,barbara.miller40@example.com,8408 JonesSt,Durham,NC,27701,Procter and Gable
64,E000040,Barbara,Miller,1982-10-11,779-25-5920,barbara.miller40@example.com,,Durham,NC,27701,P and G
65,E000040,BARBARA,Mille,1982-10-11,779-25-5920,barbara.miller40@example.com,8408 Jones St,Durham,NC,27701,P&G
66,E000041,David,Miller,1956-04-14,,david.miller41@example.com,9424 Jones St,Austin,TX,78701,Procter and Gamble
67,E000042,James,Jones,1966-07-26,693-87-6279,james.jones42@example.com,,Austin,TX,78771,Johnson & Johnson
68,E000042,JAMES,Jones,1966-07-26,693-87-6279,james.jones42@example.com,7718 Davis St,Austin,TX,78701,Johnson & Johnson
69,E000043,Michael,RODRIGUEZ,1961-11-03,,michael.rodriguez43@example.com,1630 Wilson St,Denver,CO,80202,
70,E000044,Eliabeth,BROWN,1958-01-02,,,7561 Miller St,Greensboro,NC,27401,FedEx
71,E000045,Richard,Davis,1971-03-21,804-10-2746,,7065 Brown St,Phoenix,AZ,85006,United Parcel Service
72,E000046,Joseph,Smith,,920-69-9702,,9257 Martinez St,Greensboro,NC,27401,American Telephone & Telegraph
73,E000047,Joseph,Martinez,1997-03-24,982-70-8373,joseph.martinez47@example.com,4346 Gonzalez St,Phoenix,AZ,85001,ederal Express Corp
74,E000047,JOSEPH,Martinez,,982-70-8373,joseph.martinez47@example.com,4346 Gonzalez St,Phoenix,AZ,85001,Fed Ex
75,E000048,BILL,GONZALEZ,1970-05-15,179-46-4841,william.gonzalez48@example.com,4551 Garcia St,Denver,CO,80202,AT
76,E000049,John,Williams,1969-17-23,256-37-2052,,6897 Miller St,Charlotte,NC,28202,ATT
77,E000049,JOHN,Willias,1969-07-23,256-37-2252,john.williams49@example.com,6897 Miller St,Charlotte,NC,28202,American Telephone and Telegraph
78,E000049,John,Williams,1969-07-23,256-37-2052,john.williams49@example.com,6897 Miller St,Charlotte,NC,28202,A T and T
79,E000049,John,WILLIAMS,1969-07-23,256-38-2052,john.williams49@example.com,6897 Miller St,Charlotte,NC,28202,ATT
80,E000050,Joseph,Miller,1966-07-13,,joseph.miller50@example.com,9532 Miller St,Raleigh,NC,27601,Johnson and Johnson
81,E000051,James,Garcia,1989-07-18,865-79-4613,james.garcia51@example.com,8099 Brown St,Austin,TX,78701,The Coca-Cola Company
82,E000052,Susan,DAVIS,1989-06-22,,susan.davis52@example.com,7757 Anderson St,Raleigh,NC,27601,United Parcel Service
83,E000053,James,Anderson,,,james.anderson53@example.com,3077 Smith St,Phoenix,AZ,85001,The Coca-Cola Company
84,E000054,Richard,Garcia,1998-06-11,879-58-5558,,7006 Jones St,Greensboro,NC,27401,GE
85,E000055,JESSICA,SMITH,1984-04-21,170-93-1659,jessica.smith55@example.com,608 Brown St,Raleigh,NC,71201,Federal Express Corp
86,E000056,James,Martinez,1970-03-16,,james.martinez56@example.com,7719 Lopez St,Charlotte,NC,28202,Coke
87,E000056,James,Martinez,1970-03-16,785-24-4571,,7719 Lopez St,Charlotte,NC,28202,The Coca-Cola Company
88,E000057,Barbara,Williams,,692-13-6111,barbara.williams57@example.com,9533 Hernandez St,Durham,NC,27701,P and G
89,E000058,DICK,LOPEZ,1949-10-23,,richard.lopez58@example.com,,Greensboro,NC,27401,The Coca-Cola Company
90,E000058,RICK,Lopez,,950-90-4978,richard.lopez58@example.com,1769 Lopez St,Greensboro,NC,27401,Coca-Cola Co
91,E000058,Richard,Lopez,1949-10-23,950-90-4978,richard.lopez58@example.com,1769 Lopez St,Greensboro,NC,27401,The Coca-Cola Company
92,E000059,Patricia,Gonzalez,1984-09-14,777-57-2129,patricia.gonzalez59@example.com,8389 Hernandez St,Raleigh,NC,27601,American Telephone and Telegraph
93,E000060,James,Wilson,2002-02-14,470-91-8532,james.wilson60@example.com,2606 Miller St,Phoenix,AZ,85001,UPS Inc
94,E000060,JAMES,Wilson,2002-02-14,470-91-8532,james.wilson60@example.com,2606 Miller St,Phoenix,AZ,85001,UPS Inc
95,E000061,Willim,Martinez,1999-07-27,,william.martinez61@example.com,5380 Wilson St,Denver,CO,80202,Federal Express
96,E000062,Jon,Jones,1971-08-19,,john.jones62@example.com,5611 Smith St,Denver,CO,80202,Johnson and Johnson
97,E000062,JON,Jone,1971-08-19,724-95-7209,,,Denver,CO,80202,Johnson and Johnson
98,E000063,Dave,WILLIAMS,1967-06-26,364-53-5581,david.williams63@example.com,9867 Lopez St,Denver,CO,80202,
99,E000063,Dave,WILLIAMS,1967-06-26,364-53-5581,david.williams63@example.com,9867 Lopez St,Denver,CO,88202,Coke
100,E000064,Jimmy,RODRIGUZ,1956-04-24,,james.rodriguez64@example.com,7900 Hernandez St,Greensboro,NC,27401,J&J
101,E000064,James,Rodriguez,1950-04-24,,james.rodriguez66@example.com,7900 Hernanez St,Greensboro,NC,27401,Johnson & Johnson
102,E000065,Joseph,GONZALEZ,1951-05-08,,joseph.gonzalez65@example.com,,Raleigh,NC,27601,AT&T
103,E000066,Jessica,Rodriguez,,,jessica.rodriguez66@example.com,4538 Jones St,Dallas,TX,,The Coca-Cola Company
104,E000067,LINDA,JOHNSON,1980-02-27,648-98-4033,linda.johnson67@example.com,3238 Brown St,Greensboro,NC,27401,J and J
105,E000068,WILLIAM,LOPEZ,1952-04-10,332-56-3939,william.lopez68@example.com,5052 Smith St,Austin,TX,78701,United Parcel Service
106,E000069,WILL,SMITH,1977-12-05,,,300 Martinez St,Raleigh,NC,27601,The Coca-Cola Company
107,E000070,JESSICA,Davis,1983-03-02,358-71-2869,jessica.davis70@example.com,1170 Miller St,Denver,CO,80202,Johnson & Johnson
108,E000071,John,Martinez,1959-03-26,676-48-2395,john.martinez71@example.com,4166 Johnson St,Raleigh,NC,27601,P and G
109,E000072,Linda,GONZALEZ,1997-08-10,980-85-8025,linda.gonzalez72@example.com,5103 Martinez St,Phoenix,AZ,85001,International Business Machines
110,E000072,LIDA,Gonzalez,1997-08-10,980-85-8225,,5103 Martinez St,Phoenix,AZ,85001,IBM
111,E000073,PATRICIA,Gonzalez,1967-05-22,,patricia.gonzalez73@example.com,2947 Rodriguez St,Greensboro,NC,27401,General Electric
112,E000074,Jennifer,SMTH,1997-12-20,581-47-1534,jennifer.smith74@example.com,3892 Jones t,Phoenix,AZ,85001,The Coca-Cola Company
113,E000075,Joseph,Johnson,1963-07-16,,,1980 Rodriguez St,Greensboro,NC,27401,Federal Express
114,E000075,Joseph,Johnson,1973-11-19,,joseph.johnson75@example.com,1980 Rodriguez St,Greensboro,NC,27401,Federal Express
115,E000076,Robert,ANDERSON,1958-02-02,269-49-5728,robert.anderson76@example.com,7295 Johnson St,Austin,TX,78701,
116,E000076,Robert,Anderson,1958-02-02,269-49-5728,robert.anderson76@example.com,7295 Johnson St,Austin,TX,28202,Johnson and Johnson
117,E000076,Bobby,Anderson,1958-02-02,,,7295 Johnson St,Austin,TX,78701,Johnson & Johnson
118,E000077,ELIZABETH,Jones,1974-09-18,605-66-2317,elizabeth.lopez77@example.com,9898 Smith St,Phoenix,AZ,85001,P&G
119,E000077,Liz,Lopez,1974-09-18,605-66-2317,elizabeth.lopez77@example.com,9898 Smith St,Phoenix,AZ,85001,Procter and Gamble
120,E000078,David,Martinez,1943-02-08,790-83-1339,,4515 Martinez St,Austin,TX,78701,IBM Corp
121,E000079,JENNIFER,Davis,1975-03-19,546-91-9056,,1594 Davis St,Denver,CO,80202,American Telephone and Telegraph
122,E000079,Jennifer,Davis,1975-03-19,546-91-9056,jennifer.davis79@example.com,1594 Davis St,Denver,,80202,AT&T
123,E000080,Susan,GARCIA,1953-03-11,,,4822 Hernandez St,Dallas,TX,75201,P&G
124,E000081,MARY,Davis,1980-05-11,818-61-9431,,118 Hernandez St,Durham,NC,,J and J
125,E000082,SUSIE,Smith,1986-10-25,610-90-8242,susan.smith82@example.com,945 Brown St,Greensboro,NC,27401,The Coca-Cola Company
126,E000082,Sue,Anderson,1986-10-25,610-90-8242,susan.smith82@example.com,945 Brown St,Greensboro,NC,27401,Coke
127,E000082,SUSAN,Smith,1986-10-25,610-90-8242,susan.smith82@example.com,945 Brown St,Greensboro,NC,27401,
128,E000083,Robert,Anderson,1996-12-16,,robert.anderson83@example.com,2694 Jones St,Austin,TX,78701,
129,E000084,Susn,Johnson,1954-08-04,,susan.johnson84@example.com,4881 Rdriguez St,Greensboro,NC,27431,Cke
130,E000085,Susan,Wilson,2000-04-15,664-28-7284,susan.wilson85@example.com,3222 Anderson St,Denver,CO,80202,U.P.S.
131,E000085,SUSIE,WILON,2100-04-15,,susan.wilson85@example.com,3222 Anderson St,Denver,CO,80202,UPS Inc
132,E000086,JOHN,Jones,,940-10-5634,,4991 WilsonSt,Phoenix,AZ,85001,Johnson & Johnson
133,E000086,JON,Brown,1983-09-09,940-10-5634,,4991 Wilson St,Phoenix,AZ,85001,Johnson& Johnson
134,E000087,ROB,Davis,1984-06-18,881-79-7180,,7560 Anderson St,Denver,CO,80202,A T and 
135,E000087,Robert,Davis,1984-06-18,881-79-7180,robert.davis87@example.com,7560 Anderson St,Denver,CO,80202,ATT
136,E000088,Miky,Lopez,1989-04-28,,michael.lopez88@example.com,5313 Lopez St,Greensboro,NC,27401,Johnson & Johnson
137,E000088,Michael,Lopez,1989-04-28,894-62-1715,michael.lopez88@example.com,5313 Lopez St,Greensboro,NC,27401,Johnson and Johnson
138,E000088,Mchael,Lopez,1989-04-28,894-62-1715,michael.lopez88@example.com,5313 Lopez St,Greensboro,NC,27401,Johnson and Johnson
139,E000089,RICK,Miller,2003-01-05,,richard.miller89@example.com,1744 Wilson St,Charlotte,NC,28202,Johnson & Johnson
140,E000089,Richard,Miller,2003-01-05,614-85-6439,,,Charlotte,NC,28202,Johnson and Johnson
141,E000090,Patrici,Rodriguez,1991-12-05,519-93-3529,,1325 Davis St,Denver,CO,80202,Coca-Cola Co
142,E000090,Patricia,Rodriguez,1941-12-05,519-93-2529,,1325 Davis St,Denver,CO,,The Coca-Cola Comany
143,E000091,DAVI,Martinez,,790-78-7226,david.martinez91@example.com,5288 Hernandez St,Phoenix,AZ,85001,Johnson and Johnson
144,E000092,Mary,Martinez,1970-11-22,,mary.martinez92@example.com,7210 Johnson St,Durham,,,General Electric
145,E000092,Mary,Wilson,1970-11-22,,mary.martinez92@example.com,,Durham,,27701,
146,E000092,Mary,Martinez,1970-11-22,394-39-2480,mary.martinez82@example.com,,Durham,NC,27701,Generl Electric
147,E000093,Joey,Williams,1943-01-11,915-17-5806,joseph.williams93@example.com,5973 Garcia St,Austin,TX,78701,Procter & Gamble
148,E000093,Joe,Williams,1943-01-11,915-17-5806,joseph.williams93@example.com,5973 Garcia St,Austin,TX,78701,Procter and Gamble
149,E000094,Robert,Brown,1963-03-06,180-88-7267,robert.brown94@example.com,4045 Davis St,Phoenix,AZ,85001,UPS
150,E000095,LINA,Davis,1998-05-22,109-69-5712,linda.davis95@example.com,9055 Williams St,Austin,TX,78701,General Electric
151,E000096,Joseph,Garcia,1994-12-09,567-48-4263,,6402 Wilson St,,TX,78701,FeEx
152,E000097,Patricia,Brown,1985-10-10,816-47-1359,patricia.brown97@example.com,6584 Jones St,Phoenix,AZ,85001,I.BM.
153,E000097,Patricia,Bron,1985-10-10,,patricia.brown37@example.com,6584 Jones St,Phoenix,AZ,85001,International Business Machines
154,E000097,Patricia,Brown,1985-10-10,816-47-1359,patricia.brown97@example.com,6584Jones St,Phoenix,AZ,,I.B.M.
155,E000098,Mary,ANDERSON,1976-04-20,921-55-4588,,3215 Martinez St,Denver,CO,80202,The Coca-Cola Company
156,E000098,Mary,Andeson,2976-04-20,921-55-4588,,3215 Martinez St,Denver,CO,80202,The Coca-Cola Company
157,E000098,Mar,Anderson,1976-04-20,921-55-4588,,3215 Martinez St,Denver,CO,87202,
158,E000099,Bob,HERNANDEZ,1945-05-26,551-14-6977,robert.hernandez39@example.com,2253 Johnson St,Durham,NC,27701,Coca Cola
159,E000100,David,Lopez,1962-04-05,905-79-6994,david.lopez108@example.com,8797 Rodriguez St,Phoenix,AZ,85001,The Coca-Cola Company
160,E000100,DAVE,Lopez,1962-04-05,905-79-6994,,8797 Rodriguez St,Phoenix,AZ,85001,The Coca-Cola Company
161,E000100,DAVID,opez,1962-04-05,905-79-6994,david.lopez100@example.com,8797 Rdriguez St,Phoenix,AZ,85001,TheCoca-Cola Company
162,E000101,Jennifer,Jones,1977-12-22,,,1333 Williams St,Denver,CO,80202,Federal Exress
163,E000102,RICHARD,Wilson,1951-07-01,370-78-3024,richard.wilson102@example.com,7551 Garcia St,Dallas,TX,75201,
164,E000103,Richard,Wilson,1953-11-08,582-13-6374,richard.wilson103@example.com,3726 Hernandez St,Dallas,TX,75201,General Electric
165,E000103,Richard,Wilson,1953-11-08,582-13-6374,richard.wilson103@example.com,3726 Hernandez St,Dallas,TX,75201,General Electric
166,E000104,Joseph,Anderson,1992-02-05,146-14-5986,joseph.anderson104@example.com,8171 Johnson St,Austin,TX,78701,General Electric
167,E000104,JOSEPH,Anderson,1992-02-05,,joseph.anderson104@example.com,871 Johnson St,Austin,TX,78701,General Electric
168,E000104,,Anderson,1992-02-01,146-14-5986,joseph.anderson104@example.com,8171 Johnson St,Austin,TX,78701,G.E.
169,E000104,Joseph,Anderson,1992-02-05,146-14-5986,joseph.anderson104@example.com,8171 Johnson St,Austin,TX,78701,General Electric
170,E000105,Linda,Anderson,1989-08-12,,linda.anderson105@example.com,6966 Martinez t,Charlotte,NC,28202,United Parcel Service
171,E000106,SUSIE,HERNANDEZ,2002-10-14,,susan.hernandez102@example.com,369 Davis St,Durham,NC,27701,Johnson and Johnson
172,E000107,Linda,Wilson,1952-11-12,657-92-6876,linda.wilson107@example.com,,Dallas,TX,75201,The Coca-Cola Company
173,E000108,Mke,Johnson,1991-11-07,757-91-1349,michael.johnson108@example.com,928 Gonzalez St,,CO,80202,American Telephone & Telegraph
174,E000109,Linda,Williams,1948-09-07,700-37-4817,linda.williams109@example.com,5483 Gonzalez St,Greensboro,NC,27401,U.P.S.
175,E000110,JAMS,JONES,1956-09-09,917-32-2801,james.jones110@example.com,522 Williams St,Charlotte,NC,28202,International Businss Machines
176,E000111,BARBAR,Gonzalez,1981-01-06,371-16-3076,barbara.gonzalez111@example.com,6997 Rodriguez St,Greensboro,NC,27401,General Electric
177,E000112,Johnny,Dais,1986-09-19,,john.davis112@example.com,3729 Martinez St,Denver,CO,80202,International Business Machines
178,E000112,John,Davis,1986-09-19,211-67-9254,,3729 Martinez St,Denver,CO,80202,International Business Machines
179,E000113,Elizabeth,Davis,1947-08-28,,elizabeth.davis113@example.com,8132 Lopez St,Raleigh,NC,27601,Johnson and Johnson
180,E000113,ELIZABETH,Davis,,,,832 Lopez St,Raleigh,NC,27601,Johnson & Johnson
181,E000114,Jon,Anderson,1981-10-05,167-26-5505,john.anderson114@example.com,9690 Rodriguez St,Durham,NC,27701,American Telephone & Telegraph
182,E000114,JOHN,ANDERSON,1981-10-05,167-26-5505,john.anderson114@example.com,,Durham,NC,27701,A T and T
183,E000115,Richard,Martinez,1998-09-20,,,9133 Lopez St,Austin,TX,78701,Federal Express
184,E000116,Susan,DAVIS,1992-06-27,,susan.davis116@example.com,1657 Garcia St,Greensboro,NC,27401,P and G
185,E000116,Susan,DAVIS,1992-06-27,584-61-7815,susan.davis116@example.com,1657 Garcia St,Greensboro,NC,27401,P&G
186,E000116,Susan,Davis,1992-06-27,,susan.davis116@example.com,,Greensboro,NC,27401,Procter and Gamble
187,E000117,DAVID,Hernandez,1987-03-22,,david.hernandez117@example.com,1498 Johnson St,Austin,TX,78701,Procter & Gamble
188,E000118,Patrcia,Lopez,1956-09-02,700-81-6400,patricia.lopez118@example.com,2102 Miller St,Dallas,TX,75201,American Telephone and Telegraph
189,E000119,Susan,Wilson,1976-10-20,460-23-9313,susan.wilson119@example.com,3585 Williams St,Raleigh,NC,27601,Johnson and Johnson
190,E000119,SUSAN,Wilson,1976-10-10,460-23-9313,,3585 Williams St,Raleigh,NC,27601,
191,E000120,LINDA,Wilson,,217-45-4705,linda.wilson120@example.com,7130 Wilson St,Durham,NC,27701,International Business Machines
192,E000121,William,Smith,1974-12-25,416-53-6751,,200 Williams St,Charlotte,NC,28202,United Parcel Service
193,E000122,RICHARD,Johnson,1943-02-22,643-37-7163,,6978 Davis St,Charlotte,NC,28202,American Telephone and Telegraph
194,E000123,Jennifer,Garcia,1981-10-20,186-16-3549,jennifer.garcia123@example.com,2679 Gonzalez St,Austin,TX,78701,International Business Machines
195,E000124,ohn,Jones,1994-08-20,,john.jones124@example.com,3631 Gonzalez St,Denver,CO,80202,General Electric
196,E000125,Barbara,Miller,1976-11-22,707-72-9633,barbara.miller125@example.com,553 Smith St,Durham,,27701,Federal Express
197,E000126,,Martinez,1940-04-10,316-27-5186,richard.martinez156@example.com,4842 Garcia St,Raleigh,NC,,General Electric
198,E000126,Richard,MARTINEZ,1940-04-10,,richard.martinez126@example.com,4842 Garcia St,Raleigh,NC,27601,General Electric
199,E000126,Richard,Martinez,1940-04-10,916-27-5186,richard.martinez126@example.com,4842 GarciaSt,Raleigh,NC,27601,GE
200,E000126,Richard,Martinez,1940-04-10,316-26-5186,,4842 Garcia St,Raleigh,NC,27601,General Electric
201,E000127,Jmes,Davis,1962-03-13,,james.davis127@example.com,9254 Wilson St,Phoenix,AZ,85001,AT&T
202,E000127,JAMES,Davis,1962-03-13,645-39-9196,james.davis127@example.com,9254 Wilson St,Phoenix,AZ,85001,Amercan Telephone and Telegraph
203,E000127,James,Davis,1962-03-13,645-39-9196,,9254 Wilson St,Phoenix,AZ,85031,AT&T
204,E000128,John,Miller,1995-01-15,,john.miller128@example.com,9494 Miller St,Raleigh,NC,27601,Procter & Gamble
205,E000129,Elzabeth,Johnson,1942-06-06,920-89-8538,elizabeth.johnson129@example.com,6028 Johnson St,Phoenix,AZ,85001,Procter nd Gamble
206,E000130,PATRICIA,Brown,1991-09-03,555-49-6562,,3730 Garcia St,Phoenix,AZ,85001,UPS
207,E000130,Patricia,Brown,1991-09-03,505-49-6562,,3730 Garcia St,Phoenix,AZ,85001,UPS Inc
208,E000130,Patricia,Brown,1991-09-03,,patricia.brown130@example.com,3730 Garcia St,Phoenix,AZ,85001,United Parcel Service
209,E000130,Patrici,BROWN,1991-09-03,505-49-6562,patricia.brown130@example.com,,Phoenix,AZ,85001,United Parcel Service
210,E000131,John,RODRIGUEZ,1964-06-12,,,3971 Johnson St,Durham,NC,27701,UPS Inc
211,E000131,Johnny,RODRIGUEZ,1964-06-12,844-92-3419,john.rodriguez131@example.com,3971 Johnson St,Durham,NC,27701,United Parcel Service
212,E000132,,Brwn,1959-11-03,281-90-9095,william.brown132@example.com,7701 Gonzalez St,Charlotte,NC,28202,J and J
213,E000132,WILLIAM,Brown,1959-11-03,281-90-9095,william.brown132@example.com,7701 Gonzalez St,Charlotte,NC,28202,Johnson & Johnson
214,E000132,William,BROWN,1959-11-03,,william.brown132@example.com,,Charlotte,NC,28202,J&J
215,E000133,avid,Wilson,1959-08-03,580-66-5961,david.wilson133@example.com,4600 Martinez St,Dallas,TX,75201,I.B.M.
216,E000133,DAVID,Wilson,1959-08-03,,david.wilson133@example.com,4538 Jones St,Dallas,TX,75201,IBM
217,E000134,BARBARA,RODRIGUEZ,1979-08-15,,barbara.rodriguez134@example.com,4803 Johnso St,Durham,NC,27701,.E.
218,E000135,Richard,Davis,1997-10-21,292-51-8792,,,Raleigh,NC,27601,IBM Corp
219,E000136,Joseph,ANDERSON,1950-09-21,276-15-5059,joseph.johnson136@example.com,7272 Davis St,Dallas,TX,75201,UPS
220,E000136,Joey,Davis,1950-09-21,,joseph.johnson936@example.com,7272 Davis St,Dallas,TX,75201,United Parcel Service
221,E000137,BARBARA,GARCIA,1955-12-23,446-96-1857,barbara.garcia137@example.com,5582 Johson St,Austin,TX,78701,ATT
222,E000137,Barbara,GARCIA,1989-07-25,,,5582 Johnson St,Austin,TX,78701,
223,E000138,Patricia,Rodriguez,1976-05-24,,patricia.rodriguez138@example.com,,Phoenix,AZ,85001,U.P.S.
224,E000138,Patricia,Rodriguez,1976-05-24,972-94-3463,patricia.rodriguez138@example.com,5561 Johnson St,Phoenix,AZ,85001,United Parcel Service
225,E000139,BARBARA,Jones,1956-10-23,,barbara.jones139@example.com,5481 Wilson St,Phoenix,AZ,85001,United Parcel Service
226,E000140,Jon,Hernandez,1986-01-12,416-33-4509,,5698 Gonzalez St,Phoenix,AZ,85001,Johnson and Johnsn
227,E000141,Michael,rown,1959-02-10,964-22-9317,,8943 Wilson St,Charlotte,NC,28202,IBM Corp
228,E000142,Dvid,Anderson,1988-03-06,285-98-3712,david.anderson142@example.com,7270 Smith St,Charlotte,NC,28202,P and G
229,E000143,Barbara,Hernndez,1996-10-10,,barbara.hernandez143@example.com,8849 Brown St,Greensboro,NC,27401,Coca Cola
230,E000144,JESSICA,ANDERSON,1987-11-19,551-69-5616,jessica.anderson144@example.com,,Greensboro,NC,27401,Procter & Gamble
231,E000144,Jessica,Anderson,1987-11-19,551-69-5616,jessica.anderson144@example.com,6356 Rodriguez St,Greensboro,NC,27401,P&G
232,E000145,JENNIFER,Wilson,1957-05-02,756-71-7081,jennifer.wilson145@example.com,9185 Anderson St,Greensboro,NC,27401,General Electric
233,E000146,Patricia,Jons,1960-05-15,625-28-8167,patricia.jones146@example.com,1602 Anderson St,Durham,NC,27701,Federal Express
234,E000147,Joe,Anderson,1943-07-02,505-74-0126,joseph.anderson147@example.com,3962 Miller St,Dallas,TX,75201,General Electric
235,E000148,Barbara,Brown,1980-02-27,,,2492 Williams St,Raleigh,NC,27601,International Business Machines
236,E000149,Betty,ANDERSON,1957-12-16,559-88-1086,elizabeth.anderson349@example.com,1398 Smith St,Denver,CO,80202,The Coca-Cola Company
237,E000150,Michael,Wilson,1996-02-25,395-40-5934,,,Charlotte,NC,28202,Federal Express Corp
238,E000151,Ssan,Hernandez,1948-02-27,611-86-9742,susan.hernandez151@example.com,,Denver,CO,80202,Federal Expess Corp
239,E000152,Robert,JONES,1940-10-12,,robert.jones352@example.com,3168 Hrnandez St,Phoenix,AZ,85001,General Electric Co
240,E000152,Rbert,JONES,1940-10-12,346-83-7865,robert.jones152@example.com,3168 Hernandez St,Phoenix,AZ,84001,General Electric Co
241,E000153,Barbara,Johnson,1989-08-02,750-59-7116,,4255 Lopez St,Raleigh,NC,27601,International Business Machines
242,E000153,Barbara,Johnson,1989-08-02,750-59-7116,barbara.johnson153@example.com,4255 Lopez St,Raleigh,NC,27601,International Business Machines
243,E000154,Barbar,GONZALEZ,1984-04-24,,barbara.gonzalez154@example.com,9633 Lopez St,Durham,NC,27701,American Telephone and Telegraph
244,E000155,Robert,Smith,1983-11-06,950-97-8612,,7940 Hernandez St,Dallas,TX,75201,United Parcel Service
245,E000155,Robet,Smith,1983-11-06,950-97-8612,,7940 Hernandez St,Dallas,TX,75201,UPS Inc
246,E000155,Rob,SITH,1983-11-06,950-97-8612,,7940 Hernandez St,Dallas,TX,75201,UPS Inc
247,E000155,Robert,Smith,1983-11-06,,robert.smith155@example.com,7940 Hernandez St,Dallas,TX,75201,UPS
248,E000156,ROBERT,Johnson,1944-05-07,144-35-1686,robert.johnson156@example.com,5270 Anderson St,Denver,CO,80202,Coke
249,E000156,Bobby,Johson,1944-05-07,144-35-1686,,,Denver,CO,80202,Coca Cola
250,E000157,RIH,WILSON,1972-01-25,762-34-5687,,5948 Wilson St,Denver,CO,81202,
251,E000157,Richard,Wilson,1972-01-25,762-34-5687,richard.wilson157@example.com,5948 Wilson St,Denver,CO,80202,I.B.M.
252,E000158,DAVID,Jones,1987-07-13,861-66-7334,david.jones158@example.com,5654 Williams St,Durham,NC,27701,Johnson and Johnson
253,E000159,JESSICA,Garcia,1950-12-14,,jessica.garcia159@example.com,9037 Jones St,Austin,TX,78701,AT&T
254,E000160,Patricia,Johnson,1977-05-15,717-64-3730,patricia.johnson160@example.com,7372 Garcia St,,TX,75201,J&J
255,E000161,Mary,Loez,1995-05-21,910-17-2229,mary.lopez161@example.com,6755 Garcia St,Dallas,TX,75201,United Parcel Service
256,E000162,James,WILLIAMS,1944-03-03,341-92-7001,james.williams162@example.com,6033 Miller St,Denver,CO,80202,IBM Corp
257,E000162,James,Williams,1944-03-03,341-92-7001,james.williams162@example.com,6033 Miller St,Denver,CO,80202,IBM Corp
258,E000163,Robert,Hernandez,1987-06-15,881-19-3255,robert.hernandez163@example.com,8774 Garia St,Denver,CO,80202,Procter & Gamble
259,E000164,David,Hernandez,1971-02-01,853-33-9176,,8582 Miller St,Austin,TX,78701,General Electric Co
260,E000164,Dave,Hernandez,1971-02-01,853-33-9176,david.hernandez164@example.com,8582 Miller St,Austin,TX,78701,General Electric
261,E000165,William,GONZALEZ,1997-04-20,392-98-9047,william.gonzalez165@example.com,3379 Johnson St,Austin,TX,78701,
262,E000165,William,Gonzaez,1997-04-20,392-99-9047,,3379 Johnson St,Austin,TX,78701,UPS Inc
263,E000166,JON,Davis,1996-02-26,,john.davis166@example.com,1163 Rodriguez St,Charlotte,NC,28202,The Coca-Cola Company
264,E000167,ELIZABETH,WILSON,1962-06-17,329-25-4292,,2375 Brown St,Charlotte,NC,28202,J and J
265,E000168,Jim,Garcia,1999-09-05,726-21-2077,james.garcia168@example.com,5167 Miller St,Dallas,TX,75201,J and J
266,E000168,James,GARCIA,1999-09-05,726-21-2077,james.garcia168@example.com,5167 Miller S,,TX,75201,Johnsonand Johnson
267,E000168,James,GARCIA,,726-61-2077,james.garcia168@example.com,5167 Miller St,Dallas,TX,75201,Johnson and Johnson
268,E000169,Susan,GONZALEZ,,757-19-8372,susan.gonzalez169@example.com,7732 Hernandez St,Phoenix,AZ,85001,American Telephone and Telegraph
269,E000169,Sue,GONZALEZ,1949-03-11,757-19-8372,susan.gonzalez169@example.com,7732 Hernandez St,Phoenix,AZ,85001,AT&T
270,E000169,Susan,Gonzalez,1949-03-11,757-19-8372,susan.gonzalez169@example.com,7732 Hernandez St,Phoenix,AZ,85001,ATT
271,E000169,SUSIE,Gonzalez,1949-03-11,757-19-8372,susan.gonzalez169@example.com,7732 Hernandez St,Phoenix,AZ,85001,American Telephone and Telegraph
272,E000170,ROBERT,ANDERSON,1970-02-18,,robert.anderson170@example.com,8588 Williams St,Charlotte,NC,28202,Coca Cola
273,E000170,Robert,ANDERSON,1956-07-17,989-17-3034,,888 Williams St,Charlotte,NC,28202,The Coca-Cola Company
274,E000171,Jennifer,WLLIAMS,1968-06-17,390-20-5105,,,Dallas,TX,75201,The Coca-Cola Company
275,E000171,Jennifer,WILLIAMS,1968-06-17,390-20-5105,jennifer.williams171@example.com,,,TX,75201,
276,E000172,Robert,Hernandez,1951-09-21,,robert.hernandez172@example.com,2904 Hernandez St,Austin,TX,78701,A T and T
277,E000172,Robert,HERNANDZ,1951-09-21,,,2904 Hernandez St,Austin,TX,78701,American Telephone & Telegraph
278,E000173,MAR,Wilsn,1950-01-21,889-83-5336,mary.wilson173@example.com,3553 Gonzalez St,Raleigh,NC,27601,Procter and Gamble
279,E000173,Mary,Wilson,1950-01-21,889-83-5336,mary.wilson173@example.com,3553 Gonzaez St,Raleigh,NC,27601,Procter and Gamble
280,E000174,ames,Davis,1978-08-08,934-97-7653,james.davis174@example.com,4973 Davis St,Austin,TX,78701,GE
281,E000174,Jmes,Davis,1978-08-08,724-97-7653,james.davis174@example.com,4973 Davis St,Austin,TX,78701,General Electric
282,E000174,James,Davis,1978-08-08,924-97-7653,james.davis174@example.com,4973 Davis St,Austin,TX,78701,General Electric
283,E000174,Jim,Davis,,,,4973 Davis St,Austin,TX,78701,G.E.
284,E000175,ary,Williams,1993-08-15,,mary.williams175@example.com,5221 Wilson St,Denver,CO,80202,AT&T
285,E000175,Mary,WILLIAMS,1993-08-15,,,5221 Wilson St,Denver,CO,80202,American Telephone & Telegraph
286,E000176,Barbara,Miller,1987-09-18,208-50-4960,barbara.miller176@example.com,774 Johnson St,Charlotte,NC,28602,Coke
287,E000177,Joey,BROWN,1952-01-10,493-88-7850,,4167 Wilson St,Charlotte,NC,21202,U.P.S.
288,E000178,David,Anderson,1964-03-16,627-69-9171,david.anderson178@example.com,5155 Davis St,Dallas,TX,75201,I.B.M.
289,E000179,Jon,Miller,1970-04-19,461-16-1828,john.miller179@example.com,,Denver,CO,80202,J&J
290,E000180,ELIZABETH,Rodriguez,,370-56-7606,,6095 Smith St,Raleigh,NC,27601,Procter and Gamble
291,E000181,ARY,Martnez,1986-09-10,175-59-9261,mary.martinez181@example.com,747 Gonzalez St,Greensboro,NC,27401,The Coca-Cola Company
292,E000181,MRY,Martinez,1986-09-10,175-59-9261,mary.martinez181@example.com,7478 Gonzalez St,Greensboro,NC,27401,The Coca-Cola Company
293,E000182,Patricia,Williams,1990-06-26,447-81-6990,patricia.williams182@example.com,2463 Brown St,Durham,NC,27701,Procter & Gamble
294,E000182,Patricia,Williams,1990-06-26,447-81-6990,patricia.williams182@example.com,2463 Brow St,Durham,NC,27701,Procter & Gamble
295,E000183,MARY,Smith,1957-12-11,923-70-9508,mary.smith183@example.com,7587 Williams St,,NC,27601,UPS Inc
296,E000184,DAVE,Anderson,,,david.anderson184@example.com,,Dallas,TX,75201,Johnson and Johnson
297,E000184,David,Anderson,,,david.anderson184@example.com,8411 Wilson St,Dallas,TX,75201,Johnson and Johnson
298,E000185,Elizabeth,Davis,1987-06-22,212-63-6040,elizabeth.davis185@example.com,,Raleigh,NC,27601,J and J
299,E000186,WILLIAM,Hernandez,1946-10-16,274-77-7229,william.hernandez186@example.com,2521 Wilson St,Greensboro,NC,27401,Federal Express Corp
300,E000186,William,Hernandez,1946-10-16,,,7410 Williams St,Greensboro,NC,27401,Fderal Express
301,E000187,MARY,Martinez,1964-01-15,421-63-3481,mary.martinez187@example.com,6865 Lopez St,Durham,NC,27709,Federal Express Corp
302,E000188,Susan,Rodriguez,1947-12-05,631-36-6325,susan.rodriguez188@example.com,7937 Rodriguez St,Denver,CO,80202,Procter & Gamble
303,E000189,DAVE,Williams,1983-09-12,792-97-5331,david.williams189@example.com,8032 Brown St,Denver,CO,80222,FedEx
304,E000190,William,Rodriguez,1968-05-25,,,5294 avis St,Austin,TX,78701,merican Telephone and Telegraph
305,E000190,William,RODRIGUEZ,1968-05-25,395-36-9011,william.rodriguez190@example.com,5294 Davis St,Austin,TX,78701,AT&T
306,E000190,Will,Rodriguez,1968-05-25,395-36-9011,william.rodriguez190@example.com,5294 Davis St,Austin,TX,78701,American Telephone & Telegraph
307,E000190,William,Rodriguez,1968-05-25,395-36-9011,william.rodriguez190@example.com,,Austin,TX,78701,American Telephone and Telegraph
308,E000191,William,JONES,1988-07-27,453-28-5758,,789 Jones St,Durham,NC,27701,Geeral Electric Co
309,E000192,BARBARA,ANDERSON,1972-12-16,,barbara.anderson192@example.com,4542 Anderson St,Denver,CO,80202,
310,E000192,Barbara,Andersn,1972-12-16,319-35-9824,barbara.anderson192@example.com,4542 Anderson St,Denver,CO,80202,The Coca-Cola Compan
311,E000193,Robert,Johnson,1971-01-22,643-38-4814,robert.johnson193@example.com,960 Johnson St,Greensboro,NC,27401,P and G
312,E000193,Bobby,Johnson,1971-01-22,643-38-4814,,960 Johnson St,Greensboro,NC,27401,Procter & Gamble
313,E000194,Dave,Lopez,,240-10-3587,,6766 Hernandez St,,CO,80206,J&J
314,E000194,David,Lopez,,,david.lopez194@example.com,6766 Hernandez St,Denver,CO,80202,Johnson & Johnson
315,E000195,Jessica,HERNANDEZ,1976-06-10,761-17-2465,jessica.hernandez095@example.com,9506 Brown St,Greensboro,,27401,International Business Machines
316,E000196,Jenny,MILLER,1981-03-09,637-33-5742,jennifer.miller186@example.com,713 Smith St,Charlotte,NC,28202,
317,E000197,PATRICIA,Anderson,1976-08-21,656-77-9092,patricia.anderson197@example.com,,Dallas,TX,75201,Johnson and Johnson
318,E000197,Patricia,ANDERSON,1976-08-26,,patricia.anderson197@example.com,2298 WilsonSt,Dallas,TX,75201,Jonson & Johnson
319,E000198,,Brown,1982-03-25,569-92-5215,william.brown198@example.com,3150 Smith St,Durham,NC,27701,A T and T
320,E000198,Bill,BROWN,1982-03-24,569-92-5215,william.brown198@example.com,3150 Smith St,Durham,NC,27701,ATT
321,E000199,ELIZABETH,Martinez,0962-10-28,,elizabeth.martinez199@example.com,8542 Garcia St,Greensboro,NC,27401,General Electric
322,E000199,Elizabeth,,1962-10-28,754-61-8007,,8542 Garcia St,Greensboro,NC,27401,General Electric
323,E000200,Richard,Hernandez,1963-03-16,431-41-1111,,432 Miller St,Durham,NC,,Federal Express
324,E000201,Joe,Gonzale,1982-05-19,,joseph.gonzalez201@example.com,4385 Hernandez St,Austin,TX,78701,American Telephone and Telegraph
325,E000201,Joey,GONZALEZ,1982-05-19,840-83-1187,joseph.gonzalez201@example.com,4385 Hernandez St,Austin,TX,75201,A T and T
326,E000202,LIDA,Smith,1999-05-06,515-97-9233,linda.smith202@example.com,,Durham,NC,27701,General Electric
327,E000203,Elizabeth,Garcia,1968-03-16,256-68-7121,elizabeth.garcia203@example.com,6913 Loez St,Greensboro,NC,27401,Johnson & Johnson
328,E000204,Mike,Gonzalez,1950-09-15,640-56-2279,michael.gonzalez204@example.com,,Greensboro,NC,27401,I.B.M.
329,E000204,Michael,Gonzalez,1950-09-15,640-56-2279,michael.gonzalez204@example.com,9343 Johnson St,Greensboro,NC,27401,International Business Machines
330,E000205,MICHAEL,Martinez,1961-06-28,632-66-2904,michael.martinez205@example.com,3465 Lopez St,Charlotte,NC,,Johnson & Johnson
331,E000206,John,ANDERSON,1947-08-05,,,9339 Smith St,Denver,CO,27701,
332,E000206,John,Anderson,,625-63-8484,john.anderson206@example.com,9339 Smith St,Denver,CO,80202,Johnson & Johnson
333,E000207,Elizabth,Lopez,1990-05-27,103-37-2196,,842 Miller St,Raleigh,NC,27601,A T and T
334,E000208,Johnny,RODRIGUEZ,1948-08-02,393-62-3948,john.rodriguez508@example.com,2318 Gnzalez St,Raleigh,NC,27601,Procter and Gamble
335,E000208,John,Rodriguez,9948-08-02,,john.rodriguez208@example.com,2318 Gonzalez St,,NC,27601,P&G
336,E000208,John,Rodriuez,1948-08-02,393-62-3948,john.rodriguez208@example.com,2318 Gonzalez St,Raleigh,NC,27601,P&G
337,E000209,BARBARA,,1997-07-13,182-97-9835,barbara.anderson209@example.com,2278 Hernandez St,Phoenix,AZ,85001,A Tand T
338,E000209,BARBARA,ANDERSON,1997-07-13,182-97-9835,barbara.anderson209@example.com,2278 Hernandez St,Phoenix,AZ,85001,American Telephone & Telegraph
339,E000210,Patricia,Williams,,,patricia.williams210@example.com,4988 Davis St,Phoenix,AZ,85001,Procter and Gamble
340,E000211,Richard,Wilson,1971-08-12,,,1948 Smith St,Greensboro,NC,27401,Procter & Gamble
341,E000211,Richard,Wilson,,258-45-4088,richard.wilson211@example.com,1948 Smith St,Greensboro,NC,27401,P and G
342,E000211,Dick,WILSON,1971-08-12,258-45-4088,richard.wilson211@example.com,1948 Smith St,Greensboro,,27401,Procter and Gamble
343,E000212,JAMES,SMTH,1948-02-20,134-67-1797,james.brown212@example.com,4109 Lopez St,Greensboro,NC,27401,International Business Machines
344,E000213,Richard,Dvis,5967-01-05,615-47-4836,richard.davis213@example.com,9538 Garcia St,Greensboro,NC,,AT&T
345,E000213,Richard,Davis,1967-01-05,615-47-4836,richard.davis213@example.com,9538 Garcia St,Greensboro,,27401,AT&T
346,E000213,Rchard,Davis,1967-01-05,615-47-4836,richard.davis213@example.com,9538 Garcia St,Greensboro,NC,27401,American Telephone & Telegraph
347,E000213,Richard,Davis,1967-01-05,615-47-4836,richard.davis213@example.com,9538 Garcia St,Greensboro,NC,27401,AT&T
348,E000214,LINDA,Jones,1968-07-10,381-17-3869,linda.jones214@example.com,7099 Rodriguez St,Charlotte,NC,28202,Johnson and Johnson
349,E000215,Mary,Garcia,1980-12-14,518-29-5913,mary.garcia215@example.com,6267 Wlliams St,Phoenix,AZ,85001,
350,E000215,May,Garcia,1980-12-14,518-29-5913,mary.garcia215@example.com,7410 Williams St,Phoenix,AZ,85001,Johnson & Johnson
351,E000216,Linda,Wilson,1978-12-05,925-69-1944,linda.wilson216@example.com,9314 Miller St,Greensboro,NC,27401,Procter & Gamble
352,E000216,LINDA,WILSON,1978-12-05,925-69-1944,,9314 Miller St,Greensboro,NC,27401,Procter and Gamble
353,E000217,Robert,MILLER,1972-04-11,,robert.miller217@example.com,,Greensboro,NC,27401,Federal Express
354,E000218,Mary,Jones,,923-85-4555,mary.jones218@example.com,7954 rown St,Phoenix,AZ,87001,A&T
355,E000219,lizabeth,Anderson,1967-04-24,220-71-4974,elizabeth.anderson219@example.com,350 Miller St,Raleigh,NC,27601,Federl Express Corp
356,E000220,DAVID,Gonzalez,1988-08-18,764-55-6053,,4385 Garcia St,Austin,TX,78701,Johnson & Johnson
357,E000220,David,GONZALEZ,1988-08-18,764-55-6053,david.gonzalez220@example.com,4385 Garcia St,Austin,TX,78701,J&J
358,E000221,Joseph,Johnson,1980-04-12,,joseph.johnson221@example.com,9316 Wilson St,Denver,CO,80202,Fed Ex
359,E000222,ROB,SMITH,1993-05-05,300-52-4768,robert.smith222@example.com,6323 Martinez St,Austin,TX,78701,FedEx
360,E000223,JESSICA,RODRIGUEZ,1972-08-24,757-72-8550,,2856 Lopez St,Dallas,TX,75201,American Telephone and Telegraph
361,E000223,Jessica,RDRIGUEZ,1972-08-24,,jessica.rodriguez223@example.com,2856 Lopez St,Dallas,TX,75201,ATT
362,E000224,Jnnifer,Willims,1963-09-21,160-77-1554,jennifer.williams224@example.com,1317 Wilson St,Denver,CO,80202,IBM
363,E000225,,MILLER,1969-02-23,254-11-4583,james.miller225@example.com,8385 Davis St,Charlotte,NC,28202,American Telephone & Telegraph
364,E000226,MRY,MARTINEZ,2002-01-01,644-80-7739,mary.martinez226@example.com,294 Smith St,Denver,CO,80202,Coca Cola
365,E000227,Elizabet,SMITH,1962-02-04,,elizabeth.smith227@example.com,3244 Martinez St,Phoenix,AZ,85001,The Coca-Cola Company
366,E000227,Elizabeth,Smith,1962-02-04,636-69-4948,elizabeth.smith227@example.com,3244 Martinez St,Phoenix,AZ,85001,Coca-Cola Co
367,E000228,Barbara,Jones,1950-06-13,570-82-4984,barbara.jones228@example.com,3800 Jones St,Phoenix,AZ,85001,G.E.
368,E000228,Barbara,Jones,1950-06-13,570-82-4984,barbara.jones228@example.com,3800 Jones St,Phoenix,AZ,85001,General Electric
369,E000228,Barbara,Jones,1950-06-13,570-82-4984,barbara.jones228@example.com,3800 Jones S,Phoenix,AZ,85001,
370,E000228,Barbara,Jones,1950-06-13,570-82-4984,barbara.jones228@example.com,800 Jones St,Phoenix,AZ,85001,IBM
371,E000229,Mary,Lopez,1988-07-18,087-17-1154,mary.johnson229@example.com,2907 Johnson St,Phoenix,AZ,85001,
372,E000230,Sue,Hernandez,1952-09-02,335-37-8790,susan.hernandez230@example.com,,Dallas,TX,75201,General Electric Co
373,E000230,Susan,Hernandez,1952-09-02,335-37-8790,susan.hernandez230@example.com,454 Smith St,Dallas,TX,75201,GE
374,E000230,Susan,Hernandez,,335-37-8790,susan.hernandez230@example.com,4541Smith St,Dallas,TX,,General Electric
375,E000231,WILLIAM,ANDERSON,1962-06-01,318-85-3362,william.anderson231@example.com,6625 Anderson St,Raleigh,NC,27601,GE
376,E000232,BETH,ILLIAMS,1989-11-18,,elizabeth.williams232@example.com,1384 Rodriguez St,Greensboro,NC,27401,American Telephone and Telegraph
377,E000233,Mary,JOHNSON,1969-02-11,719-88-7499,,,Phoenix,AZ,85004,The Coca-Cola Company
378,E000233,MARY,JOHNSON,1969-02-11,719-88-7499,mary.johnson233@example.com,5447 Smith St,Phoenix,AZ,85001,Coca-Cola Co
379,E000233,Mary,Johnson,1969-02-11,,mary.johnson233@example.com,5447 Smith St,Phoenix,AZ,85001,The Coca-Cola Company
380,E000234,Joseph,Davis,1915-09-13,,,,Greensboro,NC,,The Coca-Cola Company
381,E000235,Linda,Lopez,1950-05-05,489-91-3527,linda.lopez235@example.com,6483 Garcia St,Durham,NC,27701,AT&T
382,E000235,Linda,Lopez,1950-05-05,489-91-3527,linda.lopez235@example.com,6483 Garcia St,Durham,NC,27701,American Telephone and Telegraph
383,E000236,Patricia,Johnson,1979-08-12,879-44-2604,patricia.johnson296@example.com,2270 Johnson St,Raleigh,NC,27601,United Parcel Service
384,E000237,Susa,Davis,1953-01-03,,susan.davis237@example.com,,Phoenix,AZ,85001,ATT
385,E000238,Richar,SMITH,1992-07-25,186-81-4977,richard.smith238@example.com,9470 Rodriguez St,Austin,TX,78701,U.P.S
386,E000238,Richard,SMITH,1992-07-25,,richard.smith238@example.com,9470 Rodriguez St,Austin,TX,78701,United Parcel Service
387,E000238,Richard,Smith,1992-07-25,186-81-4977,richard.smith238@example.com,,Austin,TX,78701,
388,E000239,Richard,Williams,1974-05-09,604-28-2036,richard.williams239@example.com,2839 Miller St,Charlotte,NC,28202,The Coca-Cola Company
389,E000239,ICK,WILLIAMS,1974-05-09,604-28-2036,richard.williams239@example.com,2839 Miler St,Charlotte,NC,28202,The Coca-Cola Company
390,E000240,SUSA,Jones,1949-06-09,352-90-3123,susan.jones240@example.com,9828 Martinez St,Denver,,80202,Federal Express Corp
391,E000241,,Johnson,1978-01-13,440-89-7224,joseph.johnson281@example.com,5499 Davis St,Charlotte,NC,28202,American Telephone & Telegraph
392,E000242,SUSAN,WILSON,1978-06-20,811-35-8848,susan.wilson242@example.com,5247 Williams St,Charlotte,NC,28202,
393,E000242,SUE,Wilson,1978-06-20,811-35-8848,susan.wilson242@example.com,,Charlotte,NC,28202,
394,E000243,David,Jones,,387-60-6980,,1965 Anderson St,Denver,CO,80202,Federal Express
395,E000243,David,Jones,1971-06-13,387-60-6980,,1965 Anderson St,Denver,CO,80202,Federal Express
396,E000243,David,Jones,1971-06-13,,david.jones243@example.com,1965 Anderson St,Denver,CO,80202,FederalExpress
397,E000243,avid,Jones,1971-06-13,387-60-6980,david.jones243@example.com,1965 Anderson St,Denver,CO,80202,Federal Express
398,E000244,Jennifr,Hernndez,1999-12-07,548-47-2133,jennifer.hernandez244@example.com,6803 Hernandez St,Raleigh,NC,27601,J and J
399,E000245,Robert,Hernandez,1970-05-22,257-64-7176,robert.hernandez245@example.com,1311 Davis St,Austin,TX,78701,Johnson and Johnson
400,E000246,RICHARD,,,931-78-2392,richard.rodriguez246@example.com,1891 Gonzalez St,Phoenix,AZ,85001,Fed Ex
401,E000247,Barbara,Williams,1991-06-26,580-23-1172,barbara.williams247@example.com,115 Jones St,Raleigh,NC,27601,
402,E000248,Linda,Davis,1990-08-25,795-85-9199,linda.davis248@example.com,2569 Garcia St,Dallas,TX,75201,International Business Machines
403,E000249,Jessica,JHNSON,1993-02-04,951-28-6747,jessica.johnson249@example.com,5210 Garcia St,Austin,TX,78701,Johnson & Johnson
404,E000249,,Johnson,1993-02-04,,jessica.johnson249@example.com,,Austin,TX,78701,J and J
405,E000249,JESSICA,Johnson,1993-02-04,951-28-6707,jessica.johnson249@example.com,5210 Garcia St,Austin,TX,78701,Johnson & Johnson
406,E000250,MICHAEL,Rodriguez,1984-08-04,548-99-8412,michael.rodriguez250@example.com,5325 Johnson St,Denver,CO,80202,Coke
407,E000251,Mary,Gonzalez,,,mary.gonzalez151@example.com,4096 Rodriguez St,Durham,NC,27701,United Parcel Service
408,E000251,Mary,Gonzalez,1942-06-21,,mary.gonzalez251@example.com,4096 Rodriguez St,Durham,NC,27701,U.P.S.
409,E000252,Jnnifer,Garcia,1999-04-26,514-90-4022,jennifer.garcia252@example.com,3153 Hernandez St,Phoenix,AZ,85001,Procter & Gamble
410,E000253,Richard,SMITH,1997-10-14,498-10-4519,richard.smith253@example.com,3471 Jones St,Greensboro,NC,27401,General Electric
411,E000254,Patricia,Gonzalez,1986-06-07,568-24-5298,patricia.gonzalez254@example.com,8119 Rodriguez St,Charlotte,NC,28202,American Telephone & Telegraph
412,E000255,Richard,Martinez,1954-06-12,965-68-3826,richard.martinez255@example.com,,Phoenix,AZ,85001,General Electric
413,E000256,Robert,GARCI,,287-57-3316,robert.garcia256@example.com,8469 Miller St,Durham,NC,27701,P&G
414,E000257,Robert,Martinez,1994-03-16,750-78-3838,robert.martinez257@example.com,9191 Williams St,Phoenix,AZ,85001,Johnson and Johnson
415,E000258,Elizabeth,WILLIAMS,1980-08-20,,elizabeth.williams258@example.com,8039 Williams St,Charlotte,NC,28202,FedEx
416,E000258,Elizabet,Williams,1980-08-20,,,8039 Williams St,Charlotte,NC,28202,Federal Express Corp
417,E000259,Rich,Rodriguez,1956-11-16,525-66-9006,richard.rodriguez259@example.com,2840 Johnson St,Denver,CO,80202,I.B.M.
418,E000259,Richard,Rodriguez,1992-11-16,,,2840 Johnson St,Denver,CO,80202,IBM
419,E000260,Linda,Jones,1975-04-18,395-31-8492,linda.jones260@example.com,9367 Lopez St,Raleigh,NC,27608,
420,E000261,Patricia,Martinez,1974-09-27,475-79-1681,,7331 Rodriguez St,Durham,NC,,Federal Express
421,E000262,Susan,JOHNSON,1978-01-15,369-54-2425,susan.johnson262@example.com,7293 Wilson St,Greensboro,NC,27401,General Electric
422,E000262,Susie,Johnson,1978-01-15,369-54-2425,,7293 Wilson St,Greensboro,NC,27401,General Electric
423,E000263,Linda,BROWN,1994-03-20,242-36-4390,linda.brown263@example.com,1072 Martinez St,Dallas,TX,75201,AT&T
424,E000264,WILLIAM,Martinez,1981-12-10,396-83-5390,william.martinez264@example.com,8528 Anderson St,Charlotte,NC,28202,
425,E000265,ROB,GONZALEZ,1947-05-28,,robert.gonzalez265@example.com,4190 Williams St,Phoenix,AZ,85001,AT&T
426,E000266,Linda,GONZALEZ,2002-03-19,747-44-7786,linda.gonzalez266@example.com,6246 Davis St,Phoenix,AZ,85001,
427,E000266,LINDA,GONZALEZ,2002-03-19,747-44-7786,,6246 Davis St,Phoenix,AZ,85001,General Electric
428,E000266,inda,GONZALEZ,2002-03-19,747-44-7786,,646 Davis St,Phoenix,AZ,85001,General Electric
429,E000267,John,,1987-08-16,,john.miller267@example.com,1626 Lopez St,Austin,TX,78701,Johnson & Johnson
430,E000268,Barbaa,Wison,1990-04-14,944-37-9105,barbara.wilson268@example.com,4499 Garcia St,Durham,NC,27701,
431,E000268,Barbara,WILSON,1990-04-14,944-37-9105,,,Durham,NC,27701,The Coca-Cola Company
432,E000268,Barbara,Wilson,1990-04-14,944-37-9105,barbara.wilson268@example.com,4499 Garcia St,Durham,NC,27701,Coca-Cola Co
433,E000269,Dave,RODRIGUEZ,2006-06-22,880-16-1752,,1731 Hernandez St,Charlotte,NC,28202,J&J
434,E000269,David,RODRIGUEZ,2002-06-22,880-16-1752,david.rodriguez269@example.com,1731 Hernandez St,Charlotte,NC,,
435,E000270,James,Johnson,,538-35-3161,james.johnson270@example.com,5045 Williams St,,NC,28202,The Coca-Cola Company
436,E000271,John,Hernandez,8972-02-12,780-93-3711,john.hernandez271@example.com,6965 Brown St,Dallas,TX,75201,Coca Cola
437,E000271,John,HERNANDEZ,1972-02-12,,,948 Miller St,Dallas,TX,75201,The Coca-Cola Company
438,E000272,Linda,Miller,1952-01-07,,linda.miller272@example.com,9826 Brown St,Durham,NC,27701,J&J
439,E000272,LINDA,Miller,1952-01-07,,linda.miller272@example.com,9826 Brown St,,NC,27801,Johnson and Johnson
440,E000272,Linda,MILLER,1952-01-07,528-19-3174,linda.miller272@example.com,9826 Brown t,Durham,NC,27701,Johnson and Johnson
441,E000272,,MILLER,,588-19-3174,,926 Brown St,Durham,NC,27701,Johnson and Johnson
442,E000273,JAMES,Smth,1955-07-63,235-71-2160,james.smith273@example.com,3851 Miller St,Dallas,TX,75201,G.E.
443,E000273,James,SMITH,1955-07-23,235-71-2160,james.smith273@example.com,3851 Miller St,Dallas,TX,75201,IBM
444,E000273,JIMMY,Smih,1955-07-23,235-71-2160,james.smith273@example.com,3851 Miller St,Dallas,TX,75201,G.E.
445,E000274,Paricia,JOHNSON,1987-05-05,491-27-3340,patricia.johnson274@example.com,1220 Rodriguez St,Dallas,TX,75201,International Business Machines
446,E000275,Jennifer,Davis,1967-11-24,255-62-8248,jennifer.davis275@example.com,3659 Johnson St,Dallas,TX,75201,General Electic
447,E000276,Robert,Gonzalez,1989-06-14,422-27-5059,robert.gonzalez276@example.com,463 Hernandez St,Durham,NC,27701,General Electric Co
448,E000277,LINDA,Rodrigue,1943-11-10,,linda.rodriguez277@example.com,190 Lopez St,Austin,TX,78701,Procter and Gamble
449,E000278,ELIZABETH,HERNANDEZ,1970-08-13,215-40-9185,elizabeth.hernandez278@example.com,9830 Johnson St,Raleigh,NC,27601,International Business Machines
450,E000279,BARBARA,Anderson,1956-07-28,919-82-7895,barbara.anderson279@example.com,6086 Rodriguez St,Dallas,TX,75201,Unitd Parcel Service
451,E000279,BARBARA,Anderson,1956-07-28,959-82-7895,barbara.anderson279@example.com,6086 Rodriguez St,Dallas,TX,75201,United Parcel Service
452,E000280,Jessica,GONZALEZ,1942-15-03,114-43-4534,,752 Anderson St,Durham,NC,27701,IBM
453,E000280,Jessica,Gonzalez,1942-10-03,,jessica.gonzalez280@example.com,752 Anderson St,Durham,NC,,International Business Machines
454,E000281,Richard,ODRIGUEZ,1993-07-23,511-20-9791,richard.rodriguez281@example.com,8908 Martinez St,Austin,TX,78701,U.P.S.
455,E000282,,Johnson,,927-29-9788,,5453 Miler St,Austin,TX,78701,GE
456,E000283,ELIZABETH,,,,elizabeth.lopez283@example.com,7528 Martinez St,Phoenix,AZ,85001,I.B.M.
457,E000283,ELIZABETH,Lopz,1970-01-08,,elizabeth.lopez283@example.com,7528 Martinez St,Phoenix,AZ,85007,International Business Machines
458,E000283,Elizabeth,Lopez,,,,7528 Martinez t,Phoenix,AZ,85001,International Business Machines
459,E000284,Elizabeth,MARTINEZ,,240-99-1185,elizabeth.hernandez284@example.com,2784 Davis St,Charlotte,NC,28202,ATT
460,E000285,BILLY,Williams,1956-12-25,994-44-2934,william.williams285@example.com,580 Garcia St,Dallas,TX,75201,P and G
461,E000286,Wiliam,Rodriguez,1973-15-19,742-19-9128,william.rodriguez289@example.com,7557 Rodriguez St,Durham,NC,27701,ATT
462,E000286,William,Rodriguez,1973-12-19,742-19-9128,william.rodriguez286@example.com,7557 Rodriguez St,Durham,NC,27701,American Telephone & Telegraph
463,E000287,Mary,DAVIS,1987-03-09,891-23-2889,,3842 Lopez St,Charlotte,NC,28202,IBM Corp
464,E000288,MARY,WILSON,1971-01-16,,,3032 Anderson St,Raleigh,NC,27601,International Business Machines
465,E000288,Mary,Wilson,1971-01-16,,mary.wilson288@example.com,3032 Anderson St,Raleigh,NC,27601,International Business Machines
466,E000289,Suie,Brown,1971-07-24,,susan.brown289@example.com,9464 Garcia St,Dallas,TX,75201,General Electric
467,E000290,MARY,Williams,1945-07-03,998-69-5625,mary.williams290@example.com,,Greensboro,NC,27401,General Electric
468,E000291,Joseph,SMITH,1965-05-19,903-48-4974,joseph.smith291@example.com,7700 Garcia St,Dallas,TX,75201,Johnsn & Johnson
469,E000292,Michael,Loez,1959-01-14,,,5775 Hernandez St,Greensboro,NC,27401,IBM Corp
470,E000292,MICHAL,Lopez,1959-01-14,124-39-9872,michael.lopez292@example.com,5775 Hernandez St,Greensboro,NC,27401,IBM
471,E000293,Dae,SMITH,1979-02-07,642-40-7878,david.smith293@example.com,816 Smith St,Phoenix,AZ,85001,UPS
472,E000294,William,Johnson,1969-09-14,817-17-8511,william.johnson294@example.com,1491 Martinez St,Raleigh,NC,27601,General Electric
473,E000295,Robert,Henandez,1949-10-19,163-65-3141,,3979 ones St,Phoenix,AZ,85001,The Coca-Cola Company
474,E000295,Bob,HERNANDEZ,1949-10-19,163-65-3141,robert.hernandez295@example.com,,Phoenix,AZ,85001,The Coca-Cola Company
475,E000295,Robert,Hernandez,1949-10-19,,robert.hernandez295@example.com,3979 Jones St,Phoenix,AZ,85001,The Coca-Cola Company
476,E000296,David,Anderson,1981-06-15,378-39-2223,david.anderson296@example.com,3421 Wiliams St,Phoenix,AZ,85001,Johnson and Johnson
477,E000297,ROBERT,Johnson,1997-08-11,516-25-9780,robert.johnson297@example.com,5970 Gonzalez St,Charlotte,NC,28202,FedEx
478,E000297,Robert,Johnson,1997-08-11,516-25-9780,,5970 Gonzalez St,Charlotte,NC,28202,FedEx
479,E000298,JOSEPH,JONES,1973-02-03,,,9984 Smit St,Denver,CO,80202,
480,E000299,David,Williams,1971-06-13,625-16-5896,david.williams299@example.com,4362 Wilson St,,NC,27701,United Parcel Service
481,E000300,James,Miller,1971-02-15,204-27-2989,james.miller300@example.com,295 Smith St,Denver,CO,80202,Federal Express
482,E000301,Robert,BROWN,1987-11-21,760-20-5240,robert.brown301@example.com,1328 Smith St,,AZ,85001,General Electric Co
483,E000301,Robert,BRON,1987-11-21,760-20-5240,robert.brown301@example.com,1328 Smith St,,AZ,85001,GE
484,E000301,ROBERT,BROWN,,760-20-5240,robert.brown301@example.com,1328 Smith St,Phoenix,AZ,85001,General Electric
485,E000301,ROBERT,Bron,1987-11-21,760-20-5240,robert.brown301@example.com,1328 Smith St,Phoenix,AZ,85001,General Electric
486,E000302,MICHAEL,Anderson,,949-52-3007,,799 Davis St,Denver,CO,80202,IB
487,E000303,Jennifer,Anderson,1990-08-01,491-77-7990,jennifer.anderson303@example.com,2931 Garcia St,Phoenix,AZ,85071,Federal Express
488,E000304,Jennifer,Jones,1997-03-02,728-89-5026,jennifer.jones304@example.com,4935 Davis St,Austin,TX,78701,Procter and Gamble
489,E000305,Jessica,Smith,1975-97-05,,jessica.smith305@example.com,,Durham,NC,27701,IBM Corp
490,E000305,Jessica,SMITH,1975-07-05,529-35-9614,jessica.smith305@example.com,4182 Hernandez St,Durham,NC,27701,International Business Machines
491,E000305,JESSICA,Smith,1975-07-45,529-35-9614,jessica.smith305@example.com,4182 Hernandez St,Durham,NC,27701,I.B.M.
492,E000306,Rich,Gonzalez,2001-08-26,596-59-9231,richard.gonzalez306@example.com,5369 Miller St,Dallas,TX,75201,
493,E000306,Richard,Gonzalez,2001-09-26,596-54-9231,richard.gonzalez306@example.com,5369 Miller St,Dallas,TX,75201,
494,E000306,Richard,Gonzalez,2001-09-26,,richard.gonzalez306@example.com,5369 Miller St,Dallas,TX,85201,Coca-Cola Co
495,E000306,Rick,GONZALEZ,2001-09-26,596-54-9231,richard.gonzalez706@example.com,5369 Miller St,Dallas,TX,75201,Coca Cola
496,E000307,Jennifer,Smith,1968-01-26,897-45-1959,jennifer.smith307@example.com,7828 odriguez St,Dallas,TX,75201,A T and T
497,E000308,Linda,WILLIAMS,1971-11-08,372-78-1916,linda.williams308@example.com,3694 Martinez St,Durham,NC,27701,Procter & Gamble
498,E000308,Linda,WILLIAMS,1971-11-08,,linda.williams308@example.com,3694 Martnez St,Durham,NC,27701,P and G
499,E000309,BARBARA,Anderson,1962-04-19,425-99-6878,barbara.anderson309@example.com,9792 Smith St,Charlotte,NC,28202,AT
500,E000309,Barbara,ANDERSON,1962-04-19,425-99-6878,barbara.anderson309@example.com,9792 Smith St,Charlotte,NC,28202,American Telephone & Telegraph
501,E000310,Robert,Martinez,2003-09-10,279-72-1621,robert.martinez310@example.com,1578 Smith St,Greensboro,NC,27401,Federal Express
502,E000311,LINDA,SMITH,1940-06-20,306-26-6582,linda.smith311@example.com,3007 Anderson St,Denver,CO,80202,
503,E000311,,Smith,1940-06-20,306-26-6582,linda.smith311@example.com,7129 Dvis St,Denver,CO,,American Telephone & Telegraph
504,E000312,Mary,Smith,,638-56-2188,mary.smith312@example.com,6220 Lopez St,Charlotte,NC,28202,
505,E000313,Patricia,Garcia,1981-03-06,849-65-8982,patricia.garcia313@example.com,5298 Williams St,Austin,TX,78601,American Telephone & Telegraph
506,E000314,Linda,Hernandez,1988-05-24,805-47-3086,linda.hernandez314@example.com,301 Lopez St,Charlotte,NC,28202,International Business Machines
507,E000315,Rick,WISON,1963-10-11,928-88-4619,,9365 Johnson St,Raleigh,NC,27601,Johnson &Johnson
508,E000315,Richard,Wilson,1963-10-11,,richard.wilson315@example.com,9365 Johnson St,Raleigh,NC,27661,Johnson and Johnson
509,E000316,Robert,Garcia,1970-06-11,271-91-2453,robert.garcia316@example.com,,Durham,NC,27801,International Business Machines
510,E000316,Robert,Garcia,1970-06-17,,robert.garcia316@example.com,5600 Davis St,Durham,NC,27701,International Business Machines
511,E000317,Wll,Brown,1948-06-09,905-23-1020,william.brown317@example.com,888 Miller St,Greensboro,NC,27451,Johnson & Johnson
512,E000317,William,Brown,1948-06-09,905-23-1020,william.brown310@example.com,888 Miller St,Greensboro,NC,27401,J&
513,E000318,Susan,Williams,2003-07-12,659-58-2661,susan.williams318@example.com,7955 Gonzalez St,Phoenix,AZ,85001,Federal Express
514,E000318,Susan,Wiliams,2003-07-14,659-58-2661,susan.williams318@example.com,7955 Gonzalez St,Phoenix,AZ,85001,Federal Express
515,E000319,Jennifer,Davis,1944-05-01,,jennifer.davis319@example.com,131 Garcia St,Durham,NC,27701,U.P.S.
516,E000320,,WILLIAMS,1950-06-20,728-71-1507,richard.williams320@example.com,7166 Hernandez St,Durham,NC,27701,United Parcel Service
517,E000320,Rck,Williams,1951-06-20,728-71-1507,richard.williams320@example.com,7166 Hernandez St,Durham,NC,27701,
518,E000320,Ricard,Williams,1951-06-20,728-71-1507,,7166 Hernandez St,Durham,NC,27701,UPS
519,E000321,Susan,Williams,1952-06-07,,,4446 Hernandez St,Raleigh,NC,,Coca Cola
520,E000322,Elizabeth,Brown,1946-07-19,662-52-3516,elizabeth.brown325@example.com,,Durham,NC,,International Business Machines
521,E000323,Susan,Johnson,2001-04-04,126-36-3798,susan.johnson323@example.com,4881 Johnson St,Austin,TX,78701,Johnson & Johnson
522,E000324,Patrica,Jones,2000-08-22,371-21-9914,patricia.jones324@example.com,6449 Williams St,Phoenix,AZ,85001,American Telephone and Telegraph
523,E000325,RICHARD,Wilson,1997-01-09,,richard.garcia325@example.com,3806 Wilson St,Charlotte,NC,28202,Coke
524,E000325,Richard,Garcia,1997-01-09,550-69-5315,,3806 Wilson St,Charlotte,NC,28202,The Coca-Cola Company
525,E000325,Richard,GARCIA,1997-01-09,550-69-5315,richard.garcia325@example.com,3806 Wilson St,Charlotte,,28202,Coke
526,E000325,Richard,Garcia,1997-01-09,,,3806 Wilson St,Charlotte,NC,28202,The Coca-Cola Company
527,E000326,Mary,Williams,,927-79-7782,mary.williams306@example.com,9762 Brown St,Durham,NC,27701,International Business Machines
528,E000327,Richard,WILSON,2000-10-08,587-48-2293,,568 Anderson St,Phoenix,AZ,85001,IBM Corp
529,E000327,Richard,Wilson,,587-48-2293,richard.wilson327@example.com,6568 Anderson St,Phoenix,AZ,85001,International Business Machines
530,E000328,Robert,Johnson,1962-03-07,927-34-3067,robert.johnson328@example.com,799 Miller St,Denver,CO,80202,GE
531,E000328,Robert,JOHNSON,1962-03-07,927-34-3067,,,Denver,CO,80202,General Electric
532,E000329,Susan,Brown,1973-06-24,,susan.brown329@example.com,6458 Rodriguez St,Charlotte,NC,75201,Procter and Gambe
533,E000329,SUSAN,Brown,1973-06-24,926-18-2425,susan.brown329@example.com,,Charlotte,NC,28202,Procter & Gamble
534,E000330,,WILSON,1998-01-26,816-89-9561,,6613 Williams St,Austin,TX,78701,Procter & Gamble
535,E000331,Robert,WILLIAMS,1995-02-26,,robert.williams331@example.com,5733 Anderson St,Durham,NC,27701,
536,E000332,Bill,Miller,2000-01-06,,william.miller332@example.com,6681 Smith St,Denver,CO,80202,Procter and Gamble
537,E000333,Dave,Lopez,1946-12-16,375-57-1333,,5635 Wilson St,Greensboro,NC,27411,The Coca-Cola Company
538,E000333,David,Lopez,1946-12-16,375-57-0331,david.lopez333@example.com,5635 Wilson St,Greensboro,NC,27701,G.E.
539,E000333,David,LOPEZ,1946-12-16,,david.lopez333@example.com,5635 Wilson St,Greensboro,NC,27401,The Coca-Cola Company
540,E000333,Dav,Lopez,1946-12-16,,david.lopez333@example.com,5635 Wilson St,Greensboro,NC,27402,Coca-Cola Co
541,E000334,ELIZABTH,Jones,1952-04-05,407-66-6257,elizabeth.jones334@example.com,4514 Lopez St,Denver,CO,80202,Procter and Gamble
542,E000335,John,Brown,1967-07-24,596-76-7126,,1020 Rodriguez St,Denver,CO,80202,
543,E000335,JON,Brown,1927-07-24,,john.brown335@example.com,,Denver,CO,80202,United Parcel Service
544,E000336,John,Jons,1957-09-19,129-32-4158,john.jones336@example.com,3388 Wison St,Phoenix,AZ,85001,International Business Machines
545,E000336,John,Jones,1957-09-19,,,3388 Wison St,Phoenix,AZ,85001,International Business Machines
546,E000337,LIND,Smith,1946-06-23,300-45-7035,linda.smith337@example.com,7705 Rodriguez St,Denver,CO,,Procter & Gamble
547,E000337,Linda,Smith,1946-06-23,303-45-7035,linda.smith337@example.com,,Denver,CO,80202,Procter and Gamble
548,E000338,Patricia,Hernandez,1970-06-16,708-67-3909,,7875 Martinez St,Raleigh,NC,27601,American Telephone and Telegraph
549,E000338,Patricia,HERNANDEZ,1970-06-16,,patricia.hernandez338@example.com,7875 Martinez St,Raleigh,NC,27601,American Telephone and Teegraph
550,E000338,Patricia,Hernandez,1970-06-16,708-67-3909,patricia.hernandez338@example.com,7875 Martinez St,Raleigh,NC,27601,ATT
551,E000338,Patricia,Hernandez,1970-06-16,708-67-3909,,7875 Martiez St,Raleigh,NC,27601,American Telephone and Telegraph
552,E000339,BARBARA,Williams,1951-05-01,495-16-3669,barbara.williams339@example.com,9475 Gonzalez St,Austin,TX,78701,Federal Express Corp
553,E000339,Barbara,Williams,1951-05-01,495-16-3669,barbara.williams339@example.com,9475 Gonzalez St,Austin,TX,78701,
554,E000339,Barbara,WILLIAMS,,,,9475 Gonzalez St,Austin,TX,78701,Federal Express
555,E000340,Linda,Hernandez,1966-05-21,519-75-1328,,245 Davis St,Greensboro,NC,27401,United Parcel Service
556,E000340,Linda,Hernandez,1966-05-21,519-75-1328,linda.hernandez340@example.com,245 Davis St,Greensboro,NC,27401,UPS
557,E000341,Je,MARTINEZ,1968-05-20,924-49-5511,jennifer.martinez341@example.com,7043 Anderson St,Raleigh,NC,27601,Procter & Gamble
558,E000341,Jennifer,Martinez,1968-05-20,924-49-5511,jennifer.martinez346@example.com,7043 Anderson St,Raleigh,NC,27601,Procter and Gamble
559,E000342,Barbara,Davis,1967-08-10,,barbara.davis342@example.com,9676 Johnson St,,TX,78701,International Business Machines
560,E000343,Barbara,Rodriguez,1978-11-04,593-18-6509,barbara.rodriguez343@example.com,4629 Hernandez St,Austin,TX,78701,ATT
561,E000344,William,ones,1964-03-17,883-40-1930,william.jones344@example.com,,Austin,TX,,American Telephone and Telegraph
562,E000345,Robert,LOPEZ,2003-05-09,528-61-7361,robert.lopez345@example.com,678 Martinez St,Raleigh,NC,27601,Federal Express Corp
563,E000346,DAVID,LOEZ,0000-11-12,,,9246 Williams St,Greensboro,NC,27401,
564,E000347,Patricia,DAVIS,1973-11-26,672-33-6499,patricia.davis367@example.com,1563 Brown St,Charlotte,NC,28202,
565,E000348,LINDA,LOPZ,,366-84-5817,linda.lopez348@example.com,7698 Wilson St,Austin,TX,78701,General Electric Co
566,E000348,LINDA,Lopez,1993-06-12,,linda.lopez348@example.com,7698 Wilson St,Austin,TX,,General Electric
567,E000348,Linda,Lopez,1993-06-12,366-84-5817,linda.lopez348@example.com,7698 Wilson St,Austin,TX,78701,G.E.
568,E000348,Linda,Lopez,1993-06-12,366-84-5817,,7698 Wilson St,Austin,TX,78701,General Electric
569,E000349,Jessica,SMITH,2000-04-17,222-97-7253,,8780 Jones St,Durham,NC,27701,Procter and Gamble
570,E000350,MARY,Wilson,1957-04-11,519-82-8496,mary.wilson350@example.com,2446 Garcia St,Charlotte,NC,28202,UPS Inc
571,E000350,Mary,Wilson,1557-04-11,519-82-8496,mary.wilson350@example.com,2446 Garcia St,Charlotte,NC,,
572,E000351,JOHN,avis,1962-06-21,159-10-8406,,4581 Brown St,Dallas,TX,75201,United Parcel Service
573,E000351,John,Davis,1962-06-21,159-10-8406,john.davis351@example.com,4581 Brown St,Dallas,TX,75201,UPS Inc
574,E000352,Jennifer,Davis,1956-10-14,748-64-7603,jennifer.davis352@example.com,7129 Dvis St,Durham,NC,27731,P and 
575,E000352,JENNY,Davis,1956-10-14,748-64-7609,jennifer.davis352@example.com,7129 Davis St,Durham,NC,27701,Procter & Gamble
576,E000353,James,MITH,1987-01-11,,james.smith353@example.com,393 Hernandez St,Greensboro,NC,27401,
577,E000354,LINDA,Brown,1979-03-04,492-74-6015,linda.brown354@example.com,,Dallas,TX,75201,IBM Corp
578,E000354,LINDA,Brown,1979-03-04,,,2836 Johnson St,Dallas,TX,,International Business Machins
579,E000354,LINDA,Brown,1979-03-04,,linda.brown354@example.com,2836 Johnson St,Dallas,TX,75201,IM Corp
580,E000354,Linda,Brown,1979-03-04,,linda.brown354@example.com,2836 Johnso St,Dallas,TX,80202,IBM
581,E000355,Beth,JONES,1983-07-22,237-53-9091,elizabeth.jones355@example.com,5985 Gonzalez St,Denver,CO,80202,Fderal Express
582,E000356,Jennifer,Anderson,1942-04-08,,jennifer.anderson356@example.com,459 Martinez St,Phoenix,AZ,85001,
583,E000356,JEN,Anderson,1942-04-88,844-26-4460,jennifer.anderson356@example.com,459 Martinez St,Phoenix,AZ,,United Parcel Service
584,E000357,Patricia,GARCIA,1988-11-09,889-78-1796,patricia.garcia357@example.com,980 Smith St,Raleigh,NC,27601,General Electric
585,E000358,Jimm,Smith,1993-08-13,226-80-5140,,7872 Lopez St,Durham,NC,27701,United Parcel Service
586,E000358,,Smith,1993-08-13,226-80-5140,james.smith358@example.com,7872 Lopz St,,NC,27701,United Parcel Service
587,E000359,Michael,Lopez,1978-07-22,203-94-9524,michael.lopez359@example.com,4523 Martinez St,Raleigh,NC,27601,United Parcel Service
588,E000360,SUE,Wilson,1955-05-04,903-23-9154,susan.wilson360@example.com,3354 Martinez St,Durham,NC,27701,Federal Express
589,E000360,Susn,Wilson,1955-05-04,903-23-9154,,,Durham,NC,27701,FeEx
590,E000360,Susan,Wilson,,903-23-9154,susan.wilson360@example.com,,Durham,NC,27701,Federal Express
591,E000360,Susan,Wilson,1955-05-04,903-23-9154,susan.wilson360@example.com,3354 Martinez St,Durham,NC,27701,Federal Express
592,E000361,WILLIAM,WILSON,1985-12-14,402-30-1645,william.wilson361@example.com,9080 Davis St,Greensboro,NC,27401,Fd Ex
593,E000362,Jessica,GARCIA,1940-01-22,,,2543 Johnson St,Greensboro,NC,27401,G.E.
594,E000362,Jessica,Garcia,1940-01-22,,jessica.garcia362@example.com,,Greensboro,NC,27401,
595,E000363,Paticia,Anderson,1969-08-10,,patricia.anderson363@example.com,1735 Wilson St,Austin,TX,78701,U.P.S
596,E000364,Mary,Wilson,1986-11-11,536-24-2556,mary.wilson364@example.com,851 Smith St,Austin,TX,78701,
597,E000365,Jennifer,Garcia,1996-10-09,999-21-7105,jennifer.garcia365@example.com,5715 Williams St,Dallas,TX,75201,General Electric
598,E000366,Dick,Miller,1974-07-23,971-71-7909,richard.miller366@example.com,2832 Johnson St,Denver,CO,80202,Fed Ex
599,E000366,Rchard,Miller,1974-07-23,979-71-7909,richard.miller366@example.com,2832 Johnson St,Denver,CO,80202,US Inc
600,E000367,Mary,WILSON,1953-07-19,594-82-8173,mary.wilson367@example.com,3069 Martiez St,Charlotte,NC,28202,Procter & Gamble
601,E000368,BARBARA,MARTINEZ,1976-08-16,,barbara.martinez368@example.com,853 Johnson St,Raleigh,NC,27601,Coke
602,E000369,DAVID,Smith,1983-09-27,804-99-2560,david.smith369@example.com,7191 Hernandez St,Greensboro,NC,27401,Federal Express
603,E000370,Jessica,Garcia,1959-09-20,155-11-3571,,8383 Wilson St,Phoenix,AZ,,Johnson & Johnson
604,E000370,Jessica,Garcia,1959-09-20,155-11-3571,,8383 Wilson St,Phoenix,AZ,,Johnson & Johnson
605,E000371,Jessica,Wilson,1949-08-11,346-52-5557,jessica.wilson371@example.com,924 Rodriguez St,Charlotte,NC,28202,Federal Express Corp
606,E000371,,Wilson,1949-08-11,346-52-5557,jessica.wilson371@example.com,924 Rodriguez St,Charlotte,NC,28202,Federal Express
607,E000372,Richard,Miller,1950-08-15,920-83-8341,richard.miller372@example.com,1542 Wilson St,Greensboro,NC,,Johnson and Johnson
608,E000372,Richrd,Miller,1950-08-15,920-83-8341,,1542 Wilson St,Greensboro,NC,27401,Johnson and Johnon
609,E000373,Joseph,arcia,,118-23-7609,joseph.garcia373@example.com,6855 Smith St,Durham,NC,27701,BM Corp
610,E000373,Joey,Garcia,2003-12-21,,joseph.garcia313@example.com,6855 Smith St,Durham,NC,27701,IBM Corp
611,E000374,Joh,Gonzalez,1966-11-22,,,989 Wilson St,Austin,TX,78701,Federal Expess Corp
612,E000375,Joey,Garcia,1986-12-15,,joseph.garcia375@example.com,135 Garcia St,Denver,CO,80202,American Telephone and Telegraph
613,E000376,,RODRIGUEZ,1953-01-06,604-27-7704,elizabeth.rodriguez376@example.com,1852 Jones St,Dallas,TX,75201,FedEx
614,E000376,ELIABETH,Rodriguez,,604-27-7704,,1852 Joes St,Dallas,TX,75201,Federal Express
615,E000376,Betty,Rodriguez,0953-01-06,604-27-7704,elizabeth.rodriguez376@example.com,1852 Jones St,Dallas,TX,75201,Federal Express
616,E000377,Michael,Johnson,1967-08-27,900-34-6536,michael.johnson377@example.com,1865 Gonzalez St,Phoenix,AZ,85001,Procter & Gmble
617,E000378,Mary,Anderson,1997-08-22,,mary.anderson378@example.com,,Durham,NC,27701,I.B.M.
618,E000379,Susie,WILSON,1962-12-29,277-26-2696,susan.wilson379@example.com,6447 Hernandez St,Denver,CO,80202,ATT
619,E000380,RCHARD,MILLER,1975-07-11,401-67-3185,richard.miller380@example.com,2363 Miller St,Greensboro,NC,27401,The Coca-Cola Company
620,E000381,David,Lopez,1965-04-20,,,2273 Lopez St,Greensboro,NC,,U.P.S.
621,E000382,,Loez,1985-09-16,,david.lopez382@example.com,,Durham,NC,78701,Procter & Gamble
622,E000383,AMES,RODIGUEZ,1943-07-05,,james.rodriguez383@example.com,3375 Jons St,Durham,NC,27701,
623,E000383,James,RODRIGUEZ,1943-07-05,154-95-1927,james.rodriguez383@example.com,3375 Jones St,Durham,NC,27701,UPS
624,E000384,Elizabeth,HERNANDEZ,1958-01-23,,elizabeth.hernandez384@example.com,,Austin,TX,78701,American Telephone and Telegraph
625,E000384,ELIZABETH,Hernandez,1958-01-23,,elizabeth.hernandez384@example.com,8966 Smith t,Austin,TX,78701,American Telephone and Telegraph
626,E000384,Elizabeth,Hernandez,1958-01-23,903-47-4342,elizabeth.hernandez384@example.com,8966 Smith St,Austin,TX,78701,ATT
627,E000384,Betty,Hernandez,1958-01-23,903-47-4342,,8966 Smith St,Austin,TX,78701,AT&T
628,E000385,Joe,Johnson,1989-04-17,903-99-5712,joseph.johnson385@example.com,869 Anderson t,Greensboro,NC,27401,Procter and Gamble
629,E000386,RICHARD,Miller,1946-01-24,357-35-8259,richard.miller386@example.com,3795 Anderson St,Dallas,TX,25201,A T and T
630,E000387,Michael,Gonzalez,1977-08-06,799-19-4063,michael.gonzalez387@example.com,2947 Lopez St,Greensboro,NC,27401,
631,E000387,Michael,Gonzalez,1977-08-06,799-19-4063,michael.gonzalez387@example.com,2947 Lopez St,Greensboro,NC,27401,General Electric
632,E000388,Ricard,Smith,1975-09-09,233-30-5178,richard.smith388@example.com,192 Garcia St,Phoenix,AZ,85001,Johnson and Johnson
633,E000389,Robert,Smith,1981-10-02,892-90-5934,robert.smith389@example.com,,Charlotte,NC,28202,American Telephone and Telegraph
634,E000389,Robert,Smith,1981-10-02,892-90-5934,robert.smith489@example.com,837 Gonzalez St,Charlotte,NC,28202,AT&T
635,E000390,John,Gonzalez,1968-03-17,169-74-3611,john.gonzalez390@example.com,914 Rodriguez St,Dallas,TX,75201,Procter and Gamble
636,E000390,John,GONZALEZ,,169-74-3611,john.gonzalez390@example.com,6914 Rodriguez St,Dallas,TX,75201,
637,E000390,Jhn,Gonzalez,1968-03-17,169-74-3611,john.gonzalez390@example.com,6914 Rodriguez St,Dallas,TX,,P&G
638,E000391,Joh,Garcia,1967-11-11,,john.garcia391@example.com,3679 Gonzalez St,Greensboro,NC,27701,Johnson & Johnson
639,E000391,Jhn,Garcia,1967-11-11,439-56-5809,john.garcia391@example.com,3679 Gonzalez St,Greensboro,NC,27401,J and J
640,E000392,Jimmy,Johnson,,728-89-4994,james.johnson392@example.com,753 Hernandez St,Dallas,TX,75201,American Telephone & Telegraph
641,E000393,Dick,Anderson,1989-05-18,,,8568 Wilson St,Durham,NC,27701,AT&T
642,E000393,Richard,Anderon,,841-46-1404,richard.anderson393@example.com,8568 Wilson St,Durham,NC,27701,
643,E000394,Joey,Dvis,1977-11-07,428-75-2349,joseph.davis394@example.com,1672 Williams St,Raleigh,NC,27601,IBM
644,E000395,JON,Brwn,1994-02-07,650-99-8130,john.brown395@example.com,1281 Lopez St,Greensboro,NC,27401,US
645,E000396,,Davs,1944-02-03,155-42-5127,james.davis396@example.com,9243 Johnson St,Dallas,TX,,FedEx
646,E000397,William,Mille,1997-11-13,543-80-1276,william.miller397@example.com,,Phoenix,AZ,85001,
647,E000397,Bll,Millr,1997-11-83,,william.miller397@example.com,641 Hernandez St,Phoenix,AZ,85001,General Electric
648,E000398,IM,HERNANDEZ,1645-12-28,,james.hernandez398@example.com,,Durham,NC,27701,oke
649,E000398,Jaes,Hernandez,1945-12-28,174-55-9238,james.hernandez398@example.com,1838 Jones St,Durham,NC,27701,The Coca-Cola Company
650,E000399,Joh,Johson,1988-07-27,776-13-8765,john.jones399@example.com,2661 Rodriguez St,Denver,CO,80202,Federal Express
651,E000400,ROBERT,LOPEZ,1977-11-05,405-96-7113,,,Phoenix,AZ,85001,United Parcel Service
652,E000400,Robert,Lopez,1977-11-05,,robert.lopez400@example.com,282 Rodrguez St,Phoenix,AZ,85001,UPS
653,E000400,Bob,Lopez,1977-19-05,,,282 odriguez St,Phoenix,AZ,85001,United Parcel Serice
654,E000400,Robert,Lopez,1977-11-05,405-96-7113,robert.lopez400@example.com,282 Rodriguez St,Phoenix,AZ,85001,U.P.S.
655,E000401,Patricia,Smith,1990-09-18,187-49-4441,patricia.smith401@example.com,5733 Brown St,Raleigh,NC,27601,P&G
656,E000402,ROBERT,HERNANDEZ,1968-10-27,358-34-2877,,3071 Hernandez St,Charlotte,NC,28202,IBM
657,E000403,Joseph,Hernandez,1977-11-03,356-22-4234,joseph.hernandez403@example.com,9612 Davi St,Durham,NC,27701,
658,E000404,Barbara,Williams,1952-05-20,171-34-6206,barbara.williams404@example.com,8060 Davis St,Greensboro,NC,27401,A T and T
659,E000404,Barbara,WILLIAMS,1952-05-20,171-34-6206,,8060 Davis St,Greensboro,NC,27401,American Telephone and Telegraph
660,E000405,BETTY,LOPEZ,1986-06-14,272-10-6131,elizabeth.lopez405@example.com,,Charlotte,NC,28202,Federal Express
661,E000405,Elizabeth,LOPEZ,1986-06-14,272-10-6131,elizabeth.lopez405@example.com,4133 Gonzalez St,Charlotte,NC,28202,FdEx
662,E000406,Susie,JONES,1947-11-24,,,7396 Garcia St,Dallas,TX,75201,The Coca-Cola Company
663,E000407,Jessica,RODRIGUEZ,1962-11-20,,jessica.rodriguez407@example.com,8924 Brown St,Durham,NC,27701,Coca-Cola Co
664,E000408,Joh,Lopez,1942-09-21,,john.lopez408@example.com,9767 Brown St,Durham,NC,27701,International Business Machines
665,E000409,WILLIAM,RODRIGUEZ,1959-06-13,328-85-5767,william.rodriguez409@example.com,,Denver,CO,80202,General Electric
666,E000409,William,RODRIGUEZ,1959-06-13,,william.rodriguez409@example.com,2293 Davis St,Denver,CO,80202,
667,E000410,RICHARD,Garcia,1970-10-22,,richard.garcia410@example.com,7410 Williams St,Raleigh,NC,,United Parcel Service
668,E000411,ROBERT,LOEZ,1985-02-08,879-72-4796,robert.lopez411@example.com,7732 Hernandez St,Denver,CO,80202,ATT
669,E000412,LINDA,Smith,1986-07-16,,linda.smith412@example.com,,Greensboro,NC,27401,Coke
670,E000412,Linda,Smith,1986-07-16,575-15-1653,linda.smith412@example.com,,Greensboro,NC,27401,Coc Cola
671,E000413,William,Martinez,1988-11-13,,william.martinez413@example.com,8565 Jones St,Charlotte,NC,85001,Procter & Gamble
672,E000413,William,Martinez,1988-11-13,474-85-6275,william.martinez413@example.com,8565 Jones St,Charlotte,NC,28202,P and G
673,E000414,Linda,Rodriguez,1985-06-16,911-71-1108,linda.rodriguez414@example.com,8322 Anderson St,Phoenix,AZ,85001,U.P.S.
674,E000415,Joseph,WILLIAS,1949-09-21,327-37-3461,joseph.williams415@example.com,3162 Wlliams St,,NC,27401,American Telephone and Telegraph
675,E000416,Paticia,Herandez,1993-06-24,216-71-8844,patricia.hernandez416@example.com,7948 Brown St,Greensboro,NC,27401,U.P.S.
676,E000417,Ssan,Smith,1945-03-19,,susan.smith417@example.com,8499 Smith St,Greensboro,NC,27401,United Parcel Service
677,E000418,Mary,Williams,1963-09-13,,mary.williams418@example.com,4744 Johnson St,Austin,TX,78701,Federal Express
678,E000418,Mar,Williams,1963-09-13,713-82-1305,mary.williams418@example.com,,Austin,TX,78001,Fed Ex
679,E000419,Joseph,Martinez,2001-03-08,,joseph.martinez419@example.com,9646 Wilson St,Denver,CO,80202,U.P..
680,E000420,William,Williams,1998-10-19,170-39-7196,william.williams420@example.com,641 Williams St,Dallas,TX,75201,G..
681,E000420,Willim,WILLIAMS,1998-10-19,170-39-7196,william.williams420@example.com,6415 Williams St,Dallas,TX,75201,General Electric
682,E000421,JIM,Brown,1959-10-04,281-70-1639,james.brown421@example.com,8806 Rodriguez St,Phoenix,AZ,85001,G.E.
683,E000421,Jim,Brown,1959-10-04,,james.brown421@example.com,8806 Rodriguez St,Phoenix,AZ,27801,General Electric
684,E000422,John,Davis,1940-11-21,,john.davis422@example.com,6168 Wilon St,Charlotte,NC,28202,International Business Machines
685,E000423,SUSAN,Brown,1988-16-19,923-99-2600,susan.brown423@example.com,7071 Williams St,Denver,CO,80202,Coca Cola
686,E000423,Sue,Bown,,923-99-2600,susan.brown423@example.com,7071 Williams St,Denver,CO,80202,The Coca-Cola Company
687,E000423,usan,Brown,1988-06-19,923-99-2600,,7071 Williams St,Denver,CO,80202,The Coca-Cola Company
688,E000424,essica,Gonzalez,,997-79-7695,jessica.gonzalez424@example.com,4323 Brown St,Greensboro,NC,27401,International Business Machines
689,E000425,Jaes,Martinez,,310-98-6175,james.martinez425@example.com,6798 Garcia St,,NC,27701,General Electric
690,E000425,Jim,Martinez,1940-07-21,310-98-6175,james.martinez425@example.com,6798 Garcia St,Durham,NC,27701,E
691,E000425,James,Martinez,1940-07-21,310-98-6175,,6798 Garcia St,Durham,NC,27701,General Electric
692,E000426,Robert,Miller,1973-09-14,678-56-5514,robert.miller426@example.com,,Austin,TX,,Federal Express
693,E000427,Susan,Rodriguez,1862-06-18,668-71-5157,susan.rodriguez427@example.com,5124 Martinez St,Denver,CO,80202,A T and T
694,E000428,Richard,Lopez,1955-12-08,552-99-3650,richard.lopez128@example.com,1742 Brown St,Charlotte,,28202,rocter and Gamble
695,E000429,,Gonzalez,1960-07-21,105-21-3381,david.gonzalez429@example.com,7827 Anderson St,Raleigh,NC,27601,Procter and Gamble
696,E000430,John,JOHNSON,1968-06-03,,john.johnson430@example.com,6664 Martinez St,Austin,TX,78701,The Coca-Cola Company
697,E000431,Mary,Gonzalez,2003-08-01,306-94-9489,mary.gonzalez431@example.com,4785 Brown St,Charlotte,NC,28202,I.B.M.
698,E000432,Lina,Martinez,1944-06-08,770-10-3579,,1522 Jones St,Charlotte,NC,28202,Procter & Gamble
699,E000433,Barbara,Hernandez,1991-10-07,630-11-2124,,1577 Rodriguez St,Phoenix,AZ,85001,Coke
700,E000433,Barbara,Hernandez,1991-10-07,630-11-2124,barbara.hernandez433@example.com,,Phoenix,AZ,85001,Coca Cola
701,E000434,Barbara,GARCIA,1968-10-07,565-61-1076,barbara.garcia434@example.com,4377 Williams St,Austin,TX,78701,Procter and Gamble
702,E000435,PATRICIA,Rodriuez,1977-06-04,922-75-5222,patricia.rodriguez435@example.com,8913 Wilson St,Durham,NC,,Cok
703,E000435,Patricia,RODRIGUEZ,1977-06-04,922-75-5222,patricia.rodriguez435@example.com,8913 Wilsn St,Durham,NC,27701,The Coca-Cola Company
704,E000435,Ptricia,Rodriguez,1977-06-04,922-75-5222,patricia.rodriguez435@example.com,8913 Wilson St,Durham,NC,27701,The Coca-Cola Company
705,E000435,Patricia,Rodriguez,1977-06-04,,patricia.rodriguez435@example.com,8913 Wilon St,Durham,NC,27701,Coca Cola
706,E000436,Joe,Miller,1971-06-25,569-97-8548,joseph.miller436@example.com,9714 Wilson St,Denver,CO,,International Business Machines
707,E000436,Joseph,MILLER,1971-06-25,,,,Denver,CO,80202,International Business Machines
708,E000437,JESSICA,ohnson,1948-07-21,907-38-4767,jessica.johnson437@example.com,5272 Miller St,Austin,TX,78701,American Telephone and Telegraph
709,E000438,James,Lopez,1971-05-03,508-96-6603,james.lopez438@example.com,1345 Rodriguez St,,TX,78701,United Parcel Service
710,E000439,Jessica,Garcia,1967-10-09,,jessica.garcia439@example.com,8275 Lopez St,Dallas,TX,75201,Federal Express Corp
711,E000440,Linda,Lopez,1973-04-08,307-41-6833,linda.lopez440@example.com,2655 Gonzalez St,Greensboro,NC,27401,
712,E000441,PATRICIA,Anderson,2703-10-01,882-79-1692,patricia.anderson441@example.com,8001 Garia St,Durham,NC,27701,A T and T
713,E000442,JESSICA,Anderson,2002-03-25,623-45-7518,jessica.anderson442@example.com,3738 Gonzalez St,Austin,TX,78701,UPS Inc
714,E000442,JESSICA,ANDERSON,,623-45-7548,,3738 Gonzalez St,Austin,TX,78701,United Parcel Service
715,E000443,Mary,Rodriguez,1970-02-18,614-54-7450,mary.rodriguez443@example.com,2963 Davis St,Phoenix,AZ,85001,General Electric
716,E000443,Mary,RODRIGUEZ,2001-09-02,614-54-7450,,2963 Davis St,Phoenix,AZ,85001,GE
717,E000444,Joseph,Garcia,1941-11-07,488-84-2650,joseph.garcia444@example.com,5431 Garcia St,Raleigh,NC,27601,Coca-Cola Co
718,E000445,Jennifer,MILLER,1970-05-16,,jennifer.rodriguez445@example.com,3113 Davi St,Austin,TX,78701,Procter and Gamble
719,E000445,JENNIFER,Rodriguez,1970-05-16,727-53-6995,,3113 Davis St,Austin,TX,,Procter and Gamble
720,E000446,Mikey,Miller,1986-07-09,561-33-3148,michael.miller446@example.com,,Dallas,TX,75208,FedEx
721,E000447,PATRICIA,Lopez,1970-09-14,976-58-4212,patricia.lopez447@example.com,2489 Gonzalez St,Austin,TX,27601,
722,E000448,JESSICA,Gonzalez,,237-90-9470,jessica.gonzalez448@example.com,8848 Lopez St,Raleigh,NC,27601,A T and T
723,E000448,Jessica,Gonzalez,,237-90-9470,jessica.gonzalez448@example.com,8848 Lopez St,Raleigh,NC,27601,A T and T
724,E000449,Jessic,Jones,1946-07-04,807-30-1983,jessica.jones449@example.com,,Austin,TX,78701,Coke
725,E000450,JESSICA,ilson,1997-12-11,366-56-6903,jessica.wilson450@example.com,9280 Rodriguez St,Durham,NC,27701,The Coca-Cola Company
726,E000451,arbara,Smith,1955-06-28,795-87-4259,,,Phoenix,AZ,85001,UPS
727,E000452,Elizabeth,Garcia,,180-58-5694,elizabeth.garcia452@example.com,7698 Hernandez St,Dallas,TX,75201,
728,E000452,ELIABETH,Garcia,2002-12-15,180-58-5694,elizabeth.garcia452@example.com,7698 Hernandez St,Dallas,TX,75701,UPS
729,E000453,JENNIFER,Hernandez,1993-11-20,685-61-2168,jennifer.hernandez453@example.com,1396 Williams S,Dallas,TX,75201,American Telephone and Telegraph
730,E000453,JENNIFER,Hernandez,1993-11-20,,jennifer.hernandez454@example.com,1396 Williams St,Dallas,TX,,American Telephone and Telegraph
731,E000453,JENNIFER,Hernandez,1993-11-20,685-61-2168,jennifer.hernandez453@example.com,1396 Wlliams St,Dallas,TX,75201,American Telephone and Telegraph
732,E000453,Jn,Hernandez,1993-11-20,685-61-2168,jennifer.hernandez453@example.com,1396 Williams St,Dallas,TX,73201,American Telephone and Telegraph
733,E000454,Linda,Garcia,1977-12-09,719-92-7479,linda.garcia454@example.com,4544 Anderson St,Dallas,TX,75201,J and J
734,E000454,Linda,Garcia,1977-12-09,719-92-7479,,4544 Anderson St,Dallas,TX,75201,Johnsonand Johnson
735,E000455,Barbara,Lopez,1992-03-06,974-12-3048,barbara.lopez455@example.com,3944Hernandez St,Denver,CO,80202,Coca-Cola Co
736,E000455,Barbara,Lopez,1992-03-06,974-12-3048,barbara.lopez455@example.com,3944 Hernandez St,Denver,CO,80202,Coca Cola
737,E000455,Barbara,Lopez,1992-03-06,904-12-3048,,3944 Hernandez St,Denver,CO,80202,The Coca-Cola Company
738,E000455,Barbara,Lopez,1992-03-06,,barbara.lopez455@example.com,3944 Hernandez St,Denver,CO,80202,The Coca-Cola Company
739,E000456,John,Brown,1990-02-04,165-70-9985,john.brown456@example.com,981 Smith St,Charlotte,NC,,
740,E000457,JOHN,Johnsn,1959-02-21,499-49-4757,,,Austin,TX,78701,Coca-Cola Co
741,E000458,Joe,HERNANDEZ,1956-09-27,274-13-1575,joseph.hernandez458@example.com,5946 Wilson St,Charlotte,NC,28202,American Telehone and Telegraph
742,E000459,JESSCA,Davis,1996-03-23,652-32-8480,jessica.davis459@example.com,9340 Miller St,Austin,TX,78701,The Coca-Cola Company
743,E000459,Jessica,Davis,1996-03-23,652-32-8480,jessica.davis459@example.com,9340 Miller St,Austin,TX,78701,The Coca-Cola Company
744,E000460,Barbara,Davis,1951-08-10,474-62-5256,barbara.davis460@example.com,2651 Jones St,Greensboro,NC,27401,International Business Machines
745,E000461,,Rodriguez,1984-05-16,647-11-9059,james.rodriguez461@example.com,7916Jones St,Charlotte,NC,28202,International Business Machines
746,E000461,ames,Rodriguez,1984-05-16,647-11-9059,james.rodriguez461@example.com,7916 Jones St,Charlotte,NC,28202,IBM Corp
747,E000462,Susan,Gonzalez,1969-01-18,482-34-7745,susan.gonzalez462@example.com,9284 Miller St,Austin,TX,78701,Procter & Gamble
748,E000463,LINDA,WILIAMS,1988-04-09,181-64-4924,linda.williams463@example.com,8564 Gonzalez St,Phoenix,AZ,85001,The Coca-Cola Company
749,E000464,Li,HERNANDEZ,1992-04-28,170-33-3238,elizabeth.hernandez464@example.com,4844 Johnson St,Austin,TX,78701,Johnson and Johnson
750,E000465,Joseph,Jones,1946-06-17,,joseph.jones465@example.com,462 Williams St,Denver,CO,80202,G.E.
751,E000465,Joey,Jones,2964-06-01,255-16-9764,,,Denver,CO,80202,General Electric
752,E000466,Betty,JONES,1996-12-01,338-21-3468,,341 Davis St,Charlotte,NC,28202,Federal Express
753,E000466,Elizabeth,Jones,1962-04-11,338-21-3468,elizabeth.jones466@example.com,341 Davis St,Charlotte,NC,28202,Federal Express
754,E000466,Elizabeth,Jones,1996-12-01,338-21-3468,elizabeth.jones466@example.com,341 Dais St,Charlotte,NC,28202,Federal Express
755,E000466,ELIZABETH,Jones,,138-21-3468,,341 Davis St,Charlotte,NC,,Federal Express Corp
756,E000467,Dave,Rodriguez,2003-06-15,813-14-6410,david.miller467@example.com,1414 Wilson St,Austin,TX,78701,U.P.S.
757,E000467,DAVE,Miller,2003-06-15,813-14-6410,david.miller467@example.com,1414 Wilson St,Austin,TX,78701,United Parcel Service
758,E000468,Mary,Jones,1949-09-16,285-34-5097,mary.jones468@example.com,6351 Wlson St,Phoenix,AZ,85001,I.B..
759,E000469,Patrica,Gonzalez,1989-08-08,855-14-4263,patricia.gonzalez469@example.com,7650 Lopez St,Greensboro,NC,,
760,E000470,Michael,Davis,1971-06-06,744-15-9534,michael.davis470@example.com,2101 Jones St,Phoenix,AZ,25001,Johnson & Johnson
761,E000471,Elizabeth,Brown,,215-40-8113,elizabeth.brown471@example.com,5416 Smith St,Dallas,TX,75201,U.P.S.
762,E000472,Wll,MARTINEZ,,143-84-8786,,9868 Williams St,Durham,NC,27701,American Telephone and Telegraph
763,E000473,Jonny,BROWN,2003-02-22,733-53-1983,john.brown473@example.com,1079 Garcia St,Charlotte,NC,28202,
764,E000474,PATRICIA,Garcia,,907-92-6691,patricia.williams474@example.com,7287 Lopez St,Denver,CO,80206,Fed Ex
765,E000475,James,LOPEZ,1985-12-05,356-15-8951,james.lopez475@example.com,7268 Rodriguez St,Phoenix,AZ,15001,Coca Cola
766,E000476,Jesica,Brown,,,jessica.brown476@example.com,1228 Rodriguez St,Charlotte,NC,28202,United Parcel Service
767,E000477,Joseph,Jones,1986-08-01,,,,Austin,TX,78701,United Parcel Service
768,E000478,ames,Martnez,1970-06-24,164-94-9830,,6448 Brown St,Dallas,TX,75201,
769,E000479,Robert,Martinez,1981-07-21,429-24-2577,,8672 Hrnandez St,Austin,TX,78701,GeneralElectric
770,E000480,Mary,WILSON,1976-06-02,,mary.wilson680@example.com,1717 Smith St,Charlotte,NC,28262,Procter & Gable
771,E000481,JESSICA,RODRGUEZ,1946-06-08,720-19-1214,jessica.rodriguez481@example.com,3519 Hernandez St,Austin,TX,78701,Johnson & Johnson
772,E000481,Jesica,,,720-19-1214,jessica.rodriguez481@example.com,3519 Hernandez St,Austin,TX,78701,J&J
773,E000482,John,Davis,1986-09-24,525-57-1955,john.davis482@example.com,4455 Rodriguez St,Raleigh,NC,27601,IBM
774,E000482,John,Davis,1986-09-24,525-57-1955,john.davis482@example.com,4455 Rodriguez St,Raleigh,NC,27601,International Business Machines
775,E000483,John,Wilson,1949-04-17,199-22-4784,john.wilson483@example.com,8810 Miller St,Austin,TX,78701,Federal Express
776,E000484,MICHAEL,Rodriguez,1962-09-24,671-63-2728,,9546 Garcia St,Greensboro,NC,27401,J and J
777,E000484,Mikey,Rodriguez,1962-59-24,671-93-2728,michael.rodriguez484@example.com,9546 Garcia St,Greensboro,NC,27401,Johnson and Johnson
778,E000484,Michael,RODRIGUEZ,1962-09-24,671-63-2728,michael.rodriguez464@example.com,,Greensboro,NC,27401,Johnson and Johnson
779,E000484,Mke,Rodriguez,1962-09-24,,michael.rodriguez484@example.com,9546 Garcia St,Greensboro,NC,27401,
780,E000485,SUSIE,Anderson,1961-03-18,,,2691 Rodriguez St,Durham,NC,27701,Johnson and Johnson
781,E000486,Barbara,ANDERSON,1981-06-14,882-91-8054,barbara.anderson486@example.com,5399 Martinez St,Dallas,TX,75201,Federal Express Corp
782,E000487,MICHAEL,Miller,1986-08-15,506-10-1567,michael.miller487@example.com,4760 Martinez St,Austin,TX,78701,International Business Machines
783,E000487,MICHAEL,Miller,1986-08-15,,michael.miller487@example.com,4760 Martinez St,Austin,TX,,IBM Corp
784,E000488,Robert,Anderson,1940-05-08,319-50-1355,robert.anderson488@example.com,4621Anderson St,,TX,78701,UPS
785,E000489,PARICIA,MITH,1985-03-05,371-56-5093,patricia.smith489@example.com,3917 Jones St,Denver,CO,80202,The Coca-Cola Company
786,E000489,Patricia,Smih,1985-03-05,371-56-5093,patricia.smith489@example.com,3917 Jones St,Denver,CO,80202,The Coca-Cola Company
787,E000489,Patricia,LOPEZ,1985-03-05,371-56-5093,,3917 Jones St,Denver,CO,80202,The Coca-Cola Company
788,E000489,Patricia,Smith,1985-03-05,,patricia.smith489@example.com,3917 Joes St,Denver,CO,80202,The Coca-Cola Company
789,E000490,John,MARTINEZ,1950-06-13,840-51-8905,john.martinez490@example.com,2932 Davis St,Phoenix,AZ,85001,GE
790,E000491,Elizabeth,Smith,1950-01-25,,,6924 Anderson St,Phoenix,AZ,85001,GE
791,E000491,Elizabeth,SMITH,1950-01-25,442-54-8115,elizabeth.smith491@example.com,6924 Anderson St,Phoenix,AZ,85001,General Electric
792,E000492,Lina,Lpez,9988-01-10,636-15-6231,linda.lopez492@example.com,8946 Martinez St,Raleigh,NC,27601,UPS
793,E000493,Dave,Rodriguez,1959-01-22,849-60-8300,david.rodriguez493@example.com,9850 Martinez St,Greensboro,NC,27401,General Electric
794,E000493,David,RODRIGUEZ,1959-01-22,849-00-8300,david.rodriguez493@example.com,9850 Martinez St,Greensboro,,27401,G.E.
795,E000494,Linda,Miller,1990-03-05,444-20-9796,linda.miller494@example.com,9462 Lopez St,Austin,TX,78701,International Business Machines
796,E000495,Rich,JONES,1991-09-14,892-99-3136,richard.jones495@example.com,2309 avis St,Durham,NC,27701,Federal Express
797,E000496,Jessica,Miller,1971-04-03,372-65-6298,jessica.miller496@example.com,9537 Johnson St,Greensboro,NC,27401,General Electric
798,E000497,Susan,Miller,1984-04-11,452-86-1396,susan.miller497@example.com,5094 Williams St,Dallas,TX,75201,ATT
799,E000498,JOSEH,,1996-01-27,339-35-7124,joseph.martinez498@example.com,2655 Gonzalez St,Charlotte,NC,28202,GE
800,E000498,JOSEPH,Martinez,1996-01-27,339-35-7124,joseph.martinez498@example.com,2655 Gonalez St,Charlotte,NC,28202,General Electric Co
801,E000498,Joseph,Martinez,1996-01-27,339-35-7124,joseph.martinez498@example.com,2655 Gonzalez St,Charlotte,NC,28202,General Electric Co
802,E000498,Josep,Martinez,1996-01-27,739-35-7124,joseph.martinez498@example.com,2655 Gonzalez St,Charlotte,NC,26202,General Electric
803,E000499,PATRICIA,Lopez,1971-10-05,,patricia.lopez499@example.com,5724 Lopez St,Raleigh,NC,27601,General Electric
804,E000499,Patricia,Lopez,1971-10-05,989-46-1225,patricia.lopez499@example.com,,Raleigh,NC,27601,General Electric
805,E000500,Eliabeth,DAVIS,1942-06-07,,elizabeth.davis506@example.com,3439 Rodriguez St,Denver,CO,80202,Coke
806,E000501,JESSICA,Martinez,1942-07-19,,jessica.martinez501@example.com,4285 Williams St,Charlotte,NC,28202,IBM
807,E000502,ELIZABTH,Brown,1946-08-21,108-18-7367,,4545 Hernandez St,Austin,TX,78701,ATT
808,E000502,Elizabeth,Brown,,008-18-7367,elizabeth.brown502@example.com,4545 Hernandez St,Austin,TX,78701,American Telephone and Telegraph
809,E000502,Elizabeth,BROW,1946-08-21,108-18-7367,elizabeth.brown502@example.com,4545 Hernandez St,Austin,TX,78701,American Telephone and Telegraph
810,E000503,Patrcia,Smith,1989-04-13,620-22-6168,patricia.smith503@example.com,8040 Wilson St,Austin,TX,78701,General Electric
811,E000504,JENNIFER,BROWN,1942-01-08,642-49-6465,jennifer.brown504@example.com,8127 Miller St,Denver,CO,80202,United Parcel Service
812,E000505,Jim,Garcia,1985-11-10,,james.garcia505@example.com,1115 Hernandez St,Dallas,TX,75201,The Coca-Cola Company
813,E000506,Richard,,1975-04-05,449-60-3248,,1538 Lopez St,Raleigh,NC,27601,Procter & Gamble
814,E000506,RICHARD,Anderson,1975-04-05,449-60-3248,richard.anderson506@example.com,1538 Lopez St,Raleigh,NC,,P and G
815,E000507,,MILLER,,719-52-8359,linda.miller507@example.com,8983 Williams St,Greensboro,NC,27401,FedEx
816,E000508,Robert,Martinez,1957-05-23,,,7146 Anderson St,Greensboro,NC,27401,PS
817,E000508,ROBERT,Martinez,2957-05-23,822-77-3215,robert.martinez508@example.com,7146 Anderson St,Greensboro,NC,27401,United Parcel Service
818,E000508,Robert,Martinez,1957-05-23,822-77-3215,,,Greensboro,NC,27401,
819,E000508,Robert,Martinez,1957-05-23,822-77-3215,robert.martinez508@example.com,7146 Anderson St,Greensboro,NC,27401,United Parcel Service
820,E000509,Jennifer,Garcia,1955-03-11,959-28-1483,,,Durham,NC,27701,Procter and Gamble
821,E000510,Susan,Jones,1975-03-25,892-23-3155,susan.jones510@example.com,,Denver,CO,80202,The Coca-Cola Company
822,E000511,Linda,Martinez,1969-11-01,467-20-8808,linda.martinez211@example.com,2296 Rodriguez St,Greensboro,NC,27401,Johnson & Johnson
823,E000512,Barbara,Williams,2002-08-05,,barbara.williams512@example.com,628 Miller St,Phoenix,AZ,89001,International Business Machines
824,E000512,Barbara,WILLIAS,2002-08-05,,barbara.williams512@example.com,628 Miller St,Phoenix,AZ,85001,International Business Machines
825,E000513,William,Miller,1995-04-03,281-66-9027,william.miller513@example.com,,Greensboro,NC,27401,J and J
826,E000514,LINDA,Miller,1945-10-24,944-58-6126,linda.miller514@example.com,6557 Martinez St,Phoenix,AZ,27401,International Business Machine
827,E000515,Patricia,Brown,1975-04-17,650-60-1643,patricia.davis515@example.com,9237 Miller St,Denver,CO,80202,
828,E000515,Patricia,Davis,1945-04-17,,patricia.davis515@example.com,9237 Miller St,Denver,CO,80202,
829,E000516,Michael,Jones,1990-05-25,247-46-8558,michael.jones516@example.com,2827 Miller St,Denver,CO,80202,The Coca-Cola Company
830,E000517,Mary,Lopez,1999-11-15,192-74-2854,mary.lopez017@example.com,3045 Gonzalez St,Charlotte,NC,28202,UPS Inc
831,E000517,Mary,Lopez,1999-11-15,192-74-2854,mary.lopez517@example.com,3045 Gonzalez St,Charlotte,NC,28202,UPS
832,E000517,Mary,Lopez,1999-11-15,,,3045 Gonzalez St,Charlotte,NC,28202,United Parcel Service
833,E000517,Mary,Lopez,1999-11-15,,mary.lopez517@example.com,3045 Gonzalez St,Charlotte,NC,28202,United Parcel Service
834,E000518,RICHAD,SMITH,1997-01-06,564-85-4308,richard.miller518@example.com,7549 Johnson St,Dallas,TX,15201,The Coca-Cola Company
835,E000518,Richard,MILLER,1997-01-06,564-85-4308,,7549 Johnson St,Dallas,TX,75201,Coca-Cola Co
836,E000519,Dave,Lopz,1955-02-04,823-67-6946,david.lopez519@example.com,1497 Rodriguez St,Charlotte,NC,28202,P and 
837,E000519,AVID,Lopez,1955-02-04,823-67-6946,david.lopez519@example.com,1497 Rodriguez St,Charlotte,NC,,Procter & Gamble
838,E000520,Jennife,Miller,1945-03-11,679-94-3459,jennifer.miller520@example.com,2756 Wilson St,Phoenix,AZ,85001,U.P.S.
839,E000520,Jennifer,Miller,1945-03-11,679-94-3459,jennifer.miller520@example.com,2756 Wilson St,Phoenix,AZ,85001,United Parcel Service
840,E000521,JENNIER,GONZALEZ,1993-05-10,847-67-5731,jennifer.gonzalez021@example.com,3060 Johnson St,Raleigh,NC,27601,United Parcel Service
841,E000521,JENNY,GONZALEZ,1993-05-10,847-67-5731,,3060 Johnson St,Raleigh,NC,27101,United Parcel Service
842,E000522,Mikey,Smih,1941-08-16,975-73-9904,,194 Martnez St,Austin,TX,78701,Johnson and Johnson
843,E000523,LINDA,Brown,1998-07-15,181-86-1137,linda.brown523@example.com,4109 Anderson St,Denver,CO,80202,The Coca-Cola Company
844,E000523,LINDA,Brown,1998-07-15,181-86-1107,linda.brown523@example.com,4109 Anderson St,Denver,CO,80202,
845,E000524,Michael,SMITH,,457-11-3381,michael.smith524@example.com,631 Hernandez St,Charlotte,NC,28202,The Coca-Cola Company
846,E000525,Dve,Anderson,1946-02-16,282-30-5659,david.anderson525@example.com,9847 Martinez St,Durham,NC,27701,UP.S.
847,E000526,Josep,LOPEZ,1944-02-25,406-51-7038,,6308 Wilson St,Dallas,TX,75201,G.E.
848,E000526,Joseph,Lopez,1944-02-25,,joseph.lopez526@example.com,308 Wilson St,Dallas,TX,75201,GE
849,E000527,Susan,Wilson,1977-08-05,224-98-5496,susan.wilson527@example.com,5493 Rodriguez St,Durham,NC,27701,Procter and Gamble
850,E000528,MICHAEL,Lopez,1947-02-19,847-90-9666,,1536 Davis St,Greensboro,NC,27401,The Coca-Cola Company
851,E000529,,Martinez,1973-09-19,738-55-3125,susan.martinez529@example.com,9318 Davis St,Dallas,TX,71201,J&J
852,E000530,Jessica,,1969-12-10,298-10-2936,jessica.gonzalez530@example.com,492 Davis St,Charlotte,NC,28202,G.E.
853,E000531,Mike,Gonzalez,1992-01-11,458-81-4478,michael.gonzalez531@example.com,285 Hernandez St,Phoenix,AZ,85001,Fed Ex
854,E000531,Michael,Gonzalez,1992-01-11,158-81-4478,,285 Hernandez St,Phoenix,AZ,85001,Federal Express
855,E000531,Mikey,Gonzalez,1992-01-11,458-81-4478,michael.gonzalez531@example.com,285 Hernandez St,Phoenix,AZ,85001,Federal Express
856,E000532,Elizabeth,Jones,1979-05-17,,elizabeth.jones532@example.com,1965 Hernande St,Durham,NC,27701,American Telephone & Telegraph
857,E000533,David,MILLER,1962-04-11,953-53-8849,david.miller533@example.com,7874 Gonzalez St,,NC,27601,International usiness Machines
858,E000533,David,MILLER,1962-04-11,953-53-8849,david.miller533@example.com,7874 Gonzalez St,Raleigh,NC,27601,
859,E000534,,DAVIS,1998-09-11,573-62-1917,robert.davis534@example.com,8637 Jones St,Charlotte,NC,28202,American Telephone and Telegraph
860,E000535,James,Brown,1985-02-05,,,6247 Hernandez St,Dallas,TX,75201,UPS
861,E000535,James,Brow,1985-02-05,,james.brown535@example.com,6247 Hernandez S,Dallas,TX,75201,United Parcel Service
862,E000536,Richard,Williams,1979-12-28,422-14-5448,,6880 Johnson St,Durham,NC,27701,Johnson and Johnson
863,E000537,Linda,Garcia,1978-04-18,409-32-2838,,6231 Gonzalez St,Denver,CO,80202,International Business Machines
864,E000538,Mikey,Anderson,1996-09-01,918-71-9192,michael.anderson538@example.com,,Durham,NC,27701,American Telephone and Telegraph
865,E000539,Jessica,opez,1981-03-25,992-22-9456,jessica.lopez539@example.com,2274 Brown St,Austin,TX,78701,International Business Machines
866,E000539,Jessica,Lopez,1981-03-25,992-22-9456,jessica.lopez539@example.com,2274 Brown St,Austin,TX,78701,I.B.M.
867,E000539,Jessca,Lopez,1981-03-25,,jessica.lopez559@example.com,2274 Brown St,Austin,TX,78701,IBM
868,E000539,Jessica,Lopez,7981-03-25,992-22-9456,jessica.lopez539@example.com,2274 Brown St,Austin,TX,78701,I.B.M.
869,E000540,JOSEPH,Miller,1940-05-02,803-86-2426,joseph.miller540@example.com,5560 Davis St,Durham,NC,27701,International Business Machines
870,E000541,Patricia,RODRIGUEZ,,419-91-4438,patricia.rodriguez541@example.com,5357 Bron St,Austin,TX,78701,Fd Ex
871,E000541,PATRICIA,Rodriguez,1942-10-25,419-91-4438,patricia.rodriguez541@example.com,5357 Brown St,Austin,TX,78701,Federal Express
872,E000542,Elizabeth,Jones,1996-11-04,379-29-3580,elizabeth.jones542@example.com,,Dallas,TX,75201,IBM
873,E000542,Elizabeth,Jones,1996-11-04,379-29-3580,elizabeth.jones542@example.com,4583 Johnon St,Dallas,TX,75201,Internationl Business Machines
874,E000542,Betty,Jones,2996-11-04,379-29-3580,elizabeth.jones542@example.com,4583 Johnson St,Dallas,TX,27701,IBM
875,E000543,PATRICIA,Brown,1980-02-05,821-46-5011,patricia.brown543@example.com,2906 Johnson St,Dallas,TX,75201,Coca-Cola Co
876,E000543,Patricia,Brown,1980-05-05,821-46-5011,patricia.brown543@example.com,,Dallas,TX,75201,
877,E000544,David,RODRIGUEZ,1946-03-01,582-96-1826,david.rodriguez544@example.com,1835 Miller St,Denver,CO,80202,IBM
878,E000545,,Miller,1962-12-20,,john.miller545@example.com,5926 Jones St,Phoenix,AZ,85001,American Telephone and Telegraph
879,E000546,Michael,Lpez,1999-10-05,195-99-8672,michael.lopez546@example.com,1693 avis St,Durham,NC,27701,The Coca-Cola Company
880,E000546,Michael,LOEZ,1999-16-05,195-99-8672,,1693 Davis St,Durham,NC,27701,The Coca-Cola Company
881,E000546,Michae,LOPEZ,1999-10-05,,,1693 Davis St,Durham,NC,27701,Coca Cola
882,E000547,JOSEPH,Davis,2972-06-09,731-43-6958,,6523 Williams St,Greensboro,NC,,American Telephone & Telegraph
883,E000547,Joseph,Davis,1968-03-28,731-43-6954,joseph.davis547@example.com,6523 Williams St,Greensboro,NC,27401,A T and T
884,E000547,Joseph,Davis,1968-03-28,731-43-6954,,6523 Williams St,Greensboro,NC,,American Telephone and Telegraph
885,E000548,Daid,Davis,1943-02-16,215-54-8842,david.davis548@example.com,7656 Wilson St,Denver,CO,80202,
886,E000549,BETTY,Gonzalez,1956-09-04,515-23-6339,elizabeth.gonzalez549@example.com,9211 Hernandez St,Dallas,TX,75201,General Electric
887,E000550,,Rodriguez,1991-10-14,,elizabeth.rodriguez550@example.com,9077 Williams St,Denver,CO,80202,J and 
888,E000550,Elizabeh,RODRIGUEZ,1991-10-14,346-89-4992,elizabeth.rodriguez550@example.com,9077 Williams St,Denver,CO,80202,Johnson & Johnson
889,E000550,eth,RODRIGUEZ,1991-10-14,,elizabeth.rodriguez550@example.com,9077 Williams St,Denver,CO,80202,Johnson & Johnson
890,E000550,Beth,Rodriguez,1991-10-14,,,9077 Williams St,Denver,CO,80502,
891,E000551,Richard,,1966-12-19,541-65-6606,richard.johnson551@example.com,9021 Lopez St,Dallas,TX,75201,Federal Exprss
892,E000552,Jennifer,HERNANEZ,2002-02-19,710-69-6330,jennifer.hernandez552@example.com,9194 Johnson St,Durham,NC,27701,Johnson and Johnson
893,E000552,Jennifer,Hernandez,2002-02-19,710-69-6330,jennifer.hernandez552@example.com,9194 Johnson St,Durham,NC,27701,Johnson and Johnson
894,E000553,Jennifer,Jones,1948-10-04,801-86-7208,,5464 Davis St,Phoenix,AZ,85001,IBM
895,E000554,John,Brown,1940-03-22,252-67-9704,john.brown554@example.com,4875 Miller St,Charlotte,NC,58202,Johnson & Johnson
896,E000555,Michael,Brown,,795-48-8122,michael.brown555@example.com,570 Johnson St,Dallas,TX,75201,
897,E000555,MICHAEL,Brown,1978-10-26,795-48-8122,michael.brown555@example.com,5740 Johnson St,Dallas,TX,,IBM Corp
898,E000555,Michael,Brown,1978-10-28,,michael.brown555@example.com,5740 Johnson St,Dallas,TX,75201,IBM
899,E000556,Rick,Garcia,1977-01-12,,,9275 Wilson St,Charlotte,NC,28202,American Telephone and Telegraph
900,E000557,Patricia,Wilson,1943-04-14,819-85-7459,patricia.wilson557@example.com,5312 Lopez St,Austin,TX,78701,PG
901,E000557,Patricia,Wilson,1943-04-14,819-85-7459,patricia.wilson557@example.com,,Austin,TX,78701,Procter and Gamble
902,E000558,Richard,Miller,,586-27-4083,richard.miller558@example.com,9200 Miller t,Phoenix,AZ,85001,
903,E000559,Susan,WILLIAMS,1956-53-01,,susan.williams559@example.com,2459 Lopez St,Austin,TX,78701,Johnson & Johnson
904,E000559,Sue,Williams,0956-03-01,173-92-1257,susan.williams559@example.com,2459 Lopez St,Austin,TX,78701,J and J
905,E000560,SSAN,Williams,1957-11-26,525-68-7974,susan.williams560@example.com,3045 Davis St,Durham,NC,27701,P&G
906,E000561,Joe,Miller,1968-03-14,719-10-9161,joseph.miller561@example.com,3978 Lopez St,Dallas,TX,75201,
907,E000562,Susa,Anderson,1944-01-19,594-57-2854,susan.anderson562@example.com,9607 Davis St,Dallas,TX,75201,General Electric
908,E000562,,Anderson,1944-01-19,,susan.anderson562@example.com,9607 Davis St,Dallas,TX,75201,G.E.
909,E000563,Robert,Lopez,1999-09-03,,robert.lopez563@example.com,,Austin,TX,78701,General Electric Co
910,E000564,ELIZABETH,Martinez,1983-09-25,111-70-8438,elizabeth.martinez564@example.com,8499 Anerson St,Raleigh,NC,27601,J and J
911,E000564,Beth,MARTINEZ,1983-09-25,,elizabeth.martinez564@example.com,8499 Anderson St,Raleigh,NC,27601,Johnson and Johnson
912,E000564,Elizabeth,Martinez,1983-09-25,,,8499 Andeson St,Raleigh,,27601,J and J
913,E000565,Davi,Miller,1977-05-06,136-98-5981,david.miller565@example.com,9335 Jones St,Dallas,TX,75201,I.B.M.
914,E000566,Jessica,Martinez,,,jessica.martinez566@example.com,4799 Davis St,Charlotte,NC,28202,General Electric
915,E000566,Jessica,Martinez,1946-11-10,958-89-1447,jessica.martinez566@example.com,4799 Davis St,Charlotte,NC,28202,General Electric
916,E000567,Robert,Rodrigue,1975-05-05,730-45-5509,robert.rodriguez567@example.com,4309 Smith St,Durham,NC,27701,G.E
917,E000568,Jennifer,Anderson,1997-06-26,279-43-4869,jennifer.anderson568@example.com,8044 Williams St,Charlotte,NC,28202,International Business Machines
918,E000569,Dave,Johnson,,522-59-4898,david.johnson569@example.com,2540 Wilson St,Charlotte,NC,,United Parcel Service
919,E000570,Michael,Martinez,1961-11-03,873-24-1860,michael.martinez570@example.com,2845Davis St,Dallas,TX,75201,Procter & Gable
920,E000571,Jessica,Jnes,1969-07-22,822-59-8775,jessica.jones571@example.com,4402 Williams St,Denver,CO,80202,Procter and Gamble
921,E000572,James,Jones,1988-11-11,,,1695 Anderson St,Denver,CO,80202,A T and T
922,E000572,JAMES,Jones,1988-11-11,,james.jones572@example.com,1695 Anderson St,Denver,CO,80202,AT
923,E000572,James,Jones,1988-11-11,642-97-1672,james.jones572@example.com,1695 Anderson St,Denver,CO,80202,American Telephone and Telegraph
924,E000573,Sue,Martinez,1082-05-09,921-22-5183,susan.martinez573@example.com,9671 Miller St,Austin,TX,78701,Johnson and Johnson
925,E000574,LINDA,Lopez,1983-11-23,284-50-9972,,273 Hernandez St,Greensboro,NC,77401,International Business Machines
926,E000575,Jon,Garcia,1952-09-04,801-67-6759,john.smith575@example.com,3694 Lopez St,Phoenix,AZ,85601,
927,E000576,WILLIAM,Brown,1968-05-25,158-86-4552,william.brown576@example.com,9920 Hernandez St,Raleigh,NC,27601,GE
928,E000576,William,BROWN,1943-10-03,159-86-4552,william.brown576@example.com,9920 Hernandez St,Raleigh,NC,27601,General Electric Co
929,E000577,Patricia,JOHNSON,1988-11-25,763-82-4027,patricia.johnson577@example.com,1916 Lopez St,Charlotte,NC,28202,United Parcel Service
930,E000577,Patricia,Johnson,1988-11-25,763-82-4027,patricia.johnson577@example.com,1916 Lopez St,Charlotte,NC,28202,U.P.S.
931,E000577,Patricia,Johnson,1988-11-25,,patricia.johnson577@example.com,1916 Lopez St,Charlotte,NC,28202,UPS Inc
932,E000578,William,JONES,1949-11-15,383-64-6298,william.jones578@example.com,4316 Williams St,Denver,CO,80202,G.E.
933,E000579,Wlliam,Gonzalez,1988-07-11,161-43-5336,william.gonzalez579@example.com,301 Davis St,Raleigh,NC,27601,General Electri
934,E000580,Jessica,Anderson,1990-03-21,603-23-3357,jessica.anderson580@example.com,8957 Gonzalez St,Greensboro,NC,27401,P&G
935,E000581,Michael,MARTINEZ,1996-12-09,,,1253 Martinez St,Durham,NC,27701,Coca Cola
936,E000582,Joey,Smith,1959-11-21,100-14-7397,,4465 Williams St,Denver,CO,80202,American Telephone and Telegraph
937,E000582,Joey,SMITH,1959-11-21,150-14-7397,joseph.smith582@example.com,4465 Williams St,Denver,CO,80202,AT&T
938,E000582,Joseph,Smith,1959-11-21,100-14-7397,,,Denver,CO,80202,AT&T
939,E000583,Dick,Martinez,2002-08-14,,,3800 Smith St,Raleigh,NC,27601,Procter and Gamble
940,E000584,Jessica,Johnson,1982-11-10,510-17-2485,,6085 Rodriguez St,Dallas,TX,75201,A T and T
941,E000585,JOHN,Wilson,1977-11-07,280-80-1644,john.wilson585@example.com,6394 Hernandez St,Denver,CO,80202,Federal Express
942,E000586,Betty,Lopez,1953-11-23,,elizabeth.lopez586@example.com,7275 Lopez St,Phoenix,AZ,85001,Federal Express
943,E000587,Bob,Smith,1943-12-19,344-72-7369,,1132 Gonzalez St,Greensboro,NC,27401,The Coca-Cola Company
944,E000587,Bobby,Smith,1943-52-19,344-72-7369,robert.smith587@example.com,1132 Gonzalez St,Greensboro,NC,27401,The Coca-Cola Company
945,E000588,JESSIA,Rodriguez,1942-01-11,157-53-1701,jessica.rodriguez588@example.com,6743 Johnson St,Denver,CO,80202,FedEx
946,E000589,Joseph,HERNANDEZ,1969-02-02,853-28-9010,joseph.hernandez589@example.com,412 Davis St,Charlotte,NC,28202,International Business Machines
947,E000590,Linda,Lopez,1941-03-21,151-49-2594,linda.lopez590@example.com,7574 Martinez St,Charlotte,NC,28202,United Parcel Service
948,E000590,LIND,Lopez,1941-03-21,151-49-2594,linda.lopez590@example.com,574 Martinez St,Charlotte,NC,28202,U.P.S.
949,E000590,Linda,Lopez,1941-03-21,,,,Charlotte,NC,28202,United Parcel Service
950,E000591,John,Brown,1954-08-20,918-88-4613,john.wilson591@example.com,1133 Gonzalez St,Durham,NC,27701,FedEx
951,E000592,Susan,Garcia,1981-02-22,689-79-3250,,5368 Wilson St,Phoenix,AZ,85001,
952,E000593,Mary,Mrtinez,1982-02-04,,,2853 Lopez St,Charlotte,NC,28202,
953,E000593,Mary,MARTINEZ,1982-02-04,380-28-7801,mary.martinez593@example.com,2853 Lopez St,Charlotte,NC,28202,American Telephone and Telegraph
954,E000594,Jen,Dais,,910-30-7162,jennifer.davis594@example.com,2684 Smith St,Greensboro,NC,,Johnson and Johnson
955,E000595,John,SMITH,1912-02-23,767-87-5648,,6919 Lopez St,Raleigh,NC,27601,Johnson and Johnson
956,E000595,John,SMITH,1962-02-23,,john.smith595@example.com,6919 Lopez St,Raleigh,NC,27601,
957,E000596,Robrt,Brown,1974-09-15,521-40-3859,robert.brown596@example.com,716 Martinez St,Charlotte,NC,28202,United Parcel Service
958,E000597,Jessica,Martinez,1978-06-14,104-81-4860,jessica.martinez597@example.com,3244 Johnson St,Durham,NC,27701,GE
959,E000597,Jessica,MARTINEZ,1978-06-14,104-81-4860,,3244 Johnson St,Durham,NC,27701,General Electrc
960,E000598,Barbara,WILSON,1999-11-22,313-45-1869,barbara.wilson598@example.com,3273Johnson St,Greensboro,NC,27401,UPS Inc
961,E000599,Jessica,Davis,1960-11-02,155-92-6966,jessica.davis599@example.com,4770 Brown St,Charlotte,NC,28202,P and G
962,E000599,Jessica,Davis,1960-11-02,155-92-6966,jessica.davis599@example.com,4770 Brown St,Charlotte,NC,28202,Procter & Gamble
963,E000600,Will,Garcia,1945-02-24,153-78-3881,william.garcia600@example.com,269 Gonzalez St,Denver,CO,80202,I.B.M.
964,E000601,Jessica,Rodriguez,1949-04-28,,jessica.rodriguez601@example.com,6965 Brown St,Durham,NC,27701,ATT
965,E000602,Linda,Gonzalez,1981-04-04,342-62-4276,linda.gonzalez602@example.com,6252 Anerson St,Durham,NC,27701,Federal Express
966,E000602,Linda,Gonzalez,1981-04-04,342-62-4276,linda.gonzalez602@example.com,6252Anderson St,Durham,NC,27701,Federal Express
967,E000603,John,DAVIS,1946-07-05,321-88-8454,john.davis603@example.com,3017 Miller St,Denver,CO,80202,American Telephone & Telegraph
968,E000604,,Davis,1985-05-07,403-26-1525,robert.davis604@example.com,9417 Smith St,Greensboro,NC,27401,The Coca-Cola Company
969,E000605,Robert,Johnson,1998-07-06,878-53-4602,robert.johnson605@example.com,4935 Martinez St,Denver,CO,80202,
970,E000606,Jennifer,Martinez,1951-07-28,634-72-4546,jennifer.martinez606@example.com,972 Davis St,Greensboro,NC,27401,Johnson & Johnson
971,E000607,,SMIH,1971-04-11,544-84-4643,william.smith600@example.com,9795 Williams St,Phoenix,AZ,85001,International Business Machines
972,E000607,WILL,SMITH,1971-04-11,544-84-4643,,9795 Williams St,Phoenix,AZ,85001,IBM Corp
973,E000608,Susie,Smith,2000-12-25,,susan.smith608@example.com,8801 Miller St,Raleigh,NC,27601,J&J
974,E000609,PATRCIA,Davis,1970-02-18,871-11-7662,patricia.davis609@example.com,3671 Williams St,Denver,CO,80202,AT&T
975,E000609,Patrici,Davi,1970-02-18,871-11-7662,patricia.davis609@example.com,3671 Williams St,Denver,CO,80202,American Telephone and Telegraph
976,E000609,Patricia,Davis,1970-02-18,871-11-7662,patricia.davis609@example.com,,Denver,CO,80202,A T and T
977,E000610,Beth,Brown,1957-01-04,,elizabeth.brown610@example.com,9445 Lopez St,Durham,NC,27701,International Business Machines
978,E000610,BETH,Brown,1942-08-22,412-30-8524,elizabeth.brown610@example.com,9445 Lopez St,Durham,NC,,International Business Machines
979,E000610,Betty,Bown,1942-08-22,412-30-8524,elizabeth.brown610@example.com,9445 Lopez St,Durham,NC,27701,International Business Machines
980,E000611,Joseph,Davis,1991-03-26,,joseph.davis611@example.com,122 Wilson St,Charlotte,NC,28202,Gneral Electric
981,E000612,RICH,Anderson,,,richard.anderson612@example.com,9524 Gnzalez St,Dallas,TX,75201,
982,E000613,John,Martinez,1947-09-22,472-16-2818,john.martinez613@example.com,6374 Garcia St,Dallas,TX,75201,Johnson & Johnson
983,E000614,Mary,GARCIA,1962-11-18,821-18-4354,mary.garcia614@example.com,,Dallas,TX,75201,Federal Express
984,E000615,Patricia,Hernandez,1966-12-25,330-51-6778,patricia.hernandez615@example.com,440 Rodriguez St,Denver,CO,80202,P and G
985,E000615,Patricia,Brown,1966-12-25,,patricia.hernandez615@example.com,4480 Rodriguez St,Denver,CO,80202,Procter & Gamble
986,E000615,Patricia,HERNANDEZ,1966-12-25,330-51-6778,patricia.hernandez615@example.com,4480 Rodrguez St,Denver,CO,80202,Procter and Gamble
987,E000616,William,GARCIA,1987-06-15,,william.smith616@example.com,2110 Davis St,Durham,NC,,
988,E000617,oey,Martinez,1948-04-15,189-20-7400,joseph.martinez617@example.com,,Dallas,TX,75201,GE
989,E000618,Patricia,WILSON,1954-12-05,608-29-4346,patricia.williams618@example.com,863 Hernandez St,Austin,TX,78701,I.B.M.
990,E000618,PATRICIA,Williams,1954-12-05,,,8630 Hernandez St,Austin,TX,78701,International Business Machines
991,E000619,Elizabeth,Miller,2000-06-14,554-92-1351,elizabeth.miller619@example.com,4876 Brown St,Charlotte,NC,28202,General Electric
992,E000619,Elizabeth,Miller,2000-06-14,554-92-1351,elizabeth.miller619@example.com,,Charlotte,NC,28202,GE
993,E000620,James,Wilson,1982-07-19,,,,Greensboro,NC,27401,Jhnson & Johnson
994,E000621,Joey,Joes,1979-03-26,366-39-8933,joseph.jones621@example.com,6193 Jones St,Charlotte,NC,28202,International Business Machines
995,E000621,Joseph,Lopez,7979-03-26,366-39-8933,,6193 Jones St,Charlotte,NC,28202,IBM
996,E000622,Robert,Garci,1998-03-20,,robert.garcia622@example.com,3086 Williams St,Austin,TX,78701,nited Parcel Service
997,E000623,JENIFER,Brwn,1945-06-19,229-66-5266,jennifer.brown623@example.com,6156 Williams St,Durham,NC,27701,FedEx
998,E000623,Jennifer,Brown,1945-06-19,229-66-5266,jennifer.brown623@example.com,6156 Williams St,Durham,NC,27701,Fed Ex
999,E000623,Jennifer,Brown,1945-06-19,,jennifer.brown423@example.com,6156 Williams St,Durham,NC,27701,Federal Express
1000,E000623,JENNIFER,BROWN,1945-06-19,229-66-5266,,6156 Williams St,Durham,NC,,Federal Express
1001,E000624,ary,Hernandez,1984-03-12,559-79-3663,mary.hernandez624@example.com,8843 Jones St,Dallas,TX,75201,General Electric Co
1002,E000624,MARY,Hernandez,1984-03-12,559-79-3663,mary.hernandez624@example.com,8843 Jones St,Dallas,TX,75201,General Electric
1003,E000625,Jimmy,Miller,1958-08-11,259-10-9948,,8413 Garcia St,Denver,CO,,The Coca-Cola Company
1004,E000626,Jessica,Anderson,1958-10-24,552-53-2840,jessica.anderson626@example.com,7947 Anderson St,Austin,TX,,International Busiess Machines
1005,E000626,JESSICA,Anderson,1958-10-24,552-53-2840,jessica.anderson626@example.com,7947 Anderson St,Austin,TX,78701,
1006,E000626,Jessic,Anderson,1958-10-24,552-53-2040,jessica.anderson626@example.com,7947 Anderson St,Austin,TX,78702,IBM Corp
1007,E000627,Robrt,Hernandez,1979-01-13,732-38-8306,robert.hernandez627@example.com,5955 Johnson St,Durham,NC,27701,American Telephone and Telegraph
1008,E000627,Robert,Hernandez,1979-01-13,732-38-8306,robert.hernandez627@example.com,5955 Johnson St,Durham,NC,27701,American Telephone and Telegraph
1009,E000628,Mary,Martinez,1968-05-07,,mary.martinez628@example.com,7398 Hernandez St,Greensboro,NC,27401,G.E.
1010,E000629,Richard,Brown,1980-10-20,623-15-6915,richard.brown629@example.com,6613 Williams St,Denver,CO,80202,Procter & Gamble
1011,E000630,BARBARA,MILLER,1941-05-12,459-49-8300,barbara.miller630@example.com,9291 Johnson St,Dallas,TX,75221,
1012,E000631,Joseph,Lopez,1996-05-06,925-64-7786,,2386 Wilson St,Phoenix,AZ,85001,G.E.
1013,E000632,ROBERT,Brown,2000-09-11,167-85-7156,robert.brown632@example.com,,Austin,TX,78701,American Telephone and Telegraph
1014,E000632,Rbert,rown,2000-09-11,161-85-7156,robert.brown632@example.com,1549 Smith St,Austin,TX,78701,PG
1015,E000633,William,Miller,1999-12-19,,william.miller633@example.com,3147 Wilson St,Charlotte,NC,28202,P and G
1016,E000633,Willam,Miller,1999-12-19,873-27-4264,william.miller633@example.com,3147 ilson St,Charlotte,NC,28202,Procter & Gamble
1017,E000634,Elizabeth,RODRIGUEZ,1945-05-27,,elizabeth.rodriguez634@example.com,9263 Lopez t,Denver,CO,80202,Johnson & Johnson
1018,E000635,Linda,Smith,1959-05-10,,linda.smith635@example.com,2134 Hernandez St,Raleigh,NC,27601,Coke
1019,E000636,Susie,Williams,1971-01-04,883-45-9078,susan.williams636@example.com,1193 Martinez St,Denver,CO,80202,ATT
1020,E000636,Suan,WILLIAMS,1971-01-04,883-45-9078,susan.williams636@example.com,1193 Martinez St,Denver,CO,80202,AT&T
1021,E000637,Jessica,MARTINEZ,1973-11-22,,jessica.martinez637@example.com,6214 Roriguez St,,AZ,85001,IBM Corp
1022,E000637,JESSICA,MARTINEZ,1973-11-22,,jessica.martinez637@example.com,6214 Rodriguez St,Phoenix,AZ,85101,International Business Machines
1023,E000638,William,Williams,1958-06-15,999-98-3219,,555 Williams St,Raleigh,NC,27601,.B.M.
1024,E000638,Willia,Williams,1958-06-15,999-98-3219,william.williams638@example.com,5955 Williams St,Raleigh,NC,27601,International Business Machines
1025,E000639,William,Garcia,,,william.garcia639@example.com,8519 Brown St,Phoenix,AZ,85001,UPS Inc
1026,E000640,Patricia,Martinez,1981-06-27,965-97-5932,,4547Hernandez St,Charlotte,,28202,American Telephone and Telegraph
1027,E000640,Patricia,Martinez,1981-06-27,965-97-5932,patricia.martinez640@example.com,,Charlotte,NC,28202,American Telephone and Telegraph
1028,E000641,Patricia,Rodriguez,1958-01-05,630-46-7111,patricia.rodriguez641@example.com,8044 Miller St,Dallas,TX,75201,
1029,E000642,Jennifer,Johnson,1959-09-08,951-34-9612,jennifer.johnson642@example.com,8817 Lopez St,Greensboro,NC,27401,General Electric
1030,E000643,Susan,Davis,1954-03-01,,susan.davis643@example.com,6040 Williams St,Durham,NC,17701,Johnson and Johnson
1031,E000643,Susan,Davis,1954-03-01,,,6040 Williams St,Durham,NC,27701,Johnson and Johnson
1032,E000644,Dvid,Williams,1943-12-27,221-38-3108,david.williams644@example.com,2432 Lopez St,Austin,TX,78701,Federal Express Corp
1033,E000645,ELIZABETH,WILLIAMS,1956-02-14,807-24-2273,elizabeth.williams645@example.com,408 Gonzalez St,Greensboro,NC,27401,J and J
1034,E000646,SUSAN,Smih,1953-02-26,775-75-1971,susan.smith646@example.com,7785 JohnsonSt,Greensboro,NC,27501,Coke
1035,E000647,MARY,JOHNSON,1941-02-26,226-87-4365,mary.johnson647@example.com,9727 Anderson St,Austin,TX,78701,Federal Express
1036,E000647,Mary,JOHNSON,1941-02-26,,mary.johnson657@example.com,,Austin,TX,78701,Federal Express Corp
1037,E000648,JENNFER,HERNANDEZ,1943-02-05,,jennifer.hernandez648@example.com,5870 Williams St,Dallas,TX,75201,Federal Express
1038,E000648,Jennifer,Hernandez,1943-02-05,,jennifer.hernandez648@example.com,5870 Williams St,Dallas,TX,75201,Fed Ex
1039,E000648,Jennifer,Hernandez,1943-02-05,,,5870 Williams St,Dallas,TX,75201,Federal Express
1040,E000649,Jon,Johnson,1967-12-07,388-31-9800,john.johnson649@example.com,170 Lopez St,Raleigh,NC,27601,General Electric Co
1041,E000649,JOHN,JOHNSON,1967-12-07,388-31-9800,john.johnson649@example.com,170 Lopez St,Raleigh,NC,27601,GE
1042,E000650,Michael,ANDERSON,1986-12-19,289-66-2758,michael.anderson650@example.com,,Denver,CO,80202,
1043,E000651,Richard,Miller,1969-07-04,879-50-3025,richard.miller651@example.com,7733 Johnson St,Greensboro,NC,,United Parcel Service
1044,E000651,Richard,Miller,1969-07-04,,richard.miller651@example.com,7733 ohnson St,Greensboro,NC,27401,UPS Inc
1045,E000652,Jessica,Gonzalez,1973-09-24,141-20-6375,,8188 Johnson St,Dallas,TX,75201,Procter and Gamble
1046,E000653,Elizabeth,Davis,1996-04-18,517-47-8011,elizabeth.davis657@example.com,,Austin,TX,78701,GE
1047,E000654,JESSICA,Hernandez,1962-01-22,603-96-2723,jessica.hernandez654@example.com,6594 Davis S,Dallas,TX,75201,ATT
1048,E000654,Jessica,HERNANDEZ,1962-01-22,,jessica.hernandez654@example.com,6594 Davis St,Dallas,TX,75201,General Electric
1049,E000655,Patricia,Williams,1991-12-19,,patricia.williams655@example.com,6059 Brown St,Phoenix,AZ,85001,AT&T
1050,E000656,Michael,MARTINEZ,1955-04-27,,michael.martinez656@example.com,9634 Martinez St,Phoenix,AZ,85001,Coca-Cola Co
1051,E000657,RICHARD,Garcia,1991-08-17,385-28-8448,richard.garcia657@example.com,1870 Johnson St,Denver,CO,80202,The Coca-ColaCompany
1052,E000658,JESSICA,Davi,1957-01-04,855-16-2117,jessica.davis658@example.com,8261 Hernandez St,Greensboro,NC,27401,I.B.M.
1053,E000658,Jessica,Davis,1957-01-04,,jessica.davis658@example.com,8261 Hernandez St,,NC,27401,International Business Machines
1054,E000659,JENNIFER,Anderson,1959-05-20,738-22-2253,,8618 Gonzalez St,Dallas,TX,75201,Johnson and Johnson
1055,E000659,Jen,MILLER,1959-05-20,738-22-2253,jennifer.miller659@example.com,8618 Gonzalez St,Dallas,TX,75201,J&J
1056,E000660,JOSEP,BROWN,2003-08-17,,,8956 Roriguez St,Austin,TX,78701,International Business Machines
1057,E000660,Joe,Brow,2003-08-17,,joseph.brown660@example.com,8956 Rodriguez St,Austin,TX,78701,IBM
1058,E000661,Mary,Miller,1689-08-11,973-58-8250,mary.miller661@example.com,7631 Smith St,Durham,NC,27101,International Business Machines
1059,E000662,Je,Rodriguez,1961-08-14,237-49-7374,jennifer.rodriguez662@example.com,8086 Gonzalez St,Austin,TX,,General Electric Co
1060,E000663,Jessica,Hernandez,2000-09-28,,,6512 Jones St,Denver,CO,80202,
1061,E000664,RICHARD,Martinez,1976-06-02,128-85-1739,,,Dallas,TX,15201,AT&T
1062,E000664,RICH,ARTINEZ,,128-85-1749,richard.martinez664@example.com,,Dallas,TX,75201,American Telephone and Telegraph
1063,E000664,RICHARD,Martinez,,128-85-1739,richard.martinez664@example.com,2200 Wilson St,Dallas,TX,75201,American Telephone and Telegraph
1064,E000665,Barbara,GONZALEZ,1983-07-04,538-54-6855,,,Raleigh,NC,27601,International Business Machines
1065,E000665,Barbara,Gonzalez,1983-07-04,538-54-6855,barbara.gonzalez665@example.com,6849 Garcia St,Raleigh,NC,27601,IBM Corp
1066,E000665,Barbara,GONZALEZ,1983-07-04,,barbara.gonzalez665@example.com,6849 Garcia St,Raleigh,NC,,IBM Corp
1067,E000666,Linda,Brown,1979-10-03,804-18-5995,linda.brown666@example.com,1975 Garcia St,Greensboro,NC,27401,United Parcel Service
1068,E000667,James,RODRIGUEZ,1944-08-22,984-64-9433,,7000 ones St,Dallas,TX,75201,International Business Machines
1069,E000667,JAMES,Rodrguez,1944-08-22,984-64-9433,james.rodriguez667@example.com,7000 Jones St,Dallas,TX,75201,
1070,E000667,James,Gonzalez,1944-08-22,914-64-9433,james.rodriguez667@example.com,7000 Jones St,Dallas,TX,75201,International Business Machines
1071,E000667,James,Rodriguez,1944-08-22,,,7000 Jones St,Dallas,TX,75201,IBM Corp
1072,E000668,Jessica,Martinez,1280-07-19,499-51-2601,jessica.martinez668@example.com,8101 Johnson St,Raleigh,NC,27601,
1073,E000668,Jesica,Martinez,1980-07-19,499-51-2601,jessica.martinez668@example.com,8101 Johnson St,Raleigh,NC,27601,Federal Express
1074,E000669,,Davis,1261-10-10,472-65-4305,david.davis669@example.com,,Dallas,TX,75201,General Electric
1075,E000670,MICHAEL,Jones,1946-05-19,511-38-2506,,9573 Johnson St,Austin,TX,78701,AT&T
1076,E000670,Michael,JONS,1946-05-19,511-38-2506,,9573 Johnson St,Austin,TX,78701,American Telephone and Telegraph
1077,E000670,Michael,JONES,1946-05-19,511-38-2506,michael.jones670@example.com,9573 Johnson St,Austin,TX,78701,AT&T
1078,E000670,Michael,JONES,1946-05-19,518-38-2506,michael.jones670@example.com,9573 Johnson St,Austin,TX,78701,American Telephone and Telegraph
1079,E000671,ill,JOHNSON,1994-04-12,914-19-5945,william.johnson671@example.com,8368 Gonzalez St,Denver,CO,80202,Coke
1080,E000671,Billy,Johnson,1994-04-12,914-19-5945,william.johnson671@example.com,8368 Gonzalez St,Denver,CO,80202,Coca Cola
1081,E000671,William,JOHNSON,1994-04-12,914-19-5945,william.johnson671@example.com,8368 Gonzalez St,Denver,CO,80202,Coca-Cola Co
1082,E000672,SUSAN,Hernandez,1965-07-13,,susan.hernandez672@example.com,7525Hernandez St,Dallas,TX,75201,UnitedParcel Service
1083,E000673,James,Hernandez,2003-04-22,,,8828 Gozalez St,Charlotte,NC,28202,Procter and Gamble
1084,E000673,James,Hernandez,2003-04-22,943-69-5389,james.hernandez673@example.com,,Charlotte,NC,28202,
1085,E000674,MAY,RODRIGUEZ,1981-08-05,,mary.rodriguez674@example.com,7233 Miller St,Greensboro,NC,,American Telephone and Telegraph
1086,E000674,Mary,Rodriguez,1986-08-05,346-29-5919,mary.rodriguez674@example.com,7233 Miller St,Greensboro,NC,27401,ATT
1087,E000675,Jon,HERNANDEZ,1992-01-27,393-92-3631,john.hernandez675@example.com,,Greensboro,NC,,Federal Express
1088,E000675,John,Hernandez,1992-05-27,393-92-3631,john.hernandez675@example.com,4301 Hernandez St,Greensboro,NC,27401,Fed x
1089,E000676,RICK,Brown,1959-04-01,351-49-8604,richard.brown676@example.com,8052 Rodriguez St,Durham,NC,27701,Procter and Gamble
1090,E000677,Susan,Hernandez,1965-03-09,239-13-5233,susan.hernandez677@example.com,4651 Herandez St,Raleigh,NC,27601,United Parcel Service
1091,E000678,Mary,Lopez,1942-01-28,,mary.lopez678@example.com,1141 Anderson St,Denver,CO,80202,P&G
1092,E000679,Barbaa,Hernandez,1990-12-27,243-40-2833,,9454 Lopez St,Durham,NC,27701,General Electric
1093,E000679,BARBARA,Hernandez,1990-12-27,,,9454 Lopez St,Durham,NC,27701,G.E.
1094,E000679,Barbara,Hernandez,1990-12-67,243-40-2833,barbara.hernandez679@example.com,9454 Lopez St,Durham,NC,27701,General Electric
1095,E000680,WILLIAM,Davis,1970-10-04,,,9673 Lopez St,Durham,NC,27701,Procter and Gamble
1096,E000681,Linda,Anderson,1967-03-04,,linda.anderson681@example.com,,Phoenix,AZ,85001,Coca-Cola Co
1097,E000681,inda,Anderson,1967-03-06,,,7300 Miller St,Phoenix,AZ,85001,
1098,E000682,Mary,DAVIS,1954-06-18,533-70-5036,mary.davis682@example.com,4650 Anderson St,Dallas,TX,75201,United Parcel Service
1099,E000683,BARBARA,Davis,1979-01-21,720-14-1895,barbara.davis683@example.com,4026 Jones St,Dallas,TX,75201,P&G
1100,E000684,Elizabeth,Hernandez,1955-09-28,342-66-7364,elizabeth.hernandez684@example.com,,Dallas,TX,75201,Procter & Gamble
1101,E000685,William,Jones,1970-05-07,980-30-8190,william.jones685@example.com,5296 Anderson St,Durham,NC,27701,Procter and Gamble
1102,E000685,William,Jones,1970-05-07,980-30-8190,william.jones685@example.com,5296 Anderson St,Durham,NC,27701,Procter & Gamble
1103,E000686,MARY,Jones,2002-08-24,,mary.jones686@example.com,1744 Wilson St,Durham,,27701,United Parcel Service
1104,E000687,Billy,RODRIGUEZ,1985-07-20,846-80-4353,william.rodriguez687@example.com,7526 Lopez St,Durham,NC,27701,IBM Corp
1105,E000688,Mary,Hernandez,1996-11-05,103-61-4278,mary.hernandez688@example.com,5106 Garcia St,Charlotte,NC,28202,G.E.
1106,E000688,Mary,Hernandez,1996-11-05,,mary.hernandez688@example.com,5106 Garcia St,Charlotte,NC,28202,General Electric
1107,E000689,PATRICIA,Wiliams,1956-10-22,520-50-8397,,7937 Wilson St,Greensboro,NC,27401,UPS Inc
1108,E000690,Billy,Williams,,524-57-3980,william.williams690@example.com,6547 Anderson St,Dallas,TX,75201,Procter & Gamble
1109,E000691,Linda,Smith,1969-02-15,303-43-8764,linda.smith691@example.com,915 Miller St,Raleigh,NC,27601,Procter and Gamble
1110,E000691,Linda,Smith,1969-02-15,303-43-3764,linda.smith691@example.com,915 Miller St,Raleigh,NC,27601,P&G
1111,E000692,WILLIAM,WILLIAMS,1987-03-19,220-11-9615,,722 Gonzalez St,Durham,NC,27701,J&J
1112,E000692,Will,Williams,1987-03-19,220-11-9615,william.williams692@example.com,7229 Gonzalez St,Durham,NC,27701,United Parcel Service
1113,E000692,William,Williams,1987-03-29,220-11-9615,william.williams692@example.com,7229 Gonzalez St,Durham,NC,,Johnson and Johnson
1114,E000693,Jessica,JOHNSON,1966-04-28,932-44-5717,jessica.johnson693@example.com,8196 Mller St,Greensboro,NC,57401,United Parcel Service
1115,E000694,SUSIE,Wilson,1967-05-24,793-34-7853,susan.wilson694@example.com,3055 Miller St,Greensboro,NC,27401,U.P.S.
1116,E000695,James,Jons,1970-10-15,354-57-8506,james.jones695@example.com,1504 Smith St,Austin,TX,78701,Johnson & Johnson
1117,E000696,Robert,Wilson,1990-11-07,830-59-7935,robert.wilson696@example.com,9884 Jones St,Dallas,TX,,General Electric
1118,E000697,Patricia,Rodriguez,,582-55-1745,patricia.rodriguez697@example.com,187 Joes St,Raleigh,NC,27601,Procter& Gamble
1119,E000698,Beth,Miller,1956-09-02,,elizabeth.miller698@example.com,2883 Rodriguez St,Dallas,TX,75201,J&J
1120,E000699,David,Anderson,1956-02-11,,david.anderson699@example.com,223 Jones St,Denver,CO,80202,General Electric
1121,E000699,David,Anderson,1956-02-11,,david.anderson699@example.com,2423 Jones St,Denver,CO,80202,General Electric
1122,E000699,DAVID,Anderson,1956-02-11,827-77-8293,david.anderson699@example.com,2423 Jones St,Denver,CO,80202,General Electric
1123,E000700,Dve,Smith,2003-05-24,,david.smith700@example.com,,Charlotte,NC,28202,Coca-Cola Co
1124,E000700,DAE,Smith,2003-05-24,469-65-5635,david.smith708@example.com,4412 Martinez St,Charlotte,NC,28202,The Coca-Cola Company
1125,E000700,David,SMITH,2003-05-24,,,4412 Martinez St,Charlotte,NC,28202,The Coca-Cola Company
1126,E000701,avid,Miller,1980-12-16,,david.miller701@example.com,971 Brown St,Charlotte,NC,28202,United Parcel Service
1127,E000701,,Miller,1980-12-16,,david.miller701@example.com,971 Brown St,Charlotte,NC,28202,UPS
1128,E000702,MARY,rown,1944-08-09,267-69-8150,,2000 Anderson St,Charlotte,NC,28202,Johnson and Johnson
1129,E000702,MARY,Brown,,,mary.brown702@example.com,2000 Anderson St,Charlotte,NC,28202,Johnson and Jonson
1130,E000703,MARY,Dais,2002-08-16,215-28-3025,mary.davis703@example.com,5827 JohnsonSt,Dallas,TX,75201,Federal Express Corp
1131,E000703,Mary,DAVIS,2002-08-16,215-28-3025,mary.davis703@example.com,,Dallas,TX,75201,FedEx
1132,E000704,ELIZABETH,Wiliams,1974-10-22,699-37-1067,elizabeth.williams704@example.com,8718 Gonzalez St,Charlotte,NC,28202,UPS
1133,E000704,Beth,Williams,1974-10-22,699-37-1067,elizabeth.williams704@example.com,8718 Gonzalez St,Charlotte,NC,28202,United Parcel Service
1134,E000705,Sue,Andeson,1971-08-22,,susan.anderson705@example.com,4757 Hrnandez St,Durham,NC,27401,General Electric
1135,E000706,RICHARD,Garcia,1981-03-01,183-68-8861,richard.garcia706@example.com,7539 Hernandez St,Durham,NC,27701,
1136,E000707,James,GARCIA,1997-06-24,,james.garcia707@example.com,3563 Wilson St,Raleigh,NC,27601,IBM Corp
1137,E000708,Betty,Garcia,1949-09-20,490-21-7534,elizabeth.garcia708@example.com,4280 Williams St,Raleigh,NC,27601,FedEx
1138,E000709,RICHARD,Johnon,1966-03-13,,richard.johnson709@example.com,,Raleigh,NC,27601,The Coca-Cola Company
1139,E000709,Dick,Johnson,1966-03-13,898-61-5668,richard.johnson709@example.com,2625 Johnson St,Raleigh,NC,27601,The Coca-Cola Company
1140,E000709,RICHARD,Johnson,1966-03-13,,richard.johnson709@example.com,2625 Johnson St,Raleigh,NC,27601,The Coca-Cola Company
1141,E000710,Jessica,GONZALEZ,1979-11-20,234-55-2574,jessica.gonzalez710@example.com,6120 Rodriguez St,Phoenix,AZ,85001,FedEx
1142,E000710,Jessica,Gonzalez,1979-11-20,234-55-2574,jessica.gonzalez710@example.com,,Phoenix,AZ,85001,Federal Express
1143,E000711,Jessica,DAVS,2000-05-19,714-64-2478,jessica.davis711@example.com,7022 Gonzalez St,Phoenix,AZ,85001,ATT
1144,E000712,Jennfer,Miller,1951-01-17,449-69-4673,,2640 Anderson St,Phoenix,AZ,85001,Johnson and Johnson
1145,E000713,John,Jones,1995-05-21,589-48-3434,john.jones713@example.com,2193 Hernandez St,Denver,CO,80202,Coca-Cola Co
1146,E000714,Linda,Rodriguez,1977-10-02,664-19-1738,linda.rodriguez714@example.com,,Phoenix,AZ,85001,Procter & Gamble
1147,E000715,Susan,Johnson,2972-06-09,699-20-9248,,366 Johnson St,Denver,CO,80202,Johnson & Johnson
1148,E000715,Susan,JOHNSON,1972-26-09,699-20-9248,susan.johnson715@example.com,,Denver,CO,80202,Johnson & Johnson
1149,E000716,Jenny,GONZALEZ,,526-48-6143,jennifer.gonzalez716@example.com,9720Lopez St,Charlotte,NC,28202,Johson and Johnson
1150,E000716,Jennifer,GONZALEZ,,526-48-6143,jennifer.gonzalez716@example.com,9720 Lopez St,Charlotte,NC,28202,Johnson & Johnson
1151,E000717,Joe,MARTINEZ,1983-03-07,289-20-5248,joseph.martinez717@example.com,1842 Miller St,Austin,TX,,IBM
1152,E000717,Joseph,Martinez,1983-03-07,,,2655 Gonzalez St,Austin,TX,78701,International Business Machines
1153,E000718,Jmes,Miller,1941-03-21,588-68-7637,james.miller718@example.com,9961 Lopez St,Durham,NC,27701,J&J
1154,E000719,Elizabeth,Martinez,1990-05-03,,elizabeth.martinez719@example.com,3226 Johnson St,Dallas,TX,95201,IBM
1155,E000719,Elizbeth,Martinez,1990-05-03,228-27-1227,,3226 Johnson St,Dallas,TX,75201,I.B.M.
1156,E000720,Michael,Wilson,1966-08-21,248-93-4961,michael.wilson720@example.com,7239 Wilson St,Raleigh,NC,27601,Federal Express
1157,E000721,Jon,ones,1958-08-14,122-24-3721,,2597 Lopez t,Denver,CO,80202,IBM Corp
1158,E000721,Jhn,JONES,1958-08-14,122-24-3721,john.jones721@example.com,2597 Lopez St,Denver,CO,80202,J and J
1159,E000722,Jessica,Davis,1997-10-08,306-47-7418,jessica.davis722@example.com,934 Garcia St,Raleigh,NC,27601,
1160,E000722,Jessica,Davis,1997-10-08,306-47-7418,jessica.davis722@example.com,934 Garci St,Raleigh,NC,27601,International Business Machines
1161,E000723,Patricia,Hernandez,1993-08-24,,patricia.hernandez723@example.com,706 Davis St,Phoenix,AZ,85001,P&G
1162,E000724,Jessica,Rodriguez,1969-12-02,640-12-7914,jessica.rodriguez724@example.com,954 Garcia St,Denver,CO,80202,General Electric
1163,E000724,JSSICA,Rodriguez,1969-12-02,640-12-7914,jessica.rodriguez724@example.com,9543 Garcia St,Denver,CO,80202,GE
1164,E000725,William,Anderson,,737-92-6681,william.anderson725@example.com,7445 Loez St,Phoenix,AZ,,P&G
1165,E000725,William,Anderson,2000-02-16,737-92-6681,,7445 Lopez St,Phoenix,AZ,85001,Procter & Gamble
1166,E000726,James,WILLIAMS,,448-39-9317,,3699 Martinez St,Austin,TX,88701,American Telephone and Telegraph
1167,E000726,JIMY,WILLIAMS,1964-08-12,548-39-9317,,3699 Martinez St,Austin,TX,78701,American Telephone & Telegraph
1168,E000727,Josep,Williams,1989-07-27,789-93-6902,,7838 Gonzalez St,Austin,TX,78701,United Parcel Service
1169,E000727,Joseph,Williams,1989-07-27,,joseph.williams727@example.com,7838 Gonzalez St,Austin,TX,78701,United Parcel Service
1170,E000727,Joseph,Williams,1989-07-27,789-93-6902,,7838 Gonzalez St,Austin,TX,78701,United Parcel Service
1171,E000728,MIKEY,Jones,2001-03-06,304-30-9063,michael.jones728@example.com,1753 Gonzalez St,Durham,NC,27701,Procter and Gamble
1172,E000729,Jessca,JONES,1966-09-02,118-55-5273,,5949 Hernandez t,Greensboro,NC,27401,UPS Inc
1173,E000729,Jessica,JONES,1966-09-02,118-55-5273,jessica.jones729@example.com,5949 Hernandez St,Greensboro,NC,27401,U.P.S.
1174,E000730,Jennifer,Wilson,1948-06-14,,jennifer.wilson730@example.com,2077 Rodriguez St,Raleigh,NC,27601,Federal Express
1175,E000731,Jessica,JONES,1985-01-29,,,2576 Wilso St,Dallas,TX,,General Electric Co
1176,E000731,Jessica,Jones,1985-01-25,998-81-5382,jessica.jones731@example.com,2576 Wilson St,Dallas,TX,75201,General Electric
1177,E000732,Mary,Anderson,1998-02-04,900-88-2669,mary.anderson732@example.com,9315 Smih St,Denver,CO,80202,General Electric
1178,E000733,Jennifer,Hernandez,1966-06-06,,jennifer.hernandez733@example.com,8388 Davis St,Durham,NC,27701,GE
1179,E000734,Robert,HERNANEZ,1982-03-04,968-35-8194,robert.hernandez734@example.com,6911 Gonzalez St,Dallas,TX,75201,International Business Machines
1180,E000735,Linda,Wilson,1983-05-17,275-20-5358,linda.wilson735@example.com,6201 Lopez St,Denver,CO,80202,Procter & Gamble
1181,E000736,Barbara,Hernandez,1959-09-14,906-39-3260,,7125 Miller St,Greensboro,NC,27401,P&G
1182,E000736,Barbara,Hernanez,1959-09-14,906-39-3260,barbara.hernandez736@example.com,7125 Miller St,Greensboro,NC,27401,P&G
1183,E000737,JOSEPH,WILSON,1943-08-05,888-11-9476,joseph.wilson737@example.com,1240 Johnson St,Dallas,TX,75201,AT&T
1184,E000737,Josep,Wilson,1943-08-05,888-11-9476,joseph.wilson737@example.com,1240 Johnson St,Dallas,TX,75201,AT&T
1185,E000738,Dave,Miller,1995-08-13,,,9513 Smih St,Charlotte,NC,28202,The Coca-Cola Company
1186,E000738,Dave,Miller,1995-01-13,877-14-3473,david.miller738@example.com,9513 Smith St,Charlotte,NC,28202,Coca Cola
1187,E000738,Dave,Miller,1995-01-13,877-14-3473,david.miller730@example.com,9513 Sith St,Charlotte,NC,28202,Coke
1188,E000739,Susan,Miller,1980-06-01,946-45-9647,susan.miller739@example.com,2506 Lopez St,Austin,TX,78701,Procter and Gamble
1189,E000740,Joey,Hernandez,1996-12-12,931-93-7627,joseph.hernandez740@example.com,3332 Anderson St,Greensboro,NC,27401,Coca Cola
1190,E000740,Joey,Hernandez,1996-12-12,931-93-7627,,,Greensboro,NC,27401,Coke
1191,E000740,Joseph,HERNANDEZ,1996-12-12,,,3332 Anderson St,Greensboro,NC,27401,Coca Cola
1192,E000741,John,Smith,1989-12-24,857-26-9527,john.smith741@example.com,8960 Jones St,Dallas,TX,75201,Federal Express
1193,E000742,JOHN,RODRIGUEZ,1983-11-06,,john.rodriguez742@example.com,9807 Jones St,Austin,TX,78701,Fed Ex
1194,E000742,Johny,Rodriguez,1983-11-09,,,9807 Jones St,Austin,TX,78701,
1195,E000742,John,Rodriguez,1983-11-06,123-13-9846,john.rodriguez742@example.com,9807 Jones St,Austin,TX,78701,Federal Express
1196,E000743,Elizabeth,Lopez,1954-12-02,961-57-5255,elizabeth.lopez703@example.com,8414 Garcia St,Phoenix,AZ,85001,General Electric
1197,E000744,MARY,Gonzalez,1997-05-19,854-10-8424,mary.gonzalez744@example.com,5653 Brown St,Durham,NC,27701,FedEx
1198,E000744,MARY,Davis,1997-05-19,854-10-8424,,5653 Brown St,Durham,NC,27701,Fed Ex
1199,E000745,Barbara,Jones,1957-12-13,632-41-2724,barbara.jones745@example.com,,Austin,TX,78701,Federal xpress
1200,E000746,BARBARA,Davis,1958-12-14,,,1611 Smith S,Durham,NC,27701,P&G
1201,E000746,BARBARA,DAVIS,1958-12-14,948-60-2342,barbara.davis746@example.com,611 Smith St,Durham,NC,27709,Procter & Gamble
1202,E000746,Barbara,Davis,1958-12-14,948-62-2342,barbara.davis746@example.com,1611 Smith St,Durham,NC,27701,P&G
1203,E000747,Robert,Davis,1997-02-12,793-77-7598,robert.davis747@example.com,9737 Rodriguez St,Greensboro,NC,07401,P and G
1204,E000748,William,Martinez,1994-08-23,,william.martinez748@example.com,2464 Rodriguez St,Denver,CO,80202,United Parcel Service
1205,E000749,JESSICA,Lopez,1956-12-17,,,,Denver,CO,80202,J&J
1206,E000750,Mar,Lopez,1987-02-20,972-62-2807,mary.lopez750@example.com,2080 Garcia St,Charlotte,NC,28202,The Coca-Cola Company
1207,E000751,MARY,RODRIGUEZ,1955-06-10,483-48-5816,mary.rodriguez751@example.com,8061Smith St,Charlotte,NC,28202,United Parcel Service
1208,E000752,Robert,Gonzalez,1946-05-10,,robert.gonzalez752@example.com,,Phoenix,AZ,88001,American Telephone and Telegraph
1209,E000752,Robert,Gonzalez,1946-05-10,320-33-9008,robert.gonzalez652@example.com,134 Johnson St,Phoenix,AZ,85001,ATT
1210,E000753,Jon,Wilson,1993-08-19,417-82-8411,john.wilson753@example.com,5634 Gonzalez St,Raleigh,NC,27601,P&G
1211,E000753,JON,WILSON,1993-08-19,417-82-8411,john.wilson753@example.com,5634 Gonzalez St,Raleigh,NC,27601,Procter and Gamble
1212,E000754,Jessica,Wilson,1957-09-21,,jessica.wilson754@example.com,2540 Wilson St,Charlotte,NC,28202,American Telephone and Telegraph
1213,E000754,Jessica,Wilson,1957-09-21,571-67-8357,jessica.wilson654@example.com,2540 Wilson St,Charlotte,NC,28202,AT&T
1214,E000754,JESSICA,Wilson,1957-09-21,,jessica.wilson754@example.com,,Charlotte,NC,28202,American Telephone and Telegraph
1215,E000755,Jon,Gonzalez,1989-04-13,447-79-1750,,8542 Garcia St,Phoenix,AZ,85001,Coke
1216,E000755,Jon,Gonzalez,1989-04-13,,john.gonzalez755@example.com,7359 Lopez St,Phoenix,AZ,85001,The Coca-Cola Company
1217,E000756,Jonny,Wilson,1943-10-21,915-49-3028,,9264 Johnson St,Charlotte,NC,28202,Federal Express Corp
1218,E000756,John,WILSON,1943-10-21,,john.wilson756@example.com,,Charlotte,NC,,ederal Express
1219,E000756,JOHN,Wilson,1959-01-14,915-49-3028,john.wilson756@example.com,9264 Johnson St,Charlotte,NC,28202,Fed Ex
1220,E000756,JOHN,Wilson,1943-90-21,915-49-3028,john.wilson756@example.com,9264 Johnson St,Charlotte,NC,28202,Federal Express Corp
1221,E000757,Mary,Martinez,2000-09-01,223-94-9713,mary.martinez757@example.com,3044 Smith St,Greensboro,NC,27401,The Coca-Cola Company
1222,E000758,MIKE,Brown,1950-09-20,428-61-1737,,8152 Wilson St,Denver,CO,80202,
1223,E000759,Dave,MILER,1993-01-28,,david.miller759@example.com,4313 Johnson St,Charlotte,NC,28202,General Electric Co
1224,E000760,,RODRIGUEZ,1976-03-06,361-21-3526,,5126 Miller St,Charlotte,NC,28202,U.P.S.
1225,E000761,MARY,Martinez,1963-01-23,,,1717 Garcia St,Dallas,TX,75201,US
1226,E000762,Sue,ANDERSON,1973-07-21,223-16-4318,,4025 Gonzalez St,Dallas,TX,75201,FedEx
1227,E000763,Jessica,Rodriguez,1954-05-02,455-69-7669,jessica.rodriguez763@example.com,,Phoenix,AZ,85001,International Business Machines
1228,E000764,SUSAN,Hernandez,1942-05-18,700-96-2663,susan.hernandez764@example.com,4135 Gonzalez St,Greensboro,NC,27001,United Parcel Service
1229,E000765,ELIZABETH,Martinez,1997-02-28,751-74-4333,elizabeth.martinez765@example.com,,Phoenix,AZ,85001,Unted Parcel Service
1230,E000766,Linda,RODRIGUEZ,1997-01-08,932-69-5739,linda.rodriguez766@example.com,2842 Smith St,Phoenix,AZ,85001,International Business Machines
1231,E000766,Linda,Rodriguez,1997-01-01,932-69-5739,linda.rodriguez766@example.com,242 Smith St,Phoenix,AZ,85001,International Business Machines
1232,E000767,Jessica,JONES,1988-06-27,747-37-9361,jessica.jones767@example.com,4709 Smith St,Austin,TX,78701,UPS
1233,E000767,Jessica,Jones,1988-06-27,747-37-9361,jessica.jones787@example.com,4709 Smith St,Austin,TX,80202,United Parcel Service
1234,E000768,Jon,Jones,1990-12-04,,john.jones768@example.com,7177 Brown St,Durham,NC,27701,ATT
1235,E000768,Joh,JONES,1990-12-04,,john.jones768@example.com,7177 Brown St,Durham,NC,,AT&T
1236,E000769,Dave,Hernandez,1997-05-08,,david.hernandez769@example.com,3550 Davis St,Austin,TX,78701,American Telephone & Telegraph
1237,E000769,David,Hernandez,6997-05-08,778-51-6597,david.hernandez769@example.com,3550 Davi St,Austin,TX,78701,AT&T
1238,E000770,James,Anderson,1940-10-16,,james.anderson770@example.com,6869 Rodiguez St,Charlotte,NC,28202,Johnson & Johnson
1239,E000771,RICH,Rodiguez,1949-09-01,952-92-8293,richard.rodriguez771@example.com,2122 Garcia St,Durham,NC,27701,Procter and Gamble
1240,E000772,Barbara,Miller,1941-02-15,479-34-8283,barbara.miller772@example.com,253 Brown St,Charlotte,NC,28202,
1241,E000772,BABARA,MILLER,1941-02-15,479-34-8283,barbara.miller772@example.com,253 Brown St,Charlotte,NC,28202,International Business Machines
1242,E000773,Bill,Hernandez,1964-02-27,,william.hernandez773@example.com,3723 Brown St,Dallas,TX,75201,Johnson and Johnson
1243,E000773,BILL,HERNANDEZ,9964-02-27,728-90-5967,william.hernandez773@example.com,3723 Brwn St,Dallas,TX,75201,Johnson and Johnson
1244,E000774,Barbara,SMITH,2003-92-23,720-36-1116,barbara.smith774@example.com,,Austin,TX,,Procter & Gamble
1245,E000774,Barbara,SMITH,2003-12-23,720-36-1116,barbara.smith774@example.com,3312 Wilson St,Austin,TX,78701,Procter and Gamble
1246,E000775,PATRICIA,WILSON,2003-03-18,,patricia.wilson775@example.com,,Austin,TX,78701,UPS
1247,E000776,John,Williams,1969-09-24,901-45-4143,john.williams776@example.com,,Austin,TX,77701,The Coca-Cola Company
1248,E000776,Jon,WILLIAMS,1969-09-24,,john.williams776@example.com,478 Lopez St,Austin,TX,78701,Coke
1249,E000777,Joseph,Smith,1946-06-14,964-62-5489,joseph.smith777@example.com,,Phoenix,AZ,85001,J and J
1250,E000777,Joseph,Smith,1946-06-14,964-62-5489,joseph.smith777@example.com,2094 Hernandez St,Phoenix,AZ,85001,Johnson & Johnson
1251,E000778,Jessica,Garcia,1968-01-09,530-78-8354,,5281 Smith St,Raleigh,NC,27601,
1252,E000778,Jesica,Garcia,1968-01-00,530-78-8354,jessica.garcia778@example.com,5281 Smith St,Raleigh,NC,,Procter & Gamble
1253,E000778,Jessica,Garcia,1968-01-09,530-78-8354,,5281 Smith St,Raleigh,NC,27601,P&G
1254,E000779,MICHEL,Garcia,1943-12-08,806-64-2219,,1578 Smith St,Durham,NC,27701,United Parcel Service
1255,E000779,Michael,Garcia,1945-05-26,306-64-2219,michael.garcia779@example.com,4195 Brown St,Durham,NC,27701,United Parcel Service
1256,E000780,David,Jones,1952-01-16,,david.jones780@example.com,,Durham,NC,27701,General Electric
1257,E000780,Davi,JONES,1952-01-16,542-13-6477,david.jones780@example.com,,,NC,27701,G.E.
1258,E000781,Jessica,Brown,,913-40-2194,jessica.brown781@example.com,9929 Martinez St,Dallas,TX,75201,Johnson & Johnson
1259,E000781,Jessica,Brown,1946-06-17,913-40-2194,jessica.brown781@example.com,9929 Martinez St,Dallas,TX,75201,Johnson & Johnson
1260,E000781,Jessica,Brown,,913-40-2194,jessica.brown781@example.com,9929 Martinez St,Dallas,TX,75201,Johnson and Johnson
1261,E000781,Jessica,Brown,1946-06-17,913-40-2194,jessica.brown781@example.com,,Dallas,TX,75201,Johnson and Johnson
1262,E000782,Patricia,HERNANDEZ,1955-02-02,134-58-6132,patricia.hernandez782@example.com,1165 Gonzalez St,Denver,CO,80202,United Parcel Service
1263,E000782,PATRICIA,Smith,1955-02-02,134-58-6132,,1165 Gonzalez St,Denver,CO,80202,United Parcel Service
1264,E000783,Mary,Anderson,1947-05-20,,mary.anderson783@example.com,1768 Hernandez St,Denver,CO,80202,International Business Machines
1265,E000783,Mary,Anderson,1947-05-20,741-65-2077,mary.anderson783@example.com,1768 Hernandez t,Denver,CO,80202,IBM Corp
1266,E000783,Mary,ANDERSON,,741-65-2977,mary.anderson788@example.com,168 Hernandez St,Denver,CO,80202,International Business Machines
1267,E000784,Mary,Jones,1991-02-20,870-62-4919,mary.jones784@example.com,9923 onzalez St,Phoenix,AZ,15001,International Business Machines
1268,E000784,Mary,JNES,1991-02-20,870-62-4819,,9923 Gonzalez St,Phoenix,AZ,85001,International Business Machines
1269,E000785,Joseph,Miller,1994-10-20,203-53-1425,joseph.miller785@example.com,7539 Rodriguez St,,CO,80202,American Telephone & Telegraph
1270,E000785,Joe,Miller,1994-10-20,203-53-1425,joseph.miller785@example.com,7539 Rodriguez St,Denver,CO,80202,American Telephone and Telegraph
1271,E000786,Mchael,Johnson,1941-10-23,169-85-4172,,9491 Williams St,Durham,NC,27701,The Coca-Cola Company
1272,E000787,BARBARA,Miller,1996-03-08,,barbara.miller787@example.com,2191 Jones St,Denver,CO,80202,Procter & Gamble
1273,E000788,Barbara,Jones,1958-08-10,,,6142 Smith St,Charlotte,NC,28202,UPS
1274,E000789,Mary,Brown,1994-06-03,,mary.brown789@example.com,1220 Garcia St,Raleigh,NC,27601,Federal Express
1275,E000789,May,Brow,1962-04-23,305-91-4297,mary.brown789@example.com,1220 Garcia St,Raleigh,NC,27601,Federal Express Corp
1276,E000790,Jessica,Lopez,,443-88-5909,jessica.lopez750@example.com,,Denver,CO,80202,UPS Inc
1277,E000791,Patricia,Davis,2003-04-01,754-38-4772,patricia.davis791@example.com,7743 Martinez St,Raleigh,NC,27601,Fed Ex
1278,E000791,Patrcia,DAVIS,2003-04-01,754-38-4772,patricia.davis791@example.com,774 Martinez St,Raleigh,NC,27601,Federal Express
1279,E000792,Linda,Davis,1988-04-13,288-10-6944,linda.davis792@example.com,262 Johnson St,Dallas,TX,75201,American Telephone and Telegraph
1280,E000792,LINDA,Davis,1988-04-13,288-10-6944,linda.davis792@example.com,262 Johnson St,Dallas,TX,75201,AT&T
1281,E000793,Jams,Rodriguez,1958-05-15,,james.rodriguez793@example.com,819 Smith St,Durham,NC,27701,
1282,E000794,Michae,Jones,1968-05-27,278-53-5029,michael.jones794@example.com,3025 BrownSt,Charlotte,NC,28202,International Business Machines
1283,E000795,JEN,WILSON,1952-01-27,793-27-7208,jennifer.wilson795@example.com,1918 Garcia St,Austin,TX,78701,FedEx
1284,E000795,Jennifer,Wilson,1952-01-27,,,1918 Garcia St,Austin,TX,78701,Federal Express
1285,E000796,Elizabeth,Davs,1987-06-22,275-77-8106,elizabeth.davis796@example.com,1171 Jonson St,Greensboro,NC,27401,U.P.S.
1286,E000797,BB,GONZALEZ,1924-09-13,811-57-6209,,9923 Miller St,,NC,,Federal Express
1287,E000798,Mary,GONZALEZ,1977-03-11,353-16-5588,mary.gonzalez798@example.com,2171 Wilson St,Greensboro,NC,27401,ohnson & Johnson
1288,E000798,May,Gonzale,1977-03-11,353-16-5588,mary.gonzalez798@example.com,2171 Wilson St,Greensboro,NC,27401,Johnson & Johnson
1289,E000798,Mary,Gonzalez,1977-03-11,353-16-5588,mary.gonzalez798@example.com,,Greensboro,NC,27401,Johnson & Johnson
1290,E000798,Mary,Gonzalez,1977-03-11,353-16-5588,mary.gonzalez798@example.com,,Greensboro,NC,27401,J&J
1291,E000799,Michael,LOPEZ,2000-11-20,166-31-9333,,6458 Gonzalez St,Durham,NC,27701,American Telephoe and Telegraph
1292,E000800,Jessica,Rodriguez,1973-11-22,482-77-8918,jessica.rodriguez800@example.com,8206 Davis St,Denver,CO,80202,Coca-Cola Co
1293,E000800,JESSICA,Rodriguez,1962-06-23,482-77-8918,jessica.rodriguez800@example.com,8206 Davis St,Denver,CO,80202,Coca Cola
1294,E000801,Rich,Hernandez,1966-04-07,562-40-7486,richard.hernandez801@example.com,3681 Jones St,Raleigh,NC,27601,International Business Machines
1295,E000802,Richard,Martinez,1987-05-18,,,4934 Davis St,Charlotte,NC,28202,AT&T
1296,E000802,ichard,Martinez,1987-05-18,186-27-2376,richard.martinez802@example.com,4934 Davis St,Charlotte,NC,28202,ATT
1297,E000802,Richard,Martinez,1943-10-23,186-27-2376,,4934 Davis St,Charlotte,NC,28202,A T and T
1298,E000803,,Martinez,1999-09-20,,linda.martinez803@example.com,7760 Miller St,Raleigh,NC,27601,
1299,E000804,Barbara,Gonzalez,1980-05-13,125-32-8236,barbara.gonzalez804@example.com,3930 Jones St,Denver,CO,80202,G.E.
1300,E000805,Barbara,nderson,1977-09-17,659-92-2280,barbara.anderson805@example.com,4628 Anderson St,Durham,NC,27701,Federal Express
1301,E000805,Barbara,Anderson,1977-09-17,,barbara.anderson805@example.com,,Durham,NC,27701,Federal Express
1302,E000806,Patricia,,1986-01-18,,patricia.johnson806@example.com,5494 Jones St,Durham,NC,27701,Coca Cola
1303,E000807,Willim,Bown,1973-01-25,406-46-6679,william.brown807@example.com,6716 Miller St,Charlotte,NC,28202,International Business Machines
1304,E000807,Willam,Brown,1973-01-25,406-46-6679,william.brown807@example.com,6716 Miller St,Charlotte,NC,28202,IBM
1305,E000807,Wiliam,Brown,1973-01-22,,william.brown807@example.com,6716 Miller St,Charlotte,NC,28202,IBM
1306,E000807,William,Brown,1973-01-25,,william.brown807@example.com,6716 Miller St,Charlotte,NC,28202,I.B.M.
1307,E000808,Jessica,Hernandez,1990-04-08,840-36-8773,,399 Rodriguez St,Charlotte,NC,28202,Jhnson & Johnson
1308,E000808,JESSICA,Hernandez,1990-04-08,840-36-8773,jessica.hernandez808@example.com,,Charlotte,NC,28202,Johnson and Johnson
1309,E000809,Joseph,Garcia,1980-04-14,888-99-7843,joseph.garcia209@example.com,3533 Davis St,Durham,NC,27701,
1310,E000809,Joseph,Garcia,1980-04-14,888-99-7843,joseph.garcia809@example.com,3533 Davis St,Durham,NC,27701,Johnson and Johnson
1311,E000810,JAMES,Garcia,1956-05-24,,james.garcia815@example.com,5667 Brown St,Charlotte,NC,28202,P and G
1312,E000811,SUSAN,Hernandez,1978-06-19,123-82-1527,susan.hernandez811@example.com,,Phoenix,AZ,27401,
1313,E000811,Susan,Hernandez,1978-06-19,123-82-1527,susan.hernandez811@example.com,2379 Williams St,Phoenix,AZ,85001,ATT
1314,E000812,Richard,Miller,1990-02-18,695-34-8778,richard.miller812@example.com,879 Garcia St,Greensboro,NC,27401,J and J
1315,E000813,Bety,Johnson,1953-11-18,,elizabeth.johnson813@example.com,539 Williams St,Charlotte,NC,28202,I.B.M.
1316,E000814,John,Anderson,,398-94-9591,john.anderson813@example.com,,Phoenix,AZ,85001,International Business Machines
1317,E000815,BARARA,RODRIGUEZ,1961-06-28,520-60-3572,barbara.rodriguez815@example.com,1914 Williams St,Raleigh,NC,27601,Procter and Gamble
1318,E000816,essica,Lopez,1989-04-05,,jessica.lopez816@example.com,7181 Wilson St,Durham,NC,27701,Johnson and Johnson
1319,E000817,Jennifer,Martinez,1965-09-23,801-68-5512,jennifer.martinez817@example.com,3404 Smith St,Austin,TX,78701,UPS Inc
1320,E000818,Joseph,JOHNSON,1971-09-11,,joseph.johnson818@example.com,2972 Hernandez St,Phoenix,AZ,85001,International Business Machines
1321,E000819,Jo,Jones,1984-12-27,828-48-7407,john.jones819@example.com,2969 Miler St,Denver,CO,80202,Federal Express
1322,E000820,Jennifer,Anderson,1953-03-10,,,6547 Lopez St,Phoenix,AZ,85001,International Business Machines
1323,E000821,Linda,Anderson,1975-11-18,398-95-2093,linda.anderson821@example.com,3659 Anderson St,Charlotte,NC,28202,Johnson & Johnson
1324,E000821,Linda,Anderson,1975-11-18,,linda.anderson821@example.com,3659 Anderson St,Charlotte,NC,28202,Johnson and Johnson
1325,E000821,Linda,ANDERSON,1975-11-18,398-95-2093,linda.anderson821@example.com,3659 Anderson St,Charlotte,NC,28202,J and J
1326,E000822,usan,Gonzalez,1987-02-25,207-74-6341,susan.gonzalez822@example.com,6819 Davis St,Durham,NC,27701,United Prcel Service
1327,E000823,Wlliam,Brown,1999-01-03,754-98-8567,william.brown823@example.com,6344 Garcia St,Raleigh,NC,28202,Procter & Gamble
1328,E000824,MCHAEL,Miller,1941-05-04,826-27-6359,michael.miller824@example.com,7706 Davis St,Raleigh,NC,27601,J&J
1329,E000824,Mike,Miller,1941-05-14,806-27-6359,michael.miller824@example.com,7706 Davis St,Raleigh,NC,27601,Johnson and Johnson
1330,E000825,John,JOHNSON,1996-03-16,,john.johnson825@example.com,2894 Wilson St,Greensboro,NC,27481,International Business Machines
1331,E000825,JOHN,Johnson,1996-03-16,940-45-3643,john.johnson825@example.com,2894 Wilson St,Greensboro,NC,27401,I.B.M.
1332,E000826,Patricia,Williams,1955-09-24,,patricia.williams826@example.com,283 Hernandez St,Austin,TX,78701,The Coca-Cola Company
1333,E000827,Robert,Davis,1962-04-23,135-96-9721,,3641 Davis St,Dallas,TX,75201,International Business Machines
1334,E000827,Robert,Davis,,135-96-9721,robert.davis887@example.com,,Dallas,TX,75201,International Business Machines
1335,E000828,PATRICIA,MILLER,1996-01-20,104-16-7183,patricia.miller828@example.com,3405 Anderson St,Austin,TX,78701,Federal Express
1336,E000828,PATRCIA,,1996-01-20,104-16-7185,patricia.miller828@example.com,3405 Anderson St,Austin,TX,78701,Fedral Express
1337,E000829,Barbar,Anderson,1965-02-01,,barbara.anderson829@example.com,5623 Wilson St,Greensboro,NC,27401,Federal Express
1338,E000830,Jon,Brown,1961-12-06,145-63-9396,john.brown890@example.com,1864 Wilson St,Durham,NC,27701,A T and T
1339,E000831,Dae,Rodriguez,1966-09-13,538-25-4805,david.rodriguez831@example.com,3602 Johnson St,Greensboro,NC,27401,ATT
1340,E000832,David,Williams,1991-11-11,112-59-4485,david.williams832@example.com,761 Brown St,Raleigh,NC,,General Electric
1341,E000832,David,Williams,1991-11-11,112-59-4485,david.williams832@example.com,7616 Brown St,Raleigh,NC,27601,General Electric
1342,E000833,William,HERNANDEZ,1945-02-07,,william.hernandez833@example.com,1768 opez St,Dallas,TX,75201,U.P.S.
1343,E000833,William,Hernandez,1945-02-07,520-48-9185,,1768 Lopez St,Dallas,TX,75201,United Parcel Service
1344,E000834,William,Johnson,1989-11-25,810-27-6440,william.johnson834@example.com,2972 Hernandez St,Dallas,TX,75201,American Telephone & Telegraph
1345,E000834,,Johnson,1989-11-25,810-27-6440,,2972 Hernandez St,Dallas,TX,75201,A T and T
1346,E000834,William,Johnson,1989-11-25,,,2972 Hernandez St,Dallas,TX,,American Telephone and Telegraph
1347,E000835,Jessica,Johnson,1942-10-19,559-58-9372,jessica.johnson835@example.com,3908 Rodriguez St,Dallas,TX,75201,International Business Machines
1348,E000835,Jessica,Johnson,1942-10-19,559-58-9372,jessica.johnson835@example.com,3908 Rodriguez St,Dallas,TX,75201,International Business Machines
1349,E000836,LINDA,Smith,1979-04-24,538-41-2300,linda.smith836@example.com,1081 Williams St,Durham,NC,27701,ATT
1350,E000836,Linda,Smith,1979-04-24,,linda.smith836@example.com,1081 Williams S,Durham,NC,27701,AT&T
1351,E000837,JESSICA,JONES,,757-14-4900,jessica.jones837@example.com,9898 Davis St,Greensboro,NC,27401,
1352,E000838,BB,JONES,1945-09-26,524-92-3726,,,Dallas,TX,75201,AT&T
1353,E000839,Dvid,Brown,1946-11-08,920-97-4644,david.brown839@example.com,6350 Rodriguez St,Greensboro,NC,27401,
1354,E000839,Dae,Brown,1946-11-08,,david.brown839@example.com,6350 Rodriguez St,Greensboro,NC,27401,American Telephone & Telegraph
1355,E000840,Jn,DAVIS,1948-08-03,297-16-3318,,3445 Williams St,Raleigh,NC,27101,General Electric Co
1356,E000840,JENNIFER,Davis,1948-08-03,297-16-3318,,3445 Williams St,Raleigh,NC,27601,G..
1357,E000841,Jenny,Martinez,1970-09-03,536-69-6103,jennifer.martinez841@example.com,2789 Lopez St,Greensboro,NC,27401,Federal Express
1358,E000842,Linda,Miller,,690-67-4299,linda.miller812@example.com,4554 Wilson St,Charlotte,NC,28202,Johnson & Johnson
1359,E000843,Johnny,Garcia,1988-03-16,551-64-9278,john.garcia843@example.com,7201 Gonzalez S,Phoenix,AZ,85001,U.P.S.
1360,E000844,Jessia,Smith,1994-02-25,,jessica.smith844@example.com,203 Rodriguez St,Phoenix,AZ,85001,U.P.S.
1361,E000845,William,Miller,,484-81-8872,william.miller841@example.com,1278 Garcia St,Denver,CO,80202,UPS
1362,E000846,Jessica,BROWN,1964-01-01,982-74-7131,jessica.brown846@example.com,8151 Miller St,Charlotte,NC,,Procter and Gambl
1363,E000847,RICK,Lopez,1999-08-10,756-85-2167,richard.lopez847@example.com,6797 Anderso St,Dallas,TX,75201,IBM Corp
1364,E000848,Patrcia,Miller,1964-07-09,889-54-9349,patricia.miller848@example.com,8105 Hernandez St,,NC,28202,ATT
1365,E000849,Mary,HERNANDEZ,1994-12-08,348-71-1565,mary.hernandez849@example.com,6021 Hernandez St,Phoenix,AZ,85001,
1366,E000849,MARY,HERNANDEZ,1994-12-08,348-71-1565,mary.hernandez849@example.com,6021 Hernandez St,Phoenix,AZ,85001,International Business Machines
1367,E000850,Robert,Jones,1958-07-08,716-84-3644,robert.jones850@example.com,302 Johnson St,Denver,CO,80202,General Electric
1368,E000850,Rob,Jones,1958-05-08,716-84-3644,,302 Johnson St,Denver,CO,80202,General Electric Co
1369,E000851,Richard,Miller,,,richard.miller851@example.com,5051 Rodriguez St,Durham,NC,27701,Procter and Gamble
1370,E000851,RICHARD,MILLER,1964-07-06,949-64-5143,richard.miller851@example.com,5051 Rodriguez St,Durham,NC,27701,P and G
1371,E000852,ELIZABETH,Lopez,1954-02-21,686-54-3338,elizabeth.lopez852@example.com,4507 opez St,Phoenix,AZ,85001,Federal Express
1372,E000853,RICHARD,Lope,1940-03-27,,richard.lopez853@example.com,1244 Gonzalez St,Austin,TX,78701,Procter and Gamble
1373,E000854,Sue,Hernandez,1995-03-06,,,3344 Davis St,Austin,TX,78701,United Parcel Service
1374,E000854,Susan,HERNANDEZ,1995-00-06,483-33-3203,susan.hernandez854@example.com,,Austin,TX,78701,United Parcel Service
1375,E000855,Patricia,Davis,1963-04-02,867-33-4143,patricia.davis855@example.com,4349 Anderson St,Greensboro,NC,27401,P and G
1376,E000856,Joseph,Hernandez,1862-06-18,187-58-3042,joseph.hernandez856@example.com,,Durham,NC,27701,
1377,E000857,James,Martinez,2001-08-22,878-22-1155,james.martinez857@example.com,1100 Jones St,Greensboro,NC,27401,International Business Machines
1378,E000858,MARY,Johnson,1940-07-20,632-44-8961,mary.johnson858@example.com,7853 Gonzalez St,Greensboro,NC,27404,AT&T
1379,E000859,Susan,Garcia,1983-06-27,,susan.garcia859@example.com,6300 Martinez St,Dallas,TX,75201,International Business Machines
1380,E000859,Susan,GARCIA,1983-06-27,345-56-7528,susan.garcia859@example.com,6300 Martinez St,Dallas,TX,75201,I.B.M.
1381,E000859,Susan,HERNANDEZ,1983-06-27,345-56-7528,susan.garcia859@example.com,6300 Marinez St,Dallas,TX,75201,International Business Machines
1382,E000859,SUSAN,Garcia,1983-06-27,345-56-7528,susan.garcia859@example.com,6300 Martinez St,Dallas,TX,75201,International Business Machines
1383,E000860,Barbara,Wilson,,991-99-7583,barbara.wilson860@example.com,2375 Smith St,Dallas,TX,75201,General Electric
1384,E000860,Barbara,Wilson,1952-01-15,991-99-7583,barbara.wilson860@example.com,2375 Smith St,Dallas,TX,75201,G
1385,E000861,William,Lopez,1987-08-20,802-94-8785,william.lopez861@example.com,8536 Miller St,Greensboro,NC,27401,Federal Express Corp
1386,E000862,James,HERNANDEZ,1942-11-12,994-15-6333,james.hernandez862@example.com,7379 Brown St,Dallas,TX,75201,Johnson and Johnson
1387,E000862,James,Hernandez,1942-11-12,994-15-6333,,7379 Brown St,Dallas,TX,75201,Johson and Johnson
1388,E000863,ichard,LOPEZ,1984-07-16,774-99-2645,richard.lopez863@example.com,6405 Jones St,Durham,NC,27701,FedEx
1389,E000864,RBERT,Wilson,1956-08-26,789-48-9990,,7748 Williams St,Raleigh,NC,27601,Johnson & Johnson
1390,E000864,ROBERT,Wilson,1956-08-26,189-48-9990,robert.wilson864@example.com,7748 Williams St,Raleigh,NC,27601,Johnson and Johnson
1391,E000865,Patricia,DAVIS,1971-04-06,871-94-2465,patricia.davis865@example.com,,Greensboro,NC,27401,I.B.M.
1392,E000865,Patricia,Davis,1971-04-06,871-94-2485,patricia.davis865@example.com,,Greensboro,NC,27401,
1393,E000866,Jennifer,Anderson,1989-05-08,836-42-8803,jennifer.anderson866@example.com,,Dallas,TX,75201,U.P.S.
1394,E000866,Jen,,1989-05-08,836-42-8803,jennifer.anderson866@example.com,2116 Hernandez St,Dallas,TX,75201,United Parcel Service
1395,E000867,Jessica,Johnson,1968-10-25,715-18-6623,jessica.johnson867@example.com,6276 Anderson St,Dallas,TX,75201,Procter & Gamble
1396,E000868,Susan,GONZALEZ,1968-05-04,397-21-2824,susan.gonzalez868@example.com,1560 Garci St,Greensboro,NC,27401,Fed Ex
1397,E000869,Patricia,Martinez,1956-06-13,690-10-6092,patricia.martinez869@example.com,,Dallas,TX,75201,Fed Ex
1398,E000870,,MILLER,,229-76-4639,,1846 Miller St,Dallas,TX,,International Business Machines
1399,E000871,Joeph,Garcia,1977-04-16,796-68-3415,joseph.garcia871@example.com,,Charlotte,NC,28202,United Parcel Service
1400,E000871,Joseph,Garcia,1977-04-16,799-68-3415,joseph.garcia871@example.com,9954 Jnes St,Charlotte,NC,28202,United Parcel Service
1401,E000872,MARY,Martinez,1979-09-23,326-45-8836,mary.martinez872@example.com,3634 Davis St,Dallas,TX,75208,The Coca-Cola Company
1402,E000872,Mary,Martinez,1979-09-23,226-45-8836,mary.martinez872@example.com,3634 Davis St,Dallas,TX,75201,
1403,E000873,Richard,SMITH,1959-12-07,968-38-1861,,3033 Wilson St,Dallas,TX,75201,Johnson and Johnson
1404,E000873,ichard,Smith,1959-12-07,968-38-1861,richard.smith873@example.com,3033 Wilson St,,TX,75201,Johnson and Johnson
1405,E000874,RICH,Jones,1942-09-13,445-64-8756,richard.jones874@example.com,5806 Gonzalez St,Charlotte,NC,,
1406,E000874,RICHARD,Jones,1942-09-13,445-64-8756,richard.jones874@example.com,5806 Gonzalez St,Charlotte,NC,28202,Procter & Gamble
1407,E000875,Rick,Johnsn,1976-12-07,817-80-7451,richard.johnson875@example.com,1694 Williams St,Austin,TX,78701,American Telephone & Telegraph
1408,E000876,Mar,Wilson,1998-11-06,691-27-8239,,8004 Jones St,Austin,TX,78701,UPS
1409,E000877,Michael,Brown,1901-06-24,976-83-2670,michael.brown877@example.com,2518 Miller St,Greensboro,NC,27401,Procter and Gamble
1410,E000878,Jn,Anderson,1952-06-16,,jennifer.anderson878@example.com,8544 Hernandez St,,NC,27601,American Telephone and Telegraph
1411,E000879,SUSAN,Williams,1971-01-04,746-60-9005,susan.williams879@example.com,5059 Lopez St,Phoenix,AZ,85001,United Parcel Service
1412,E000880,,GONALEZ,1999-11-13,381-90-8242,,6118 Smith St,Durham,NC,27701,
1413,E000881,PATRICIA,Johnson,2002-11-22,621-38-1377,,9714 Martinez St,Durham,NC,27701,Johson and Johnson
1414,E000882,WILLIAM,Lopez,1963-07-16,760-99-8105,william.lopez882@example.com,4988 Martinez St,Durham,NC,27701,United arcel Service
1415,E000883,Patricia,Garcia,1963-07-27,917-12-7451,patricia.garcia883@example.com,9210 Wilson St,Durham,NC,27701,J&J
1416,E000883,Patricia,GARCIA,1963-07-27,,patricia.garcia283@example.com,9210 Wilson St,Durham,NC,27701,Johnson & Johnson
1417,E000884,JOHN,Rodriguez,1966-11-04,285-86-3948,,187 Rodriguez St,Durham,NC,47701,Johnson and Johnson
1418,E000885,David,Johnson,1956-10-07,,david.johnson885@example.com,9315 Jones St,Raleigh,NC,27601,IBM Corp
1419,E000886,John,Johnson,1986-09-06,533-94-1001,john.johnson886@example.com,,Austin,TX,78701,IBM Corp
1420,E000887,Betty,Hernandez,1957-10-16,811-50-9563,elizabeth.hernandez887@example.com,5869 Martinez St,Denver,CO,80202,Fed E
1421,E000888,Patricia,Hernandez,,245-48-4526,patricia.hernandez888@example.com,2298 Martinez St,Raleigh,NC,27601,Federal Express
1422,E000889,BARBARA,Jones,1994-02-18,361-43-7255,barbara.jones889@example.com,2775 Miller St,Charlotte,NC,28202,Johnson and Johnson
1423,E000890,JOHN,Jones,1958-09-07,,john.jones890@example.com,,Phoenix,AZ,85001,American Telephone and Telegraph
1424,E000890,John,Jones,1958-09-07,172-90-5413,,3256 Lopez St,Phoenix,AZ,85001,ATT
1425,E000891,Jennifer,Miller,1980-07-13,126-87-5055,jennifer.miller851@example.com,1370 Jones St,Charlotte,NC,28202,General Electric Co
1426,E000891,Jennifer,MILLER,1980-07-13,126-87-5055,jennifer.miller891@example.com,1370 Jones St,Charlotte,NC,28202,GE
1427,E000892,PTRICIA,Hernandez,1948-06-21,,patricia.hernandez892@example.com,4576 Williams St,Phoenix,AZ,85001,
1428,E000893,WILLIAM,Smith,,207-25-3879,william.smith893@example.com,8725 Lopez St,Durham,NC,27701,The Coca-Cola Company
1429,E000894,JESSICA,Johnson,1976-09-09,702-22-1785,jessica.johnson894@example.com,2897 Garcia St,Dallas,TX,75201,Procter and Gamble
1430,E000895,JENNIFER,GARCIA,2001-10-05,365-11-9414,jennifer.garcia895@example.com,2647 Hernandez St,Phoenix,AZ,85001,United Parcel Sevice
1431,E000896,Robert,Miller,,479-41-7852,robert.miller896@example.com,7600 Williams St,Austin,TX,78701,Johnson and Johnson
1432,E000897,BARBARA,GONZALEZ,1976-05-14,633-39-6000,barbara.gonzalez897@example.com,1524 Jones St,Denver,CO,80302,Procter & Gamble
1433,E000897,Barbara,GONZALEZ,1976-05-14,633-39-6001,barbara.gonzalez897@example.com,1524 Jones St,Denver,CO,80202,Prcter & Gamble
1434,E000897,BARBARA,,1976-05-14,633-39-6000,barbara.gonzalez897@example.com,1524 Jones St,Denver,CO,80202,Procter and Gamble
1435,E000897,Barbara,Gonzalez,1976-05-14,633-39-6000,barbara.gonzalez897@example.com,1524 Jones St,Denver,CO,80202,Procter and Gamble
1436,E000898,Daid,WILSON,1950-02-24,,david.wilson898@example.com,9525 Smith St,Durham,NC,27701,General Electric
1437,E000899,Elizabeth,Rodriguez,1841-07-22,620-27-8858,elizabeth.rodriguez899@example.com,8256 Rodriguez St,Denver,CO,80202,General Electric
1438,E000900,Richard,SMITH,,,richard.smith900@example.com,,Greensboro,NC,27401,I.B.M.
1439,E000900,Richard,Smith,1940-62-14,819-78-6653,,4101 Lopez St,Greensboro,NC,27401,IBM Corp
1440,E000900,Rchard,SMITH,1940-12-14,,richard.smith900@example.com,,Greensboro,NC,27401,I.B.M.
1441,E000901,Josep,Williams,,959-27-9416,joseph.williams906@example.com,5888 Smith St,Greensboro,NC,27201,
1442,E000902,Jessica,MILLER,1987-02-11,795-41-9832,jessica.miller902@example.com,2031 Jones St,Charlotte,NC,28202,The Coca-Cola Company
1443,E000903,Jessica,Jones,1967-01-24,746-82-7449,jessica.jones503@example.com,3662 Anderson St,Austin,TX,78701,Coke
1444,E000904,Mary,Anderson,2002-01-12,,mary.anderson905@example.com,5482 Jones St,Denver,CO,80202,American Telephone and Telegraph
1445,E000904,MARY,ANDERSON,2002-01-12,106-88-8542,mary.anderson904@example.com,5482 Jones St,Denver,,80202,American Telephone and Telegraph
1446,E000904,Mary,Anderson,2002-01-12,106-88-8542,mary.anderson904@example.com,5482 Jones St,Denver,CO,80202,American Telephone & Telegraph
1447,E000904,MARY,Anderson,2002-01-12,106-88-8542,mary.anderson904@example.com,5482 Jones St,Denver,CO,80202,AT&T
1448,E000905,PATRICIA,Smith,1963-07-12,109-22-8058,patricia.smith905@example.com,8161 Brown St,Dallas,TX,75201,General Electric
1449,E000906,Robert,Miller,2002-01-05,,robert.miller906@example.com,3804 Davis St,Durham,NC,27701,Proter & Gamble
1450,E000907,Barbara,Jones,1994-03-18,931-44-2780,barbara.jones107@example.com,7285 Hernandez St,Dallas,TX,75201,Johnson and Johnson
1451,E000907,Barbara,,1994-03-18,931-44-2780,barbara.jones907@example.com,7285 Hernandz St,Dallas,TX,75201,
1452,E000908,JENNIFER,WILLIAMS,1995-01-12,991-35-2813,jennifer.williams908@example.com,3205 Jones St,Dallas,TX,75201,
1453,E000909,Robert,Miller,1982-01-06,782-35-8852,robert.miller919@example.com,4454 Johnson St,Phoenix,,85001,Procter and Gamble
1454,E000909,Roert,Miller,1982-01-06,782-35-8852,robert.miller909@example.com,4454 Johnson St,Phoenix,AZ,85001,P and 
1455,E000909,ROBERT,Miller,1982-01-06,782-35-8852,robert.miller909@example.com,4454 Johnson St,Phoenix,AZ,,Procter & Gamble
1456,E000910,Jessica,RODRIGUEZ,1956-06-25,882-61-9222,jessica.rodriguez910@example.com,6470 Williams St,Denver,CO,80202,General Electric
1457,E000910,Jessica,Rodriguez,1456-06-25,882-61-9222,,6470 Williams St,Denver,CO,80202,General Electric
1458,E000911,Patricia,Gonzalez,1956-03-12,,patricia.gonzalez911@example.com,,Raleigh,NC,27601,American Telephone & Telegraph
1459,E000911,Patricia,GONZALEZ,1956-03-12,612-11-4874,patricia.gonzalez911@example.com,952 Hernandez St,Raleigh,NC,27601,A T and T
1460,E000912,Susan,MARTINEZ,1995-08-10,,,7127 Brown St,Raleigh,NC,27601,U.P.S.
1461,E000912,Sue,Martinez,1995-08-10,388-72-2353,susan.martinez912@example.com,7127 Brown St,Raleigh,NC,27601,UPS Inc
1462,E000912,Susa,MARTINEZ,1975-08-10,388-72-2353,susan.martinez912@example.com,,Raleigh,NC,27601,UPS
1463,E000913,JENNIFER,BROWN,1954-05-23,353-95-8031,jennifer.brown913@example.com,3350 Davis St,Austin,TX,78701,General Electric
1464,E000913,Jennifer,Brown,1954-05-23,353-95-8031,jennifer.brown913@example.com,3350 Davis St,Austin,TX,78701,G.E.
1465,E000913,JENNIFER,,1954-05-23,353-95-8031,jennifer.brown913@example.com,3350 Davis St,Austin,TX,78701,General Electric
1466,E000913,Jennifer,BROWN,1954-05-23,353-95-8031,jennifer.brown913@example.com,3350 Davis St,Austin,TX,78701,General Electric
1467,E000914,JENNIFER,Brown,1969-02-05,510-14-5486,jennifer.brown914@example.com,3248 Anderson St,Charlotte,NC,28202,United Parcel Service
1468,E000915,SUSAN,Smith,1951-01-13,517-77-6020,susan.smith915@example.com,381 Brown St,Greensboro,NC,27401,ATT
1469,E000916,SUSAN,DVIS,1994-11-02,411-24-5411,susan.davis916@example.com,6056 Jones St,Raleigh,NC,27601,American Telephone & Telegraph
1470,E000916,Sue,Davis,1994-11-02,411-24-5411,susan.davis916@example.com,6056 Jons St,Raleigh,NC,27901,
1471,E000917,Susan,Brown,1946-03-02,,susan.brown917@example.com,3573 Jones St,Dallas,TX,78701,
1472,E000918,Bill,,1995-03-09,603-56-6476,,5086 Johnson St,Durham,NC,27701,GE
1473,E000918,WILLIAM,ANERSON,1995-03-09,,william.anderson918@example.com,,Durham,NC,27701,General Electric
1474,E000919,JAMES,Hernandez,1982-06-24,,james.hernandez919@example.com,618 Brown St,,NC,28202,Coca-Cola Co
1475,E000920,MICHAEL,MARTINEZ,1951-02-05,,,772 Martinez St,Phoenix,AZ,85001,Federal Express
1476,E000921,Mike,LOPEZ,1952-02-18,733-53-5939,,7869 Gonzalez St,Denver,CO,80202,Fed Ex
1477,E000921,MICHAEL,Lopez,1952-02-18,733-53-5939,michael.lopez921@example.com,7869 Gonzalez St,Denver,CO,80202,Federal Express
1478,E000922,Robert,Smith,,,robert.smith922@example.com,6096 Davis St,Charlotte,NC,28202,GE
1479,E000923,Susan,Johnson,1993-09-17,909-12-3735,,9916 Jones St,Denver,CO,80202,United Parcel Service
1480,E000924,,Smith,1964-12-27,507-73-9723,elizabeth.smith924@example.com,8512 Johnson St,Raleigh,NC,27601,United Parce Service
1481,E000924,ELIZABETH,Smith,,,elizabeth.smith920@example.com,8512 Johnsn St,Raleigh,NC,27601,U.P.S.
1482,E000924,Elizbeth,Rodriguez,1964-12-27,507-73-9723,elizabeth.smith924@example.com,8512 Johnson St,Raleigh,NC,27601,UPS Inc
1483,E000925,JOE,Gonzalez,1989-07-20,378-36-4015,joseph.gonzalez925@example.com,158 Williams St,Phoenix,AZ,85001,Fed Ex
1484,E000926,JAMES,Anderson,1973-05-28,,james.anderson926@example.com,9146 Johnson St,Denver,CO,80202,United Parcel Service
1485,E000926,JAMES,Anderson,1973-05-28,,james.anderson986@example.com,,,,80202,
1486,E000926,Jim,Anderson,1973-05-28,325-47-5399,,146 Johnson St,Denver,CO,80202,
1487,E000927,Linda,Smith,1977-01-21,,linda.smith927@example.com,4530 Wilson St,,NC,27401,
1488,E000928,,Wilson,1954-01-21,455-90-7047,,5417 Johnson St,Greensboro,NC,27401,The Coca-Cola Company
1489,E000928,LINDA,ILSON,1954-01-21,455-90-7047,linda.wilson928@example.com,5417 Johnson St,Greensboro,NC,27401,Coca Cola
1490,E000929,Robert,Miller,1981-01-21,935-19-6824,,3692 Lopez St,Austin,TX,78701,Coca Cola
1491,E000930,Jennifer,Jones,1953-12-24,804-58-5216,jennifer.jones930@example.com,6095 Smith St,Raleigh,NC,27601,J and J
1492,E000930,Jennifer,Jones,1953-12-24,804-58-5216,jennifer.jones930@example.com,9125 Brown St,Raleigh,NC,27601,J and J
1493,E000931,Linda,Garci,,,linda.garcia931@example.com,7408Brown St,Austin,TX,78701,
1494,E000932,BARBARA,Williams,1951-08-06,570-33-3885,barbara.williams932@example.com,3194 Mrtinez St,Denver,CO,80202,Johnson and Johnson
1495,E000933,JENNIFER,Hernandez,,281-60-4076,jennifer.hernandez933@example.com,1237 Willims St,Austin,TX,78701,GeneralElectric
1496,E000934,Ssie,Brown,1991-02-24,639-27-1193,susan.brown934@example.com,,Denver,CO,80202,P&G
1497,E000935,Richard,Williams,1941-11-02,235-41-2349,richard.smith935@example.com,4485 Williams St,Durham,NC,27701,International Business Machines
1498,E000936,JAME,Gonzalez,1983-12-03,,james.gonzalez936@example.com,9321 Anderson St,Durham,NC,27701,Johnson and Johnson
1499,E000936,James,Gonzalez,1983-12-03,307-27-8871,james.gonzalez936@example.com,,Durham,NC,27701,Johnson & Johnson
1500,E000936,JIMMY,Gonzalez,,307-27-8871,james.gonzalez936@example.com,9321 Anderson St,Durham,NC,27701,
1501,E000937,Jennifer,Jnes,2001-03-08,157-79-5382,,9006 Johnson St,Dallas,TX,75201,IBM Corp
1502,E000937,Jennifer,Brown,,157-79-5382,jennifer.jones937@example.com,9006 Johnson St,Dallas,TX,75201,International BusinessMachines
1503,E000938,Mary,Johnson,1953-09-27,525-28-1019,mary.johnson938@example.com,3775 Smith St,Austin,TX,78701,Fed Ex
1504,E000939,usan,Miller,1985-11-10,331-97-7303,,1941 Davis St,Charlotte,NC,28202,U.P.S.
1505,E000940,Patricia,BROWN,1976-06-03,730-52-2939,patricia.brown940@example.com,6006 Anderson St,Durham,NC,27701,G.E.
1506,E000940,Patricia,Brown,,730-52-2939,,6006 Anderson St,Durham,NC,27701,GE
1507,E000941,Mary,Martinez,1962-07-17,442-86-3971,,7067 Williams St,Charlotte,NC,28202,The Coca-Cola Company
1508,E000942,Elizabeth,Garcia,1974-08-22,477-43-2251,,13 Wilson St,Durham,NC,27701,UPS Inc
1509,E000943,Robert,Garcia,1989-08-24,915-71-2102,robert.garcia933@example.com,1954 Martinez St,Charlotte,NC,28202,Procter and Gamble
1510,E000943,Robert,Garcia,1989-08-24,,robert.garcia943@example.com,1954 MartinezSt,Charlotte,NC,28202,Procter & Gamble
1511,E000944,William,Williams,1981-03-06,885-59-6777,,5331 Davis St,Durham,NC,27701,Procter & Gamble
1512,E000944,WILL,Williams,1981-03-06,885-59-6777,william.williams944@example.com,5331 Davis St,Durham,NC,27701,Procter and Gamble
1513,E000944,WILL,Williams,1981-03-06,,william.williams944@example.com,5331 Davis St,Durham,NC,27701,P&G
1514,E000944,William,Williams,1981-03-09,885-59-6977,william.williams344@example.com,5331 DavisSt,Durham,NC,27901,rocter and Gamble
1515,E000945,Jessica,Lpez,1982-03-26,769-41-7278,jessica.lopez945@example.com,6959 Rodriguez St,Phoenix,AZ,85001,Johnson and Johnson
1516,E000945,Jessica,Lopez,1982-03-26,769-41-7278,jessica.lopez945@example.com,6959 Rodriguez St,Phoenix,AZ,,Johnson and Johnson
1517,E000945,Jessica,Lopez,1982-03-26,769-41-7278,jessica.lopez945@example.com,6959 Rdriguez St,Phoenix,AZ,85001,Johnson and Johnson
1518,E000946,Jessic,Rodrigue,1989-02-19,832-63-9633,jessica.rodriguez946@example.com,9567 Gonzalez St,Greensboro,NC,27401,Federal Express
1519,E000947,JOHN,BROWN,1940-04-28,117-56-8764,,2288 Anderson St,Dallas,TX,75201,G.E.
1520,E000947,JON,BROWN,1940-04-28,117-56-8764,john.brown947@example.com,2288 Anderson St,Dallas,TX,75201,General Electric
1521,E000948,Mary,Anderson,1986-03-10,571-28-7898,mary.anderson948@example.com,4073 Brown St,Dallas,TX,75201,Federal Express
1522,E000948,MARY,Anderson,1986-03-10,571-28-7898,,4073 Brown St,Dallas,TX,75201,Federal Express
1523,E000949,Mary,Lopez,1955-12-23,,,7058 Garcia St,Charlotte,NC,28202,International Business Machines
1524,E000949,MARY,Lopez,1955-12-23,246-58-1431,mary.lopez949@example.com,7058 Gacia St,Charlotte,NC,28202,International Business Machines
1525,E000950,Patricia,Hernandez,2006-10-28,,patricia.hernandez950@example.com,,Durham,NC,27701,G.E.
1526,E000951,Linda,Johnson,1993-03-25,,linda.johnson951@example.com,8741 Lopez St,Raleigh,NC,27601,Coca-Cola Co
1527,E000951,Linda,JOHNSON,1993-03-25,286-70-3295,linda.johnson951@example.com,8741 LopezSt,Raleigh,NC,,The Coca-Cola Company
1528,E000951,Lida,Johnson,,,,8741 Lopez St,,NC,27601,Coke
1529,E000952,JESSICA,Miller,1996-11-23,113-46-2822,jessica.miller952@example.com,,Dallas,TX,75201,International Business Machines
1530,E000952,Jessica,MILLER,1996-11-23,113-46-2822,jessica.miller952@example.com,2654 Smith St,Dallas,TX,75201,I.B.M.
1531,E000953,JENNIFER,Rodriguez,1941-07-27,,jennifer.rodriguez953@example.com,9179 Lopez St,Charlotte,NC,28202,Coke
1532,E000954,Elizabeth,Lopez,1994-03-09,194-76-7185,elizabeth.lopez954@example.com,2150 Lopez St,Greensboro,NC,27401,Federal Express
1533,E000955,Richard,Martinez,1968-07-06,942-81-2264,richard.martinez955@example.com,7774 Davis St,Raleigh,NC,27601,Aerican Telephone and Telegraph
1534,E000955,RICHARD,Martinez,1968-07-06,,richard.martinez955@example.com,7774 Davis St,Raleigh,NC,27601,AT&T
1535,E000955,Richard,Martinez,1968-07-06,942-81-2264,richard.martinez955@example.com,7774 Davis St,Raleigh,NC,27601,American Telephone & Telegraph
1536,E000956,Richard,WILSON,1961-01-26,480-92-7950,richard.wilson956@example.com,3290 Jones St,Phoenix,AZ,85001,General Electric
1537,E000957,ATRICIA,Johnson,1982-01-08,388-30-9873,patricia.johnson957@example.com,1844 Johnson St,Dallas,TX,75201,Federal Express
1538,E000958,JAMES,GONZALEZ,1964-09-07,753-14-4937,james.gonzalez958@example.com,,Austin,TX,,International Business Machines
1539,E000959,Jessica,Smith,,108-55-5626,jessica.smith959@example.com,,Raleigh,NC,27601,Federal Express
1540,E000960,David,GONZALEZ,1985-03-23,790-22-6428,david.gonzalez960@example.com,6772 Anderson St,Phoenix,AZ,25001,
1541,E000961,Robert,SMITH,2001-10-28,972-14-5753,,2741 Williams St,Phoenix,AZ,,J&J
1542,E000961,Bob,SMITH,2001-10-28,972-14-5753,robert.smith961@example.com,2741 Williams St,Phoenix,AZ,85001,J and J
1543,E000962,John,ANDERSON,1969-04-26,,,2738 Rodrigez St,Durham,NC,27701,American Telephone & Telegraph
1544,E000963,JOSEPH,Gonzalez,1983-05-12,738-65-1655,joseph.gonzalez963@example.com,6450 Brown St,Charlotte,NC,28202,Federal Express
1545,E000964,John,Williams,,884-49-9964,,1528 Davis St,Denver,CO,80202,
1546,E000965,Joseph,Garcia,1977-03-03,,joseph.garcia965@example.com,5889 Johnson St,Charlotte,NC,28202,General Eletric
1547,E000965,Joe,Garcia,1977-03-03,,,5889 Johnson St,Charlotte,NC,28202,General Electric
1548,E000966,JEN,Lopez,1973-08-09,881-66-3301,jennifer.lopez966@example.com,2131 Martinez St,Denver,CO,80202,Johnson and Johnso
1549,E000966,Jnny,LOPEZ,1973-08-09,881-66-3301,jennifer.lopez966@example.com,2131 Martinez St,Denver,CO,80202,J&J
1550,E000966,Jenifer,Lopz,1973-08-09,,jennifer.lopez966@example.com,2131 Martinez St,Denver,CO,80202,J&J
1551,E000967,Mary,GARCIA,1991-07-28,,mary.garcia967@example.com,7322 Garcia St,Austin,TX,78701,
1552,E000967,Mary,Garcia,1991-07-28,734-97-3113,mary.garcia960@example.com,7322 Garcia St,Austin,TX,78701,ATT
1553,E000968,Barbara,Johnson,1997-05-22,143-89-1934,,4111 Lopez St,Phoenix,AZ,85001,IBM
1554,E000969,Rob,WILSON,,683-61-2195,robert.wilson969@example.com,375 Miller St,Durham,NC,27701,Johnson and Johnson
1555,E000969,Robert,Wilson,1997-10-08,683-61-2195,robert.wilson969@example.com,3754Miller St,Durham,NC,27701,J and J
1556,E000969,ROBERT,Wilson,1977-07-06,683-61-2195,robert.wilson969@example.com,3754 Miller St,Durham,NC,27701,Johnson & Johnson
1557,E000970,JOHN,GARCIA,1999-11-18,937-69-2287,john.garcia970@example.com,1506 Williams St,Denver,CO,80202,General Electric Co
1558,E000970,John,Garcia,1999-11-18,937-69-2787,john.garcia970@example.com,8828 Gozalez St,Denver,CO,83202,G.E.
1559,E000971,Richard,Gonzalez,1965-07-11,166-50-6610,richard.gonzalez971@example.com,8067 Brown St,Phoenix,AZ,85001,Johnson & Johnson
1560,E000971,Richard,Gonzalez,1965-07-11,,richard.gonzalez972@example.com,8067 Brown St,Phoenix,AZ,85001,Johnson and Johnson
1561,E000972,Patricia,Jones,1944-09-05,581-28-4497,patricia.jones972@example.com,5345 Martinez St,Denver,CO,80202,International Business Machines
1562,E000972,Ptricia,Johnson,1944-09-05,581-28-4497,patricia.jones972@example.com,5345 Martinez St,Denver,CO,80202,International Business Machines
1563,E000973,Richad,Smith,1995-08-07,,,7029 Jones St,Dallas,TX,75201,The Coca-Cola Company
1564,E000974,Jennifer,Johnson,1948-05-13,183-48-8396,jennifer.johnson974@example.com,,Charlotte,NC,28202,Federal Epress
1565,E000974,Jenny,Johnson,1948-05-13,,jennifer.johnson974@example.com,6976 Rodriguez St,Charlotte,NC,28202,Federal Express
1566,E000975,William,WILLIAMS,1951-07-11,871-48-3695,,3353 Garcia St,Raleigh,NC,27601,Procter & Gamble
1567,E000975,William,Williams,1951-07-11,,william.williams975@example.com,3353 Garcia St,Raleigh,NC,78701,Procter and Gamble
1568,E000975,William,Williams,1951-07-11,871-48-3695,william.williams975@example.com,3353 Garcia St,Raleigh,NC,27601,Procter & Gamble
1569,E000976,Jessica,Davis,1995-06-23,684-59-1162,jessica.davis576@example.com,9289 Gonzalez St,Charlotte,NC,75201,Fed Ex
1570,E000977,Johnny,Lopez,1981-11-27,851-50-1232,john.lopez977@example.com,2565 Andeson St,Charlotte,NC,28202,Johnson & Johnson
1571,E000977,ohn,Lopez,1981-11-27,851-50-1232,,2565 Anderson St,Charlotte,NC,28202,Johnson & Johnson
1572,E000977,JOHN,LOPEZ,1981-11-27,851-50-1232,john.lopez977@example.com,2565 Anderson St,Charlotte,NC,28202,Johnson and Johnson
1573,E000978,ROBERT,Davis,1954-11-14,,,7481 Wilson St,Dallas,TX,75201,UPS Inc
1574,E000978,ROBERT,Davis,1954-11-14,369-76-1060,robert.davis978@example.com,,Dallas,TX,75201,
1575,E000978,Bobby,Davis,,369-76-1060,robert.davis978@example.com,7481 Wilson St,Dallas,TX,75201,UPS Inc
1576,E000979,Joseph,Hernandez,1944-04-24,,joseph.hernandez979@example.com,2821 Martinez St,Durham,NC,27701,Procter & Gamble
1577,E000979,Joseph,Hernandez,1944-04-24,,joseph.hernandez979@example.com,,Durham,NC,29701,Procter & Gamble
1578,E000979,Joseph,HERNANDEZ,1944-04-24,,joseph.hernandez979@example.com,2821 Martinez St,Durham,NC,27701,
1579,E000980,Michael,Garcia,1964-11-19,,,365 Jones t,Greensboro,NC,27401,Coke
1580,E000981,PATRCIA,Wilson,1998-07-14,460-55-9887,,7077 Rodriguez St,Denver,CO,80202,American Telephone and Telegraph
1581,E000982,PATRICIA,ANDERSON,1998-07-12,289-80-3664,patricia.anderson982@example.com,8992 Miller St,Charlotte,NC,28202,Procter and Gamble
1582,E000982,Patricia,ANERSON,1998-07-12,281-80-3664,patricia.anderson982@example.com,8992 Miller St,Charlotte,NC,28202,P&G
1583,E000983,ELIZABETH,Wilson,1976-42-20,,elizabeth.wilson983@example.com,1800 Johnson St,Phoenix,AZ,85001,I.B.M.
1584,E000983,Elizabeth,Wilson,1976-12-20,987-22-2435,elizabeth.wilson983@example.com,1800 Johnson St,Phoenix,AZ,85001,IBM Corp
1585,E000983,Beth,Wilson,1976-12-20,977-22-2435,elizabeth.wilson983@example.com,1800 Johnson St,Phoenix,AZ,85001,International Business Machines
1586,E000984,Susie,Johnson,1952-11-15,,susan.johnson984@example.com,4849 Wilson St,Denver,CO,80202,Procter & Gamble
1587,E000984,Suan,Johnson,1952-11-15,615-84-1534,susan.johnson984@example.com,4849 Wilson St,Denver,CO,80202,Procter and Gamble
1588,E000985,Michael,Brown,1988-02-07,976-70-3038,michael.brown985@example.com,844 Gonzalez St,Denver,CO,80202,Jonson & Johnson
1589,E000985,Michael,Brown,4988-02-07,976-70-3038,michael.brown985@example.com,5844 Gonzalez St,Denver,CO,80902,Johnson & Johnson
1590,E000986,SUSAN,Andeson,1940-06-26,329-74-5646,susan.anderson986@example.com,4484 Anderson St,Phoenix,AZ,85001,The Coca-Cola Company
1591,E000986,Susan,Anderson,1940-06-26,329-74-5646,susan.anderson986@example.com,4484 Anderson St,Phoenix,AZ,85001,The Coca-Cola Company
1592,E000986,Susan,Anderson,1940-06-26,329-74-5646,susan.anderson986@example.com,4484 Andersn St,Phoenix,AZ,78701,Coca-Cola Co
1593,E000986,SUE,ANDERSON,1940-06-26,329-74-5646,susan.anderson986@example.com,4484 Anderson St,Phoenix,AZ,85001,The Coca-Cola Company
1594,E000987,Elizabeth,Wilson,1970-01-14,,elizabeth.wilson987@example.com,2612 Gonzalez St,Phoenix,AZ,85001,A T and T
1595,E000988,DAV,GARCIA,1995-04-18,500-34-7444,david.garcia988@example.com,945 Gonzalez St,Charlotte,NC,28202,P and G
1596,E000989,Robert,Hernandez,1962-07-11,629-30-8166,robert.hernandez989@example.com,3884 Johnson St,Phoenix,AZ,85001,UPS Inc
1597,E000990,Patricia,Hrnandez,1973-09-06,430-36-2527,patricia.hernandez990@example.com,1628 Smith St,Phoenix,AZ,85001,Procter and Gamble
1598,E000990,PATICIA,HERNANDEZ,1973-09-06,,patricia.hernandez990@example.com,1628 Smith St,Phoenix,AZ,85001,Procter & Gamble
1599,E000991,Jim,Hernandez,1943-10-23,656-20-7265,james.hernandez991@example.com,514 Lopez S,Charlotte,NC,,U.P.S.
1600,E000992,Joseph,Hernandez,1963-04-21,327-48-4175,joseph.hernandez992@example.com,8872 Wilson St,Dallas,TX,75201,FedEx
1601,E000992,Joseph,HERNANDEZ,1963-64-21,327-48-4175,joseph.hernandez992@example.com,8872 Wilson St,Dallas,TX,75201,Federal Express
1602,E000993,Richard,Gonzalez,1946-05-03,247-90-1379,richard.gonzalez993@example.com,9592 Wilson St,Austin,TX,78701,General Electric
1603,E000993,Richard,Gonzalez,1946-05-03,247-90-1379,richard.gonzalez993@example.com,9592 Wilson St,Austin,TX,78701,General Electric
1604,E000994,Patricia,Davis,1953-03-10,368-33-2520,patricia.davis994@example.com,1367 Davis St,Durham,NC,27801,American Telephone and Telegraph
1605,E000994,PATRICIA,Davis,1953-03-10,368-33-2520,patricia.davis994@example.com,1367 Davis St,Durham,NC,27701,American Telephone and Telegraph
1606,E000994,Patricia,Davis,1953-03-10,,patricia.davis994@example.com,1367 Davis St,Durham,NC,27701,American Telephone and Telegraph
1607,E000995,Mike,Miller,2002-01-14,175-72-2250,michael.miller995@example.com,3545 HernandezSt,Durham,NC,27701,Procter and Gamble
1608,E000995,MIKEY,MILER,2002-01-14,,michael.miller995@example.com,3545 Hernandez St,Durham,NC,27701,Procter and Gamble
1609,E000996,RICHARD,Anderson,1997-03-06,405-11-3927,,9394 Hernandez St,Dallas,TX,75201,IBM
1610,E000996,RICHARD,ANDERSON,1997-03-06,,,9394 Hernandez St,Dallas,TX,75201,I.B.M.
1611,E000997,PATRICIA,Garcia,2001-10-20,659-10-3595,patricia.garcia997@example.com,8648 Lopez St,Dallas,TX,75201,Coca Cola
1612,E000997,PTRICIA,GARCIA,2001-10-20,659-10-3295,patricia.garcia697@example.com,8648 Lopez St,Dallas,TX,75201,The Coca-Cola Company
1613,E000998,Patricia,Brown,1942-09-17,879-29-4543,patricia.brown958@example.com,6078 Johnson St,Raleigh,NC,27601,Federal Express
1614,E000998,PATRICIA,Brown,1942-09-17,879-29-4543,patricia.brown998@example.com,6078 Johnson St,Raleigh,NC,27601,FedEx
1615,E000999,JAMES,Garcia,,808-26-5384,james.garcia999@example.com,4583 Davis St,Charlotte,NC,28202,Federal Express
1616,E000999,JIMMY,,1968-02-24,808-26-5384,james.garcia999@example.com,,Charlotte,NC,,Federal Express Corp
